net,length_um
_13270_,896.52
_10772_,889.13
_13264_,883.01
_10751_,855.67
_13257_,820.26
_00005_,775.28
_13299_,747.12
_09323_,740.16
_09434_,721.05
_13247_,719.22
_07822_,718.42
_10918_,692.655
net4,692.59
_10794_,675.885
_00004_,671.03
_10790_,661.35
_10731_,660.13
_10875_,651.86
_09439_,645.27
_09424_,644.215
_09301_,638.235
_10863_,631.975
_10978_,628.74
_05302_,628.43
_11568_,617.59
_10868_,616.04
_10870_,614.275
clknet_5_17__leaf_clk,612.49
_09400_,610.55
_12905_,604.93
_13252_,600.64
_09336_,599.115
_10947_,597.17
_09407_,595.85
_10878_,594.58
clknet_5_8__leaf_clk,593.29
clknet_5_6__leaf_clk,590.36
_12904_,589.06
_09404_,587.18
_10117_,584.98
_10115_,582.82
_09422_,581.29
_10756_,580.07
_09428_,579.62
_09437_,579.06
clknet_5_24__leaf_clk,577.375
_11539_,570.62
net1,569.77
_05942_,563.12
clknet_0_clk,560.91
_06019_,559.97
_12879_,558.81
_13431_,556.95
_04787_,554.74
_13241_,552.44
_13377_,551.455
_11517_,551.28
_07261_,549.39
_07081_,544.6
_05961_,543.02
_13304_,541.96
_10033_,541.49
_10204_,540.935
_10108_,540.67
_10798_,539.56
_10109_,538.29
_08045_,536.94
_04799_,536.46
_09425_,535.66
_11515_,534.5
_13381_,533.725
_04798_,533.62
_07805_,533.12
_11521_,533.09
clknet_5_12__leaf_clk,532.96
_13251_,532.63
clknet_5_27__leaf_clk,531.46
_11527_,530.25
_12869_,527.005
_12895_,526.98
_12794_,525.68
_13434_,524.06
clknet_5_18__leaf_clk,523.79
_12430_,522.695
_13303_,522.555
_11543_,520.205
_08054_,519.52
_09983_,515.23
_10202_,512.57
_10825_,512.27
clk,511.46
_10788_,511.255
_09396_,510
clknet_5_10__leaf_clk,508.2
_09464_,508.13
clknet_5_5__leaf_clk,507.92
_10743_,506.52
_08039_,506.43
_13293_,505.7
_12785_,502.54
_09391_,502.48
_09430_,501.95
_07789_,501.52
_07260_,500.4
_09461_,499.91
_09330_,497.25
_13598_,497.22
_13320_,490.99
clknet_5_14__leaf_clk,489.71
_12982_,489.45
_11512_,488.64
_07270_,487.83
_10755_,487.66
_00008_,487.64
_12780_,486.2
_10799_,485.705
_10597_,485.36
_09663_,484.96
_11537_,484.62
clknet_5_28__leaf_clk,483.36
_09476_,483.22
_11519_,481.86
clknet_5_9__leaf_clk,481.18
_07218_,481.03
_07208_,480.49
_12764_,478.82
_09312_,477.5
_10835_,474.25
_09456_,474.14
_10113_,473.67
_06254_,473.44
_09409_,472.4
clknet_5_3__leaf_clk,471.45
_08038_,470.76
_04423_,469.38
clknet_5_13__leaf_clk,469.05
_05831_,468.93
_10646_,468.89
_10086_,467.775
_13368_,466.895
_10831_,466.52
_07251_,466.37
_11541_,465.695
_09759_,465.29
_06091_,464.8
_09856_,464.405
_07224_,464.09
_10105_,462.06
_12500_,461.36
_06066_,460.97
_08044_,460.93
_06073_,460.7
_09432_,460.13
_08050_,459.27
_04427_,459.25
_04617_,458.59
_00002_,457.49
_12803_,456.625
_08053_,456.33
_07235_,455.88
_06086_,455.56
_12878_,455.43
_09547_,454.91
clknet_5_25__leaf_clk,454.78
_10240_,454.37
_12795_,453.18
_09763_,452.31
_10645_,452.04
_07262_,451.5
_07448_,450.38
_06055_,450.35
_09395_,450.21
_10746_,448.94
_09858_,447.96
clknet_2_2_0_clk,445.95
_08035_,445.91
clknet_5_15__leaf_clk,445.91
_12864_,445.395
_12880_,444.9
clknet_5_11__leaf_clk,444.61
clknet_2_0_0_clk,443.56
_09769_,442.36
_06324_,441.63
_11529_,440.33
_11535_,439.76
u_cpu.pcpi_rs1\[19\],439.735
_10132_,439.34
_09935_,439.17
_04547_,438.99
_09619_,438.37
_13258_,438.06
_12868_,437.96
_07461_,437.2
clknet_2_1_0_clk,437.19
_07460_,436.5
cpu_mem_rdata\[29\],436.17
_09588_,436.11
_13227_,436.005
_09664_,434.4
_14006_,434.19
_12657_,433.68
_13295_,433.12
_13223_,431.79
_09314_,431.42
_12763_,430.355
_12787_,430.03
_09412_,429.61
_13453_,428.895
_07265_,427.43
_09415_,426.14
_09294_,426.075
_12779_,425.99
clknet_2_3_0_clk,425.98
_13281_,425.38
_12786_,425.17
clknet_5_26__leaf_clk,423.63
_11057_,423.34
_09883_,422.11
_09418_,420.05
_12731_,419.52
_07269_,418.8
_09427_,418.79
_12739_,417.61
_08041_,417.215
_11545_,417.1
_11556_,415.87
_10281_,415.62
_13464_,414.72
_09649_,414.375
clknet_5_29__leaf_clk,413.62
_09290_,413.53
_10152_,413.3
_09771_,413.11
_07416_,412.91
_09509_,411.67
_07207_,409.36
_09436_,409.345
_07248_,408.96
_04681_,408.17
_13210_,407.54
clknet_5_4__leaf_clk,406.49
_09004_,405.72
_10641_,404.94
clknet_5_19__leaf_clk,404.84
_11340_,404.41
_06246_,403.03
_11533_,402.85
_10244_,401.88
_06021_,401.75
_09889_,401.57
_11553_,401.52
_10138_,401.17
_11032_,400.88
_11029_,400.82
net4887,400.775
_11549_,399.135
clknet_5_7__leaf_clk,398.97
cpu_mem_rdata\[27\],398.71
_10648_,398.54
_06241_,398.49
clknet_5_16__leaf_clk,398.37
_09511_,397.14
_12906_,396.77
_09996_,396.71
_04687_,394.07
clknet_5_2__leaf_clk,393.64
_13350_,393.4
_07267_,393.39
_12896_,393.23
_11525_,392.3
_05781_,391.865
_07058_,391.5
_11470_,389.42
_05329_,388.92
_11059_,388.92
_13312_,388.145
_06115_,388.005
_06060_,387.8
_12665_,387.54
_07238_,387.5
_05772_,387.17
_09621_,387.06
_13209_,386.425
_07217_,385.435
_11034_,385.19
_12281_,384.45
_13371_,384.34
_11053_,384
_12796_,384
_13454_,383.81
_09613_,383.49
_13228_,382.89
_07430_,382.88
_12799_,382.16
_12865_,382.02
_10021_,381.72
_10594_,381.295
_13456_,380.305
_11061_,378.28
_11055_,377.06
_07223_,376.92
_10614_,376.72
_05800_,376.58
_13266_,376.215
_13318_,376.06
_10782_,375.84
_07951_,374.65
_13225_,374.21
_11558_,373.86
_09767_,372.8
_11531_,372.56
_08027_,372.525
_07457_,372.3
_11465_,372.27
_13310_,372.1
clknet_5_30__leaf_clk,371.75
_09471_,371.3
_11338_,371.22
_13291_,370.65
_09419_,369.62
_12861_,369.59
_13233_,369.09
_12674_,368.64
_06997_,368.08
u_cpu.pcpi_rs1\[13\],368.06
_07209_,368.035
_07268_,367.395
_13331_,367.35
_10010_,366.655
_11063_,365.85
_07250_,365.815
clknet_5_31__leaf_clk,365.78
_09448_,365.28
_11318_,365.25
_13388_,365.05
_11472_,365.015
_09392_,364.98
_12404_,364.54
_07773_,364.53
_13289_,364.25
_10598_,364.08
_12802_,363.68
_12738_,363.24
_09966_,362.51
_07153_,362.44
_10767_,362.36
_11018_,362.25
_11701_,362.12
_11041_,362.04
_12656_,361.95
_09762_,360.94
_09373_,360.365
_11326_,359.83
_06888_,359.815
_04628_,359.69
_11694_,359.595
_07458_,358.64
_07234_,358.57
_12892_,358.22
_09662_,358.21
clknet_5_22__leaf_clk,357.24
_12981_,356.74
_13269_,356.64
_11917_,356.56
_10644_,356.18
_13235_,356.09
_10596_,355.735
_07225_,355.7
_10058_,355.62
_09636_,355.42
_10019_,355.375
_13326_,355.34
_10235_,355.17
cpu_mem_rdata\[30\],354.59
_06873_,354.36
_13300_,354.35
_06318_,354.265
_12735_,354.24
_08903_,354.09
_14228_,354.08
_11926_,353.82
_06080_,353.46
_11908_,353.1
_12784_,352.94
_09297_,352.92
_11688_,352.68
_10786_,352.52
_11562_,352.52
_09458_,352.49
_12730_,352.25
_09443_,352.025
_06230_,351.655
_06100_,351.62
_13242_,351.07
u_cpu.pcpi_rs1\[22\],350.73
_13316_,350.56
u_cpu.decoded_imm\[7\],350.48
_08032_,350.32
_07439_,350.17
_13402_,350.16
cpu_mem_rdata\[28\],349.95
_06148_,349.415
_11039_,349.315
_11566_,349.23
_12727_,348.88
_09468_,348.825
_11921_,348.5
_06235_,348.48
_11020_,348.42
_00047_,348.015
_06152_,347.91
_11328_,347.665
_07205_,347.03
_07049_,346.82
_09660_,346.58
_09657_,346.52
_12516_,346.28
_13280_,346.01
_12517_,345.72
_13206_,345.675
_12863_,345.31
_13463_,345.25
_09466_,345.18
_06225_,344.38
_11336_,344.24
_13427_,344.22
_11050_,344.06
_13236_,344.06
_13238_,344.03
_11906_,343.42
clknet_5_0__leaf_clk,343.375
_10129_,343.13
_07276_,342.72
_11043_,342.52
_13420_,342.15
_09455_,341.84
_06220_,341.71
_09460_,341.075
_10229_,341.055
net206,341.01
_13323_,340.92
_12894_,340.895
_08030_,340.34
_13286_,340.34
_14217_,339.955
_13344_,339.94
_12514_,339.61
_07232_,339.005
_09968_,338.66
_13271_,338.3
_07096_,338.16
_09308_,337.68
_11444_,337.62
_14334_,337.61
_12515_,336.61
_13311_,336.5
_06315_,336.23
u_cpu.decoded_imm\[21\],336.19
_07252_,335.69
_04731_,335.56
_13246_,335.54
_09408_,335.145
_13243_,335.13
_11924_,335.12
_11048_,334.41
_07162_,334.13
_14361_,333.88
_06112_,333.63
_12801_,333.14
_07383_,332.68
_11752_,332.22
_05907_,332.08
_13409_,331.79
_08010_,331.71
_10739_,331.35
_11560_,331.25
_07105_,330.92
_11498_,330.3
_10610_,330.23
_12669_,329.97
_05896_,329.93
u_cpu.pcpi_rs1\[25\],329.83
_09491_,329.58
_07097_,328.92
_08009_,328.49
_07271_,328.44
_09894_,328.26
_13383_,327.72
_11025_,327.61
_13327_,327.13
_11315_,326.84
_12377_,326.55
_14433_,325.44
_06849_,324.8
_14291_,324.78
_09806_,324.665
_13221_,324.46
_07775_,324.21
_13400_,323.85
_05888_,323.16
_13417_,322.92
_13392_,322.91
_05851_,322.855
_12711_,322.6
_09365_,322.56
net2466,322.52
_14162_,322.39
u_cpu.decoded_imm\[9\],322.315
_08260_,321.815
_06777_,321.22
net4492,321.2
_13387_,321.175
_12860_,320.76
_05905_,320.58
_11551_,320.49
_11547_,320.36
_06326_,320.26
_13963_,319.975
_05825_,319.64
_07123_,319.18
_09960_,319.04
_13278_,319.01
_10140_,319
_13273_,318.98
_07233_,318.4
_08029_,318.06
_14175_,317.975
net1931,317.96
net3246,317.83
_13380_,317.68
cpu_mem_rdata\[26\],317.49
u_cpu.decoded_imm\[12\],317.22
_13230_,317.14
u_cpu.decoded_imm\[17\],317.03
_05331_,316.78
_12681_,316.78
_07254_,316.58
_07229_,316.06
net4481,315.91
_13935_,315.71
_13268_,315.5
u_cpu.decoded_imm\[16\],315.02
_08015_,315
_08250_,314.89
_10736_,314.46
u_cpu.decoded_imm\[23\],314.46
_07114_,313.895
_12722_,313.69
net4484,313.5
_11045_,313.12
_06149_,312.92
_04559_,312.82
_07402_,312.77
_10654_,312.66
net4561,312.66
_13445_,312.62
_05924_,312.6
_13349_,312.43
_06985_,311.865
_09413_,311.39
_13309_,311.13
_09783_,310.99
net4334,310.82
_09898_,310.545
_09398_,310.52
_08031_,310.19
net4479,309.88
cpu_mem_rdata\[16\],309.7
_10220_,309.56
_07501_,308.95
_05295_,308.92
_12654_,308.64
_10611_,308.48
_07028_,308.205
_06197_,308.06
_13259_,308.06
net4449,307.8
_09444_,307.77
_07178_,307.2
_11707_,307.03
_13351_,307
_13964_,306.795
_13440_,306.745
_06870_,306.6
_13394_,306.58
_13936_,306.57
net4520,306.56
net4466,306.47
_12867_,306.42
_11180_,306.36
_09399_,306.16
_12718_,306.025
net1406,305.83
_06885_,305.16
u_cpu.decoded_imm\[13\],305.03
_13404_,304.795
net4488,304.66
_07131_,304.28
_04632_,304.17
_04706_,303.92
net4456,303.82
_13372_,303.35
_14218_,303.14
_12382_,303.1
_08005_,302.6
net4490,302.6
u_cpu.decoded_imm\[20\],302.43
_08011_,302.38
_07039_,302.3
net4720,302.2
_07352_,302.175
_07289_,301.89
net4475,301.825
_09838_,301.8
_12809_,301.675
_12712_,301.47
_07192_,301.36
u_cpu.decoded_imm\[19\],301.36
_06259_,301.09
_12876_,301
clknet_5_1__leaf_clk,301
_12843_,300.96
_11910_,300.92
_14215_,300.92
_12792_,300.78
u_cpu.decoded_imm\[10\],300.72
net4565,300.52
_10007_,300.38
_05719_,300.04
_06010_,300.04
net4646,300
_08012_,299.84
u_cpu.latched_rd\[0\],299.77
_10184_,299.75
_12668_,299.3
_13446_,299.16
_06875_,298.92
_13343_,298.865
clknet_5_20__leaf_clk,298.5
_13364_,298.42
_12700_,298.22
_10134_,297.96
_13231_,297.84
_07311_,297.82
_09394_,297.31
_13411_,297.24
_14098_,297.16
_04715_,297.05
_07779_,297.02
_14019_,296.88
_12798_,296.7
_13335_,296.13
_12715_,296.05
_05337_,295.98
net4843,295.98
_13444_,295.79
u_cpu.decoded_imm\[8\],295.69
_08043_,295.42
_13442_,295.08
_13457_,295
_13390_,294.895
_13376_,294.555
_06378_,294.32
_13422_,294
_13426_,293.97
_06194_,293.53
u_cpu.latched_rd\[1\],293.22
_05934_,293.18
_05920_,293.06
_04529_,292.92
_11350_,292.82
_13253_,292.74
_13218_,292.52
_11564_,292.42
_07385_,292.34
_10659_,291.93
_08055_,291.76
_13360_,291.74
net1002,291.64
cpu_mem_rdata\[8\],291.56
_09374_,290.935
_05889_,290.38
_10867_,290.02
net4468,289.95
_07258_,289.4
_13397_,289.23
net5,289.23
_09423_,289.2
_06156_,288.7
_07115_,288.68
_13348_,288.62
_13334_,288.615
u_cpu.decoded_imm\[15\],288.515
_08013_,288.47
_13211_,288.285
_08059_,288.21
net4503,288.18
u_cpu.reg_pc\[11\],287.81
_09687_,287.7
_11844_,287.68
_07312_,287.56
_13284_,287.54
_14426_,287.48
_05845_,287.275
_04696_,287.25
_08018_,287.2
cpu_mem_rdata\[25\],287.19
_07222_,287.02
_10128_,286.92
_09450_,286.77
_13339_,286.675
_05929_,286.42
_08014_,286.34
net4621,286.28
net3977,286.2
_04697_,286.12
_07823_,285.93
u_cpu.decoded_imm\[24\],285.86
_14427_,285.845
net8,285.78
_12393_,285.62
_14279_,285.075
u_cpu.latched_rd\[3\],284.78
_12902_,284.395
_06715_,284.36
_08474_,284.35
_13340_,284.28
_12299_,284.14
_06878_,283.88
_13207_,283.8
u_cpu.latched_rd\[2\],283.78
_14170_,283.61
_13260_,283.38
_13443_,283.37
_13337_,283.23
_06330_,283.02
_10009_,283.01
_13333_,283.01
_04746_,282.98
_05334_,282.68
u_cpu.decoded_imm\[22\],282.48
_14350_,282.39
_07830_,282.38
_10004_,282.36
_13338_,282.2
_10744_,282.06
u_cpu.decoded_imm\[14\],282.015
net4700,281.95
_10651_,281.87
_05336_,281.66
_05808_,281.53
_14404_,281.52
_07138_,280.9
_11013_,280.84
_07211_,280.68
_08025_,280.68
_13361_,280.605
_05335_,280.24
_12776_,280.22
_13375_,280.09
_09387_,280.06
_09401_,279.91
_13205_,279.86
_10662_,279.6
_09320_,279.41
_13288_,279.33
_07282_,279.22
_14343_,278.955
u_cpu.decoded_imm\[27\],278.85
_12559_,278.66
_07068_,278.45
_13224_,278.43
_05718_,278.28
u_cpu.reg_pc\[2\],278.26
u_cpu.pcpi_rs2\[24\],278.08
_08626_,277.775
u_cpu.decoded_imm\[6\],277.67
_07246_,277.54
_06129_,277.44
_12855_,277.14
_05741_,277.12
net4650,276.16
_12740_,275.92
_06249_,275.45
_11022_,275.45
_14135_,275.45
_07149_,275.43
_13436_,275.22
_14419_,275.13
_09712_,275.09
_12965_,275.07
_12806_,275.06
_05316_,274.91
_13313_,274.725
_04405_,274.65
_08214_,274.58
_04786_,274.505
u_cpu.pcpi_rs2\[30\],274.11
_13933_,274.06
_05803_,274
_07787_,274
_06896_,273.855
_13435_,273.82
_10696_,273.34
clknet_5_21__leaf_clk,273.33
_12666_,273.3
net4886,273.165
_14034_,272.84
_05332_,272.46
_12433_,272.36
_11569_,271.96
_05333_,271.915
u_cpu.decoded_imm\[11\],271.79
_08024_,271.66
_13455_,271.62
_14388_,271.445
_06879_,271.44
_12691_,271.3
_08028_,271.12
_12840_,271.12
_06897_,270.76
_10077_,270.68
_09740_,270.59
_07219_,270.49
_12408_,270.4
_04698_,270.38
_05944_,270.33
_06362_,270.26
_09352_,270.21
_12385_,269.98
_13332_,269.96
_13342_,269.36
_13934_,269.36
_13315_,269.27
_13325_,269.24
_07781_,269.06
_14148_,268.97
_07467_,268.68
_13450_,268.54
_10038_,268.52
_08072_,268.38
_12848_,268.2
_14166_,268.165
_13996_,268.12
_06866_,268.06
_07498_,267.8
_06893_,267.735
_08026_,267.72
_11657_,267.71
u_cpu.decoded_imm\[25\],267.68
_13248_,267.57
net4657,267.52
_10742_,267.42
_08609_,267.255
_11891_,267.2
_00034_,266.865
_12572_,266.82
net837,266.8
_12714_,266.67
_13382_,266.64
u_cpu.reg_pc\[14\],266.64
net2900,266.64
_12667_,266.54
net653,266.53
_06901_,266.52
cpu_mem_rdata\[9\],266.355
u_cpu.mem_la_wdata\[7\],266.07
_07380_,265.88
_07245_,265.86
_14392_,265.82
_13432_,265.72
_08037_,265.7
_13285_,265.68
_10123_,265.52
_13357_,265.49
_12723_,265.48
_11691_,265.22
_05304_,265.155
_11798_,265.13
_06892_,265.06
u_cpu.decoded_imm_j\[11\],265.02
_06895_,264.84
u_cpu.reg_pc\[8\],264.41
cpu_mem_rdata\[19\],264.25
_06996_,264.14
u_cpu.reg_pc\[13\],264.14
_13378_,264.015
u_cpu.latched_rd\[4\],263.76
_12033_,263.43
_12756_,263.355
_06202_,262.88
_06189_,262.865
net2435,262.295
_08022_,262.22
_12852_,262.16
_10652_,262
_12862_,261.985
_08280_,261.94
_09910_,261.74
_12719_,261.4
_06891_,261.34
u_cpu.reg_pc\[19\],261.28
_07216_,261.01
_12778_,260.92
_12686_,260.82
_04712_,260.545
_14145_,260.43
_12428_,260.4
_05812_,260.245
_12561_,260.11
u_cpu.pcpi_rs2\[28\],260.04
net4876,260
_07247_,259.92
_13255_,259.8
_14196_,259.62
_05908_,259.11
_06350_,259.09
cpu_mem_rdata\[18\],258.875
_06894_,258.64
_13217_,258.56
_07778_,258.48
_13439_,258.37
_13441_,258.3
_07876_,258.18
_12789_,258.08
_10735_,257.475
_08016_,257.44
_13452_,257.115
u_cpu.pcpi_rs2\[12\],256.66
_06337_,256.62
_12857_,256.62
_12080_,256.61
_12752_,256.58
_12557_,256.51
_04673_,256.42
_10885_,256.38
net3207,255.54
_09390_,255.53
_07125_,255.44
_12367_,255.32
_14345_,255.035
_12461_,254.955
u_cpu.reg_pc\[9\],254.85
_14330_,254.42
_12449_,254.28
_13237_,254.2
_12781_,254.06
_05307_,253.76
_12883_,253.56
_14298_,253.42
_12662_,253.38
_07511_,253.19
_05309_,253.145
_14069_,252.94
_05325_,252.825
_14293_,252.735
_12437_,252.13
_10640_,252.04
_12757_,251.99
_05938_,251.96
_05328_,251.86
_06880_,251.76
_14130_,251.71
_04717_,251.66
_05312_,251.66
_12733_,251.66
u_cpu.decoded_imm\[28\],251.66
_11015_,251.63
_08742_,251.53
_05780_,251.52
u_cpu.pcpi_rs2\[10\],251.5
_07169_,251.315
_00006_,251.31
_13322_,251.22
_13817_,251.14
_12684_,251.13
_14320_,250.895
_04714_,250.74
net4774,250.74
_07086_,250.72
_04744_,250.3
_04749_,250.15
_06877_,249.79
_12412_,249.76
u_cpu.reg_pc\[10\],249.62
_12772_,249.55
_04725_,249.24
_05308_,248.96
_10653_,248.95
u_cpu.reg_pc\[15\],248.945
_11153_,248.91
_07874_,248.75
_09451_,248.48
_09874_,248.44
net2708,248.44
_12323_,248.36
_12371_,248.3
_12285_,248.08
_07242_,247.855
u_cpu.pcpi_rs2\[16\],247.77
_12327_,247.58
clknet_5_23__leaf_clk,247.51
_07230_,247.38
net4868,247.21
_12870_,247.06
_09644_,246.96
_12671_,246.9
u_cpu.pcpi_rs2\[11\],246.84
_08052_,246.57
_14070_,246.525
_05306_,246.48
_05320_,246.45
_10613_,246.4
cpu_mem_rdata\[31\],246.37
net4859,246.34
net2901,246.3
_04719_,245.86
_09786_,245.675
_10676_,245.67
_12389_,245.38
_05300_,245.31
_14305_,245.13
_12774_,245.02
_12574_,244.88
u_cpu.pcpi_rs2\[26\],244.82
net1328,244.74
_10745_,244.7
_09792_,244.68
_04718_,244.64
_07444_,244.58
_05305_,244.4
_12899_,244.15
_12498_,243.99
_09536_,243.8
_14041_,243.8
_11312_,243.615
_07018_,243.54
_12307_,243.53
_12769_,243.47
_12380_,243.4
_08020_,243.375
_12457_,243.11
_13234_,243.06
_07785_,243.04
_05927_,242.74
_12773_,242.6
_05844_,242.57
net4858,242.38
_12815_,242.355
_12847_,242.3
_07106_,242.2
_06109_,242.18
_12688_,242.18
u_cpu.reg_pc\[18\],242.14
_13290_,242.08
_07244_,242.06
_10660_,242
u_cpu.decoded_imm\[18\],241.96
_13279_,241.645
_12683_,241.54
_12458_,241.42
_12687_,240.99
u_cpu.reg_pc\[7\],240.98
_12765_,240.88
net4552,240.84
_07215_,240.715
_12311_,240.7
_12814_,240.66
u_cpu.pcpi_rs2\[27\],240.64
_07221_,240.635
_07490_,240.63
_06054_,240.23
_05311_,240.035
_07231_,239.9
u_cpu.reg_pc\[12\],239.84
_06874_,239.755
_07283_,239.62
_10830_,239.53
_14376_,239.14
_12174_,239.02
_08634_,239
u_cpu.decoded_imm\[26\],238.955
_08603_,238.81
_07206_,238.79
_06017_,238.74
_13265_,238.7
_00033_,238.65
_12762_,238.53
_12760_,238.18
_10587_,238.12
_04770_,238.06
net2382,238.02
_12758_,237.9
_04567_,237.87
_12445_,237.83
u_cpu.reg_pc\[17\],237.8
_12771_,237.775
_06433_,237.68
net4810,237.52
_07241_,237.16
_07744_,236.78
_12383_,236.6
_12497_,236.18
cpu_mem_rdata\[15\],236.13
_12469_,236.06
_13461_,236.04
_09446_,235.95
_12493_,235.915
_12475_,235.86
_13358_,235.77
_12749_,235.69
_06883_,235.16
_11943_,235.15
_10643_,235.06
net1441,235.04
_12893_,234.87
_12770_,234.74
net1000,234.62
_12378_,234.58
_12721_,234.43
_12343_,234.4
u_cpu.cpu_state\[1\],234.34
_14049_,234.2
_14128_,234.11
_07007_,234.1
_05962_,233.84
_13976_,233.74
_13421_,233.635
_08049_,233.62
_14383_,233.585
_12573_,233.56
_12342_,233.23
_13367_,233.21
_05872_,233.16
_06048_,233.06
_14244_,232.92
_14364_,232.84
_06876_,232.64
_08065_,232.515
_04710_,232.5
_12689_,232.12
_06317_,232.05
_12455_,231.92
_07243_,231.88
_12571_,231.8
_13971_,231.76
_07155_,231.64
_12375_,231.6
_13678_,231.5
_06014_,231.365
_06864_,231.36
_05313_,231.295
_06881_,231.15
_00035_,231.075
_12314_,231.06
_12682_,231.04
_09416_,230.955
_00852_,230.945
_04705_,230.91
_13580_,230.84
_10642_,230.82
_05310_,230.66
_12650_,230.615
_10740_,230.57
_13723_,230.56
_06431_,230.4
_12459_,230.4
_12319_,230.35
_09692_,230.32
_12454_,230.32
_10881_,230.3
_13363_,230.3
_06923_,230.22
_13812_,230.205
_04703_,230.2
_12441_,230.14
_12465_,230.08
_12489_,229.975
_07505_,229.81
_12816_,229.59
_08057_,229.53
_10730_,229.495
_07309_,229.18
_04769_,229.13
_04767_,229.05
_10585_,229.035
_05910_,228.98
_12473_,228.8
_12413_,228.4
_10595_,228.28
_12373_,228.01
_09731_,227.95
_13425_,227.7
_09867_,227.52
_12109_,227.315
_12768_,227.24
u_cpu.alu_out_q\[14\],227.12
_12651_,227.06
_05319_,227
_12824_,226.96
net4531,226.88
_12315_,226.74
cpu_mem_rdata\[21\],226.74
_13609_,226.695
net4367,226.655
_13560_,226.525
net4507,226.34
_13215_,226.32
_12277_,226.23
_13592_,226.16
u_cpu.reg_pc\[16\],226.07
_12845_,225.94
_12569_,225.82
_04701_,225.6
_06207_,225.54
_06889_,225.52
_10667_,225.52
_12710_,225.48
_12326_,225.42
u_cpu.decoded_imm\[29\],225.355
cpu_mem_rdata\[10\],225.11
_12495_,225.09
_07407_,225
_06169_,224.61
_14312_,224.35
_07459_,224.165
_14304_,224.1
u_cpu.pcpi_rs2\[20\],223.91
net4594,223.88
_12357_,223.86
_05801_,223.8
_07446_,223.78
net4412,223.76
_12346_,223.74
_11421_,223.63
_12748_,223.41
_05326_,223.37
_09777_,223.24
net4582,223.24
_12387_,223.18
net4766,223.16
_07249_,223.04
_05922_,222.9
_07829_,222.86
_13630_,222.72
_12622_,222.55
_09991_,222.52
_05314_,222.5
_13860_,222.48
_12322_,222.34
_11392_,222.235
_04684_,221.855
_12565_,221.74
_06946_,221.64
_13660_,221.495
net4422,221.28
_06322_,220.7
_13887_,220.615
_05596_,220.455
_07776_,220.37
_12474_,220.33
_05322_,220.25
_04711_,220.22
_12737_,220.18
_13041_,220.06
u_cpu.pcpi_rs1\[18\],220.06
_09311_,220.02
_12635_,219.96
cpu_mem_rdata\[23\],219.935
_10578_,219.7
_12331_,219.6
net4902,219.47
_05324_,219.255
net4832,219.05
_10582_,218.94
_04741_,218.71
_12844_,218.5
_10583_,218.32
_04700_,218.22
_12649_,218.14
_00037_,218.04
_12648_,217.875
_12391_,217.74
_12568_,217.735
_07442_,217.66
u_cpu.pcpi_rs2\[22\],217.56
_04768_,217.51
_12462_,217.3
_04685_,217.21
net4434,217.09
_12634_,217.05
_14239_,216.99
_12874_,216.88
_10612_,216.82
_12530_,216.76
_04471_,216.6
_12753_,216.6
_12679_,216.56
_06966_,216.46
_10581_,216.42
_12460_,216.28
_07236_,216.24
cpu_mem_rdata\[20\],216.15
_07421_,216.14
_12275_,216.1
_12685_,215.965
_06975_,215.82
_12626_,215.71
_06993_,215.68
cpu_mem_rdata\[11\],215.65
_07277_,215.585
net4690,215.54
_06179_,215.495
_05323_,215.44
_12759_,215.44
_12548_,215.36
_05931_,215.05
_12260_,215
u_cpu.pcpi_rs1\[29\],214.98
_12846_,214.86
_12453_,214.82
_12273_,214.74
_12741_,214.065
_14378_,214.05
_04691_,213.96
_06139_,213.87
net3828,213.82
_06024_,213.76
_04747_,213.54
_14570_,213.5
_07426_,213.44
_12633_,213.31
_12642_,213.31
_12766_,213.26
u_cpu.pcpi_rs2\[8\],213.19
_06519_,213.045
_12744_,212.9
_07356_,212.84
net2668,212.72
_07184_,212.68
_12729_,212.53
u_cpu.pcpi_rs2\[25\],212.32
_12698_,212.04
u_cpu.pcpi_rs2\[21\],211.96
_05327_,211.9
_12570_,211.9
_09826_,211.72
_12747_,211.63
_12329_,211.61
_12639_,211.46
net4352,211.44
_08206_,211.42
u_cpu.mem_la_wdata\[2\],211.42
net1115,211.26
_13847_,211.11
_00009_,211.04
_05915_,210.94
_06331_,210.86
_12463_,210.85
_10764_,210.7
cpu_mem_rdata\[24\],210.555
_07286_,210.51
_08923_,210.465
_13810_,210.36
_14047_,210.21
_08295_,210.03
_07255_,209.965
cpu_mem_rdata\[7\],209.92
_06299_,209.86
_07524_,209.86
_13754_,209.84
_12632_,209.82
_13035_,209.7
_08608_,209.62
_10586_,209.62
u_interconnect.s1_axi_rdata\[21\],209.47
net4765,209.12
_13038_,209.08
_10584_,209.02
_07506_,208.75
_12278_,208.64
_13867_,208.56
_08905_,208.505
_06296_,208.45
_09563_,208.43
_12270_,208.09
_09388_,207.91
_12746_,207.22
net4270,207.1
_13044_,207
_12652_,206.92
u_cpu.mem_la_wdata\[3\],206.86
_06413_,206.62
_12594_,206.58
net4897,206.57
_12743_,206.435
_05892_,206.31
_12470_,206.19
_08006_,206.12
_05315_,206.08
_07164_,206.055
u_cpu.is_slli_srli_srai,205.98
_12511_,205.79
cpu_mem_rdata\[22\],205.63
_04728_,205.57
_04797_,205.54
_12369_,205.53
_09527_,205.49
_12549_,205.42
_13861_,205.37
_06012_,205.34
_08019_,205.26
_13530_,205.16
_10579_,205.15
_10752_,205.12
_12849_,205.01
_12566_,204.98
_12597_,204.89
_06871_,204.84
u_cpu.is_lui_auipc_jal,204.76
u_cpu.pcpi_rs2\[23\],204.76
_12979_,204.57
_07443_,204.52
_04692_,204.28
_06882_,204.2
u_cpu.decoded_imm_j\[1\],204.16
_09673_,204.14
u_cpu.pcpi_rs2\[17\],204.04
_12750_,204
_07521_,203.99
_11294_,203.91
_00007_,203.58
cpu_mem_rdata\[2\],203.5
_12783_,203.46
_12647_,203.3
_08004_,203.24
_12279_,203.24
_05838_,203.065
_09353_,202.95
_08023_,202.92
_07538_,202.815
_12468_,202.52
_12595_,202.52
_10754_,202.5
_13023_,202.45
_12310_,202.44
_12543_,202.07
_05727_,201.78
_11816_,201.74
_10737_,201.6
_10647_,201.49
_07482_,201.44
_08344_,201.22
_10801_,201.04
_09602_,200.98
_09542_,200.85
_07869_,200.77
_13473_,200.77
_12471_,200.76
_13429_,200.65
_12823_,200.4
u_cpu.mem_rdata_q\[31\],200.38
u_cpu.pcpi_rs2\[18\],200.375
_08696_,200.32
_06302_,200.12
_12645_,200.12
_13414_,199.865
_12822_,199.64
u_cpu.mem_la_wdata\[5\],199.58
_12274_,199.43
u_cpu.pcpi_rs2\[9\],199.39
_05802_,199.31
u_cpu.alu_out_q\[12\],199.3
_13214_,199.26
_13296_,199.16
_05317_,199.055
_13777_,198.805
_13026_,198.76
_04694_,198.51
_13795_,198.42
_09675_,198.39
net1088,198.3
_07026_,198.05
_12720_,198.05
_07146_,198.01
u_cpu.mem_la_wdata\[1\],198.01
_07495_,197.81
_12467_,197.76
net4440,197.745
_12825_,197.69
_10872_,197.52
_12297_,197.48
_06026_,197.3
_10800_,196.88
_12276_,196.82
_12451_,196.82
_12596_,196.73
_13032_,196.69
_13603_,196.59
_12488_,196.48
_08056_,196.44
_11027_,196.37
net4448,196.355
_12754_,196.22
_05378_,196.19
_07290_,196.04
_12318_,195.99
_12487_,195.97
_06930_,195.94
_04733_,195.785
_07344_,195.73
_09710_,195.66
net4041,195.51
_12538_,194.96
_12841_,194.76
_12838_,194.4
_07029_,194.04
_10370_,193.94
_12821_,193.94
_07445_,193.635
_01799_,193.62
_12513_,193.33
_12745_,193.32
_05318_,193.18
_08007_,193.16
_12836_,193.13
u_cpu.mem_la_wdata\[4\],193.1
clknet_leaf_358_clk,193.08
_12842_,192.59
_12479_,192.53
_06004_,192.51
_08040_,192.48
_13652_,192.475
_05362_,192.275
_06848_,192.175
u_cpu.latched_store,192.14
_12819_,192
_12751_,191.795
_12713_,191.79
_06862_,191.76
_07210_,191.705
net4881,191.66
_05970_,191.48
_12476_,191.42
_12105_,191.36
_12324_,191.34
u_cpu.pcpi_rs2\[19\],191.25
_04727_,191.18
_12491_,190.65
net1047,190.42
_07700_,189.92
_04693_,189.845
_12646_,189.56
_05940_,189.385
_12330_,189.14
_07427_,189.12
_07098_,188.86
u_cpu.pcpi_rs1\[20\],188.85
_09347_,188.72
_07531_,188.68
u_cpu.pcpi_rs2\[13\],188.39
_04730_,188.34
_05863_,188.19
_09477_,188.18
_04804_,188.16
_07266_,188.14
_12820_,187.94
_05869_,187.9
_07297_,187.89
_13393_,187.77
_07828_,187.5
_04757_,187.49
_07239_,187.3
_07005_,187.2
_04796_,187.1
_12653_,186.94
_12612_,186.9
_04359_,186.795
cpu_mem_rdata\[17\],186.78
_05897_,186.58
_13479_,186.58
_08036_,186.5
_13793_,186.38
_12593_,186.36
_12755_,186.18
_08017_,186.135
_12101_,186.13
_13244_,186.12
_13651_,186.08
_12583_,185.895
_13345_,185.67
_13779_,185.61
net2070,185.46
net4631,185.38
_07063_,185.37
_12482_,185.33
_12532_,185.22
u_cpu.reg_pc\[21\],185.22
_10905_,185.05
_09411_,185.04
_13577_,185.01
net4803,184.98
_07133_,184.69
_07784_,184.58
_05884_,184.54
_07085_,184.45
_13274_,184.355
_10333_,184.15
_12325_,184.135
_07087_,184.13
_07522_,184.13
_07456_,184.12
_12835_,184.1
_04806_,184
_12724_,183.96
_12692_,183.895
_04821_,183.82
_14359_,183.76
_13838_,183.72
_13958_,183.635
u_cpu.decoded_imm\[5\],183.52
_13365_,183.41
_04723_,183.34
_04577_,183.195
_13949_,183.19
_12553_,183.18
_12630_,183.08
_12508_,182.9
_06982_,182.78
_04753_,182.76
_12534_,182.72
_07454_,182.7
_07782_,182.6
_14478_,182.355
_12478_,182.33
_00000_,182.3
_12636_,182.18
_13649_,182.075
net4653,181.92
u_cpu.pcpi_rs1\[28\],181.86
net2153,181.82
_04672_,181.72
_12536_,181.64
_07116_,181.585
net4879,181.41
_12414_,181.36
_10996_,181.2
net4525,181.2
net4762,181.14
_12490_,181.12
_12512_,181.1
_12317_,180.94
_12699_,180.91
_07578_,180.83
u_cpu.decoded_imm\[30\],180.74
u_cpu.decoded_imm_j\[3\],180.67
_13216_,180.6
_12859_,180.58
_12853_,180.56
net4477,180.5
_12409_,180.49
_13901_,180.365
_04665_,180.3
_07565_,180.29
_12555_,180.18
_12601_,180.16
_07199_,180.14
_10657_,180.14
_12313_,180.14
_12472_,180.1
_07831_,180.06
_07880_,180.01
u_cpu.pcpi_rs2\[15\],180.01
net4385,179.96
_04602_,179.94
_12881_,179.9
_04298_,179.88
_12096_,179.715
_11252_,179.63
_04734_,179.62
net4735,179.56
_06949_,179.49
_04671_,179.485
_07107_,179.44
_13957_,179.425
_12827_,179
u_cpu.alu_out_q\[22\],178.9
_04357_,178.78
u_cpu.decoded_imm\[0\],178.72
clknet_4_2_0_clk,178.61
_10967_,178.56
_04735_,178.515
clknet_leaf_336_clk,178.36
_12271_,178.22
clknet_4_4_0_clk,178.21
_04305_,178.13
_07451_,178.015
_12443_,178
_13386_,177.96
_04682_,177.93
_06321_,177.93
_07519_,177.88
_11611_,177.76
_14289_,177.64
net4098,177.54
_12610_,177.51
_12321_,177.4
_12800_,177.4
net4870,177.36
clknet_leaf_36_clk,177.3
_12444_,177.295
_06363_,177.28
_12550_,177.25
_12398_,177.19
_12540_,177.16
_14032_,177.14
_12782_,176.995
_12309_,176.64
_14537_,176.62
_07890_,176.59
_04761_,176.48
net4408,176.36
_07016_,176.295
_10656_,176.2
_04758_,176.05
_12388_,175.98
_04539_,175.96
_07441_,175.88
_12485_,175.88
_12697_,175.82
clknet_leaf_76_clk,175.74
_12818_,175.72
_12560_,175.66
_12486_,175.5
_09551_,175.47
_07132_,175.35
_12397_,175.24
_12598_,175.22
_04756_,175.145
_14096_,175.12
_10169_,174.99
_12328_,174.88
_13872_,174.84
_12837_,174.83
_05880_,174.805
_10747_,174.78
_10172_,174.75
_12958_,174.7
_10671_,174.6
_12790_,174.58
_13399_,174.42
_06336_,174.23
_13567_,174.22
_08051_,174.2
_09355_,174.1
u_cpu.alu_out_q\[23\],174.06
_07140_,174.02
_12484_,174.02
net3834,174.02
_05837_,173.98
_12521_,173.795
clknet_4_14_0_clk,173.57
_13502_,173.51
_10655_,173.46
_06935_,173.44
_06940_,173.37
_07794_,173.3
_12631_,173.3
_12400_,173.29
_12411_,173.29
_09949_,173.16
u_cpu.alu_out_q\[18\],173.16
_12418_,172.975
_12447_,172.84
_10256_,172.8
_12394_,172.75
_10213_,172.69
_07525_,172.68
_07489_,172.66
u_cpu.alu_out_q\[1\],172.6
_06520_,172.51
_12600_,172.5
_12811_,172.5
_13405_,172.43
_07599_,172.32
_13784_,172.26
_12483_,172.24
_13713_,172.11
_12410_,172.02
_14487_,171.96
_06176_,171.92
u_cpu.alu_out_q\[20\],171.92
_07485_,171.86
_13599_,171.76
_05379_,171.72
_07075_,171.64
_05862_,171.5
_13871_,171.46
net4450,171.33
_06124_,171.32
_12384_,171.28
_14534_,171.26
_12545_,171.22
_07425_,171.2
_06328_,171.04
_12706_,170.96
_14226_,170.94
_12702_,170.9
_11507_,170.86
_07509_,170.79
clknet_leaf_327_clk,170.76
_04724_,170.71
net3,170.49
clknet_leaf_350_clk,170.46
_12850_,170.42
_04479_,170.4
_07455_,170.14
_14431_,170.06
_12402_,170.03
_12477_,169.99
_12875_,169.895
_12401_,169.88
u_cpu.pcpi_rs1\[26\],169.88
_12579_,169.58
_14475_,169.525
_05608_,169.52
_12509_,169.5
_13389_,169.37
_13302_,169.36
_14530_,169.345
_04417_,169.34
_10170_,169.29
_12833_,169.24
_07406_,169.225
_12663_,169.07
_08760_,168.98
_07827_,168.975
_12709_,168.95
_12547_,168.94
_07837_,168.93
_12637_,168.64
_12834_,168.6
u_interconnect.s1_axi_rdata\[13\],168.48
_12832_,168.4
net4464,168.4
_12897_,168.38
_07259_,168.27
_06180_,168.26
_12435_,168.1
_12613_,168
_12588_,167.98
_07885_,167.9
_13673_,167.855
_13942_,167.85
_12431_,167.84
_12717_,167.72
_07539_,167.7
net4395,167.67
net4550,167.54
_14524_,167.51
net4473,167.505
_12379_,167.34
_09479_,167.32
_10748_,167.32
u_cpu.decoded_imm_j\[13\],167.245
net4782,167.2
_07240_,167.13
_07137_,166.96
_12551_,166.88
_05878_,166.855
_01464_,166.605
u_cpu.alu_out_q\[11\],166.54
net4678,166.54
_13725_,166.4
_06312_,166.2
_08074_,166.06
clknet_leaf_112_clk,165.82
_12529_,165.75
u_interconnect.s1_axi_rdata\[19\],165.69
_04803_,165.66
_07145_,165.63
_10127_,165.4
_14505_,165.365
_12352_,165.32
_07037_,165.22
_12967_,165.22
_12788_,165.09
_05919_,165.06
_07103_,165.06
_12585_,164.98
_13960_,164.96
_12903_,164.94
_07054_,164.91
net4557,164.87
_06936_,164.68
net4736,164.5
_06368_,164.47
_12558_,164.32
_04764_,164.28
u_interconnect.s1_axi_rdata\[28\],164.26
_13203_,164.18
_12456_,164.17
_13562_,164.11
_00304_,164.01
_06886_,164
u_interconnect.s1_axi_rdata\[16\],163.94
_13558_,163.8
_13627_,163.8
_07070_,163.71
_12641_,163.66
_12831_,163.59
_13930_,163.41
_12742_,163.4
_12898_,163.4
_07069_,163.34
_07450_,163.3
u_cpu.instr_lui,163.235
_12527_,163.16
_07515_,163.13
_12805_,163.07
_06957_,163.04
_13391_,162.965
_10446_,162.86
_12732_,162.85
u_cpu.alu_out_q\[16\],162.78
_13968_,162.76
_13398_,162.645
_13693_,162.6
u_interconnect.s1_axi_rdata\[25\],162.58
net4804,162.56
_07384_,162.485
_08698_,162.4
_07315_,162.22
_13212_,162.165
_05046_,162.16
_12480_,162.12
_14506_,162.085
_14502_,162.075
_12372_,161.93
_12368_,161.88
_13940_,161.83
_12531_,161.82
net4146,161.79
_12830_,161.565
clknet_4_5_0_clk,161.47
_13865_,161.44
_12797_,161.37
_12856_,161.36
_07113_,161.28
_07475_,161.23
_12716_,161.22
_07077_,161.2
_12439_,161.18
_13899_,161.12
_05351_,161.07
clknet_4_8_0_clk,160.62
_07514_,160.59
_12793_,160.52
clknet_leaf_103_clk,160.5
net4750,160.46
u_cpu.decoded_imm_j\[4\],160.3
_12900_,160.26
_13501_,160.06
_06960_,159.86
_14442_,159.83
_12817_,159.77
_09068_,159.76
_04774_,159.745
_06435_,159.74
_09794_,159.7
_09350_,159.52
_07478_,159.465
_12351_,159.3
u_sram.w_data_r\[28\],159.26
net1888,159.24
_09097_,159.2
_12434_,159.125
_06311_,159.12
_13914_,159.045
_13428_,158.975
_06972_,158.92
_12334_,158.8
_09038_,158.78
_07044_,158.74
clknet_4_6_0_clk,158.71
_05724_,158.62
_13746_,158.62
_07171_,158.54
_13738_,158.4
_13727_,158.385
_07452_,158.27
_12552_,158.18
clknet_4_7_0_clk,158.09
_12670_,158.02
_08662_,157.845
u_cpu.reg_pc\[22\],157.81
net4406,157.8
_09788_,157.7
_04762_,157.655
_04676_,157.62
_13764_,157.575
_04791_,157.57
_09403_,157.47
_04678_,157.46
_08249_,157.455
_14523_,157.395
_09520_,157.34
_04296_,157.22
_08726_,157.06
_08976_,157.06
net4712,156.98
_12466_,156.94
_12828_,156.94
_07528_,156.89
_12567_,156.88
_07088_,156.82
u_sram.w_data_r\[27\],156.78
_12293_,156.74
_10741_,156.66
_13481_,156.6
_14525_,156.6
_13608_,156.51
_07122_,156.5
_07832_,156.44
_07877_,156.4
_12680_,156.36
_12839_,156.36
_12728_,156.32
u_sram.w_data_r\[31\],156.26
_09112_,156.24
_04754_,156.2
_12866_,156.16
_07417_,156.1
_05270_,155.95
_13888_,155.89
_12562_,155.84
u_sram.w_data_r\[29\],155.81
_13403_,155.7
u_cpu.alu_out_q\[19\],155.68
_05286_,155.66
u_interconnect.s1_axi_rdata\[12\],155.46
_05895_,155.32
u_interconnect.s1_axi_rdata\[26\],155.32
net925,155.26
_09322_,155.24
u_cpu.alu_out\[30\],155.02
_04675_,154.88
_08654_,154.88
clknet_leaf_362_clk,154.875
_12640_,154.8
_07508_,154.67
u_cpu.alu_out_q\[15\],154.64
_07130_,154.61
clknet_leaf_115_clk,154.605
clknet_4_12_0_clk,154.46
net4323,154.39
_10580_,154.36
_13401_,154.35
_04742_,154.29
_06890_,154.28
_12971_,154.08
_12403_,154.06
net2560,153.94
_07335_,153.9
_07418_,153.9
_14529_,153.845
_07327_,153.82
_09125_,153.8
_07532_,153.72
_12399_,153.72
_13528_,153.72
net4325,153.72
_12405_,153.675
net4458,153.56
_05228_,153.435
_12526_,153.43
cpu_mem_rdata\[0\],153.38
_12494_,153.26
net4361,153.22
_13768_,153.215
_12614_,153.21
_12851_,153.04
_12420_,152.96
_04792_,152.95
_09824_,152.91
_05745_,152.81
_07180_,152.79
_14494_,152.73
_14476_,152.72
_06907_,152.68
_12576_,152.64
_12218_,152.62
_12386_,152.6
net4584,152.6
_12446_,152.59
u_sram.mem\[63\]\[21\],152.44
_12807_,152.42
_05909_,152.295
_08463_,152.17
_07124_,152.06
_12605_,151.99
_12808_,151.97
_09014_,151.96
clknet_leaf_49_clk,151.86
clknet_leaf_144_clk,151.795
_04781_,151.76
clknet_leaf_81_clk,151.76
u_sram.w_data_r\[24\],151.54
_12129_,151.51
u_sram.mem\[63\]\[18\],151.5
_12877_,151.48
_13355_,151.4
u_cpu.decoded_imm_j\[2\],151.38
_12539_,151.36
u_sram.mem\[63\]\[22\],151.34
_12829_,151.29
u_interconnect.s1_axi_rdata\[17\],151.22
_12316_,151.06
_12655_,151.06
clknet_leaf_105_clk,150.96
_07500_,150.86
_06579_,150.855
u_cpu.pcpi_rs1\[15\],150.85
net4655,150.69
u_sram.mem\[63\]\[23\],150.64
_13208_,150.48
net4397,150.45
_07706_,150.39
_07889_,150.36
_13941_,150.36
_07518_,150.3
_13412_,150.285
_07281_,150.16
_12308_,150.1
u_sram.mem\[63\]\[16\],150.04
_12703_,149.9
u_interconnect.m_axi_araddr\[6\],149.86
clknet_leaf_72_clk,149.78
_04793_,149.72
_08326_,149.62
_05402_,149.605
u_sram.w_data_r\[26\],149.46
_12644_,149.18
_07527_,149.12
_09385_,149.1
_12415_,149.06
_08075_,149
_06956_,148.735
_06915_,148.72
_07186_,148.72
_12448_,148.72
_09475_,148.52
_11993_,148.5
clknet_leaf_56_clk,148.4
_13732_,148.38
net4534,148.38
u_cpu.alu_out\[27\],148.365
_10995_,148.34
_12608_,148.14
_07542_,148.1
_13846_,148.08
u_sram.w_data_r\[30\],148.02
_14481_,148.01
_04777_,147.98
_05420_,147.965
u_cpu.is_jalr_addi_slti_sltiu_xori_ori_andi,147.96
_05742_,147.94
_13959_,147.94
_12810_,147.76
_08675_,147.74
_10663_,147.74
_14515_,147.65
_12775_,147.635
_13200_,147.615
_07272_,147.6
_09781_,147.59
u_sram.mem\[63\]\[17\],147.56
net3406,147.54
_06991_,147.48
net1763,147.46
_07413_,147.425
_13826_,147.405
clknet_leaf_338_clk,147.16
_07499_,147.11
clknet_leaf_38_clk,147.09
_14480_,147.06
_14160_,146.98
_07095_,146.89
_09823_,146.775
clknet_leaf_162_clk,146.76
_05744_,146.725
_13018_,146.7
_05850_,146.66
_08042_,146.66
_13853_,146.61
u_interconnect.s1_axi_rdata\[15\],146.55
_12542_,146.48
_08021_,146.46
u_cpu.alu_out_q\[26\],146.34
u_cpu.reg_pc\[24\],146.26
_07568_,146.16
_06247_,146.12
clknet_leaf_357_clk,146.12
_12619_,145.795
_08953_,145.78
_10661_,145.76
u_interconnect.s1_axi_rdata\[30\],145.76
_04763_,145.68
u_interconnect.s1_axi_rdata\[11\],145.46
clknet_leaf_57_clk,145.17
_07479_,145.135
_12563_,145.04
_12510_,144.985
_05106_,144.98
_14526_,144.98
_09782_,144.92
_14440_,144.91
_14444_,144.755
net4892,144.7
_13884_,144.66
_06908_,144.56
_13317_,144.56
u_cpu.alu_out_q\[21\],144.53
_10950_,144.49
_12599_,144.48
_14472_,144.46
_08845_,144.44
_07496_,144.36
_05168_,144.26
net4364,144.06
_09339_,143.98
_12858_,143.92
_04783_,143.91
_12320_,143.875
clknet_leaf_9_clk,143.86
net4659,143.85
u_sram.mem\[63\]\[19\],143.84
_10809_,143.77
_07788_,143.72
u_cpu.reg_pc\[20\],143.72
net4350,143.68
_12496_,143.66
clknet_leaf_135_clk,143.66
_13902_,143.615
_12481_,143.61
_04865_,143.56
_12736_,143.47
_14473_,143.42
_07547_,143.35
clknet_leaf_173_clk,143.31
_05449_,143.3
clknet_leaf_331_clk,143.24
_05288_,143.18
_12392_,143.18
u_cpu.alu_out_q\[17\],143.18
_12813_,143.16
_04679_,143.09
_12564_,143.06
_06902_,143.04
_13927_,143.04
_12826_,142.88
_13739_,142.88
_11168_,142.76
_14501_,142.76
_12442_,142.74
_12450_,142.735
_08656_,142.6
_12734_,142.555
_13939_,142.515
_13267_,142.51
_07748_,142.44
u_cpu.alu_out_q\[10\],142.3
_08693_,142.21
_12627_,142.14
u_cpu.alu_out\[28\],142.085
_04866_,142.02
_07050_,141.91
u_interconnect.s1_axi_rdata\[31\],141.8
_12812_,141.745
clknet_4_11_0_clk,141.74
_06164_,141.7
u_cpu.pcpi_rs2\[29\],141.675
clknet_4_9_0_clk,141.63
_12804_,141.62
clknet_leaf_281_clk,141.515
_12761_,141.48
_07008_,141.44
u_cpu.decoded_imm\[4\],141.42
_07428_,141.37
_11311_,141.25
net4629,141.18
_14466_,141.1
_05226_,141.04
_12395_,141.02
clknet_leaf_179_clk,140.98
_12544_,140.96
_09083_,140.92
clknet_leaf_128_clk,140.92
clknet_leaf_197_clk,140.92
u_sram.w_data_r\[25\],140.88
_13876_,140.875
u_sram.mem\[63\]\[20\],140.78
_04926_,140.72
u_cpu.pcpi_rs1\[21\],140.71
clknet_4_15_0_clk,140.7
_07502_,140.66
_09053_,140.5
_13272_,140.46
_12615_,140.44
_12546_,140.42
_06403_,140.4
_04331_,140.38
clknet_leaf_77_clk,140.38
u_sram.w_data_r\[22\],140.3
_12436_,140.205
net4016,140.2
_12916_,140.18
_11514_,139.98
u_cpu.decoded_imm_j\[16\],139.85
_04790_,139.82
_11120_,139.72
clknet_leaf_158_clk,139.66
_07550_,139.6
_07307_,139.48
clknet_leaf_131_clk,139.47
u_cpu.reg_pc\[23\],139.45
u_interconnect.s1_axi_rdata\[14\],139.27
_13912_,139.16
clknet_leaf_7_clk,139.1
cpu_mem_rdata\[1\],139.08
_11477_,139.04
u_cpu.decoded_imm\[2\],139
_07019_,138.98
_14508_,138.94
clknet_leaf_259_clk,138.94
_12282_,138.92
clknet_leaf_85_clk,138.88
u_interconnect.s1_axi_rdata\[27\],138.86
_08737_,138.8
_12690_,138.76
_00003_,138.7
_11361_,138.7
_12438_,138.68
_11834_,138.64
_12554_,138.56
_07194_,138.46
_12643_,138.44
_12381_,138.4
_07453_,138.39
clknet_4_13_0_clk,138.36
_14438_,138.34
u_interconnect.m_axi_araddr\[3\],138.26
_08926_,138.24
_12502_,138.18
clknet_leaf_71_clk,138.18
net4714,138.12
clknet_leaf_69_clk,138.06
_04784_,138.03
clknet_leaf_348_clk,137.98
clknet_4_3_0_clk,137.95
_07572_,137.92
_12767_,137.84
_12272_,137.82
_14518_,137.64
clknet_leaf_66_clk,137.62
_12882_,137.52
_01720_,137.505
_10962_,137.5
_12907_,137.47
u_cpu.decoded_imm_j\[19\],137.45
_06574_,137.42
_05166_,137.4
_07163_,137.375
clknet_leaf_208_clk,137.37
u_interconnect.s1_axi_rdata\[18\],137.34
_12492_,137.33
_07429_,137.32
_10608_,137.26
clknet_leaf_35_clk,137.245
_07030_,137.16
clknet_leaf_132_clk,137.04
clknet_leaf_18_clk,137
_07558_,136.93
_12541_,136.92
clknet_leaf_290_clk,136.86
_12354_,136.7
net3662,136.58
_13449_,136.5
_12611_,136.4
_07279_,136.26
_14412_,136.22
_07780_,136.18
_13967_,136.14
net4605,136.1
clknet_leaf_199_clk,136.065
_09405_,136.035
_12602_,136.02
_12312_,135.96
_01782_,135.92
_09335_,135.91
clknet_leaf_130_clk,135.845
clknet_4_0_0_clk,135.8
cpu_mem_addr\[9\],135.72
_07059_,135.65
_07079_,135.57
_09420_,135.535
clknet_leaf_193_clk,135.5
_14499_,135.465
_07308_,135.24
_05725_,135.19
_07193_,135.18
_08778_,135.18
_08267_,135.16
_09166_,135.15
_08785_,135.1
net4555,135.07
_12672_,134.7
_09008_,134.68
_10781_,134.68
_12577_,134.62
_13006_,134.56
_12374_,134.485
_11359_,134.36
_08423_,134.35
_06414_,134.28
_07554_,134.2
clknet_leaf_328_clk,134.18
clknet_leaf_320_clk,134.15
_07772_,134.12
_04419_,134.1
net4618,134.05
_04667_,134.02
_09368_,133.92
clknet_leaf_84_clk,133.84
clknet_leaf_285_clk,133.82
_10906_,133.68
u_interconnect.s1_axi_rdata\[10\],133.64
_14461_,133.58
_07497_,133.3
u_sram.w_data_r\[19\],133.28
u_cpu.decoded_imm\[3\],133.26
_12590_,133.18
_08646_,132.96
_14507_,132.92
_07256_,132.68
net4722,132.675
_12359_,132.54
u_cpu.decoded_imm_j\[12\],132.53
_09853_,132.48
clknet_leaf_211_clk,132.48
_13969_,132.38
_14159_,132.36
clknet_leaf_347_clk,132.34
cpu_mem_addr\[10\],132.26
clknet_leaf_25_clk,132.24
_08762_,132
clknet_leaf_151_clk,131.88
_12429_,131.84
clknet_leaf_0_clk,131.72
_12578_,131.7
_14493_,131.68
_08947_,131.46
_12518_,131.44
_07510_,131.4
clknet_leaf_203_clk,131.4
_10144_,131.38
net4739,131.3
clknet_leaf_89_clk,131.24
clknet_leaf_176_clk,131.24
_13662_,131.12
clknet_leaf_138_clk,131.06
_05347_,131.03
_13759_,131
_14437_,130.98
_13900_,130.63
_11072_,130.54
net4497,130.44
_09389_,130.38
_14500_,130.265
_06928_,130.26
_14496_,130.18
u_interconnect.s1_axi_rdata\[29\],130.155
_12416_,130.14
_12537_,130.1
_08883_,130.08
net4373,130.04
_00039_,130.005
_10738_,129.975
_07783_,129.915
_14454_,129.91
_06460_,129.9
clknet_leaf_152_clk,129.81
u_interconnect.s1_axi_rdata\[9\],129.52
u_sram.w_data_r\[23\],129.52
clknet_leaf_62_clk,129.46
cpu_mem_addr\[8\],129.42
_13451_,129.32
_12854_,129.28
_06945_,129.175
_13928_,129.12
_06994_,129.06
_07419_,129
_08994_,128.94
_13591_,128.9
clknet_leaf_340_clk,128.9
_13460_,128.82
_08797_,128.8
_07745_,128.68
clknet_leaf_53_clk,128.68
_00031_,128.645
_12370_,128.6
clknet_leaf_91_clk,128.56
_07198_,128.53
_13186_,128.5
_04925_,128.48
cpu_mem_rdata\[12\],128.48
clknet_leaf_360_clk,128.41
_13346_,128.33
clknet_leaf_230_clk,128.21
_13897_,128.12
_04604_,128.04
u_cpu.alu_out_q\[13\],128.02
cpu_mem_addr\[30\],127.92
_11255_,127.82
net4417,127.79
_13915_,127.765
_04985_,127.7
clknet_leaf_324_clk,127.7
_07769_,127.68
clknet_leaf_134_clk,127.68
clknet_leaf_106_clk,127.63
_07040_,127.6
u_cpu.reg_pc\[25\],127.58
clknet_leaf_8_clk,127.56
net4543,127.54
u_sram.w_data_r\[21\],127.48
_12390_,127.28
_08886_,127.22
clknet_leaf_109_clk,127.1
u_cpu.reg_pc\[6\],126.95
_08477_,126.94
net4805,126.94
_13370_,126.875
_00061_,126.75
clknet_leaf_174_clk,126.52
clknet_leaf_80_clk,126.46
_13894_,126.44
net4301,126.21
_07560_,126.18
_06929_,126.16
clknet_leaf_209_clk,126.04
_07474_,125.955
clknet_leaf_248_clk,125.915
_07280_,125.85
_12871_,125.85
_07398_,125.64
_04541_,125.58
_05165_,125.52
clknet_leaf_213_clk,125.52
_12696_,125.48
net4573,125.4
_11121_,125.37
_05303_,125.36
clknet_4_1_0_clk,125.35
_05108_,125.34
_12533_,125.3
clknet_leaf_159_clk,125.28
clknet_leaf_28_clk,125.26
clknet_leaf_124_clk,125.14
_13594_,125.12
_14413_,125.08
u_sram.w_data_r\[20\],125.02
clknet_leaf_64_clk,124.86
u_cpu.pcpi_rs1\[31\],124.8
_04750_,124.76
clknet_leaf_145_clk,124.755
clknet_4_10_0_clk,124.66
_03120_,124.58
cpu_mem_addr\[12\],124.53
_04481_,124.46
u_cpu.alu_out_q\[24\],124.42
clknet_leaf_108_clk,124.38
net4768,124.32
u_cpu.decoded_imm_j\[14\],124.23
_07170_,124.1
_08828_,123.76
clknet_leaf_349_clk,123.72
clknet_leaf_34_clk,123.66
clknet_leaf_200_clk,123.52
_12695_,123.46
_04986_,123.38
_11211_,123.36
net4872,123.36
_12396_,123.3
clknet_leaf_316_clk,123.24
clknet_leaf_20_clk,123.2
_07440_,123.16
_10521_,123.06
_05736_,123.02
_12616_,123.02
net4798,122.86
_07412_,122.82
_09356_,122.67
_08222_,122.64
clknet_leaf_229_clk,122.5
_13895_,122.45
net2374,122.44
_03119_,122.34
u_cpu.decoded_imm_j\[17\],122.19
clknet_leaf_47_clk,122.155
u_cpu.reg_pc\[26\],122.09
clknet_leaf_122_clk,122.06
_07424_,121.975
_08859_,121.88
u_cpu.mem_do_rinst,121.86
_06900_,121.76
clknet_leaf_1_clk,121.72
net4784,121.71
_07291_,121.7
_12628_,121.66
_07147_,121.56
_14414_,121.38
clknet_leaf_264_clk,121.36
u_sram.mem\[35\]\[17\],121.3
_10813_,121.25
clknet_leaf_220_clk,121.24
clknet_leaf_22_clk,121.16
clknet_leaf_74_clk,121.08
_07148_,121.06
clknet_leaf_79_clk,121.03
_13822_,120.96
_13869_,120.93
clknet_leaf_133_clk,120.9
u_sram.w_data_r\[9\],120.8
_13722_,120.76
_08066_,120.72
clknet_leaf_288_clk,120.68
_07447_,120.59
u_cpu.alu_out_q\[8\],120.56
_07343_,120.51
_07548_,120.48
_11460_,120.4
u_cpu.instr_rdinstr,120.35
clknet_leaf_335_clk,120.35
_07060_,120.34
_14463_,120.23
_08920_,120.08
_13798_,120.02
_12376_,119.72
u_sram.w_data_r\[10\],119.68
clknet_leaf_307_clk,119.64
cpu_mem_addr\[31\],119.6
clknet_leaf_140_clk,119.48
clknet_leaf_92_clk,119.39
net4753,119.37
_08602_,119.36
clknet_leaf_164_clk,119.36
net4754,119.22
_07878_,119
_14450_,118.96
cpu_mem_addr\[11\],118.94
clknet_leaf_178_clk,118.86
clknet_leaf_52_clk,118.8
_11190_,118.78
_06461_,118.735
clknet_leaf_68_clk,118.68
_00028_,118.605
_07494_,118.55
_07379_,118.54
clknet_leaf_42_clk,118.46
_13418_,118.28
_11297_,118.24
_04295_,118.17
clknet_leaf_325_clk,118.08
clknet_leaf_148_clk,118.03
_05374_,117.9
_07437_,117.9
u_cpu.pcpi_rs1\[7\],117.86
clknet_leaf_210_clk,117.84
_09337_,117.82
u_cpu.alu_out_q\[31\],117.78
net4776,117.68
_14114_,117.64
_12694_,117.63
net3598,117.58
_12707_,117.48
clknet_leaf_339_clk,117.43
_09719_,117.41
_07536_,117.33
clknet_leaf_155_clk,117.28
net3890,117.2
clknet_leaf_29_clk,117.16
_10815_,117.15
clknet_leaf_73_clk,117.12
_07432_,117.03
_13194_,116.94
clknet_leaf_43_clk,116.78
_07438_,116.7
_07302_,116.68
_08644_,116.68
_07629_,116.67
_07414_,116.6
_07382_,116.56
_05382_,116.54
clknet_leaf_217_clk,116.3
net3679,116.18
_00029_,116.16
clknet_leaf_102_clk,116.11
clknet_leaf_168_clk,115.98
_10649_,115.705
clknet_leaf_309_clk,115.69
net4827,115.59
_13864_,115.32
clknet_leaf_5_clk,115.29
clknet_leaf_117_clk,115.24
_04802_,115.2
net4294,115.14
_12580_,115.1
_05225_,114.975
_07323_,114.9
_14247_,114.76
u_cpu.mem_rdata_q\[24\],114.76
clknet_leaf_97_clk,114.72
clknet_leaf_31_clk,114.62
_12452_,114.49
clknet_leaf_58_clk,114.36
_01426_,114.2
_13792_,114.12
_07185_,113.92
_12350_,113.91
_13883_,113.9
net4315,113.72
clknet_leaf_346_clk,113.66
clknet_leaf_93_clk,113.46
_07362_,113.4
_09751_,113.36
clknet_leaf_227_clk,113.32
_12617_,113.04
_13988_,113.02
_06952_,113.01
_08607_,112.99
clknet_leaf_87_clk,112.76
clknet_leaf_67_clk,112.72
clknet_leaf_137_clk,112.72
_13527_,112.68
_11064_,112.64
_04988_,112.6
_12629_,112.52
_13020_,112.52
_07369_,112.42
_14535_,112.42
clknet_leaf_171_clk,112.42
_09803_,112.32
u_cpu.reg_pc\[1\],112.32
_11395_,112.3
net4737,112.3
u_cpu.alu_out_q\[6\],112.02
clknet_leaf_95_clk,112.01
_07080_,111.91
_04928_,111.74
clknet_leaf_17_clk,111.54
u_sram.aw_addr_r\[2\],111.48
clknet_leaf_114_clk,111.24
_07533_,110.94
_05105_,110.8
clknet_leaf_110_clk,110.77
clknet_leaf_204_clk,110.74
_13659_,110.7
clknet_leaf_88_clk,110.7
_07436_,110.62
_06937_,110.6
clknet_leaf_90_clk,110.56
clknet_leaf_334_clk,110.46
_12708_,110.44
_09669_,110.4
clknet_leaf_116_clk,110.3
_09812_,110.22
_12336_,110.16
_07433_,110.13
_07535_,110.07
_07179_,109.96
net4068,109.86
_08844_,109.74
_13198_,109.695
clknet_leaf_187_clk,109.69
_04375_,109.67
cpu_mem_addr\[29\],109.66
clknet_leaf_291_clk,109.56
_10844_,109.44
_07588_,109.355
clknet_leaf_27_clk,109.32
_07592_,109.3
_08855_,109.27
net4250,108.775
_05457_,108.62
net4891,108.53
_13416_,108.5
_05366_,108.47
_12927_,108.45
_13005_,108.355
_12440_,108.34
_12589_,108.295
clknet_leaf_196_clk,108.18
_14095_,108.14
_06285_,108.1
clknet_leaf_182_clk,107.86
_12353_,107.84
_14465_,107.68
_12591_,107.58
_05916_,107.5
clknet_leaf_228_clk,107.335
clknet_leaf_186_clk,107.15
_11074_,106.89
clknet_leaf_163_clk,106.86
_09354_,106.71
_06349_,106.66
clknet_leaf_61_clk,106.66
clknet_leaf_156_clk,106.66
_11213_,106.63
_13249_,106.62
_12888_,106.56
_10806_,106.36
clknet_leaf_55_clk,106.28
_09540_,106.25
_04627_,106.205
_01914_,106.165
_12618_,106.16
_04868_,106.06
_11371_,106
_07420_,105.93
_07786_,105.82
_05045_,105.78
_09864_,105.6
clknet_leaf_364_clk,105.5
_12556_,105.42
clknet_leaf_250_clk,105.4
_12890_,105.38
_12638_,105.345
u_cpu.pcpi_rs1\[17\],105.23
clknet_leaf_30_clk,105.2
_04636_,105.12
clknet_leaf_251_clk,105
_12913_,104.99
_13874_,104.97
_10842_,104.96
clknet_leaf_86_clk,104.84
_04315_,104.82
_04558_,104.82
_07759_,104.78
_06984_,104.72
clknet_leaf_254_clk,104.7
_13485_,104.68
net4105,104.67
_05399_,104.63
net4625,104.6
_14053_,104.48
_04945_,104.44
_07576_,104.44
_12704_,104.42
_07300_,104.4
_07879_,104.24
_12535_,104.14
clknet_leaf_169_clk,104.1
clknet_leaf_268_clk,104.02
_11125_,104.005
_09760_,104
_07104_,103.99
_05285_,103.9
clknet_leaf_181_clk,103.74
clknet_leaf_99_clk,103.72
_05743_,103.38
_08047_,103.37
_12693_,103.22
u_cpu.alu_out_q\[25\],103.04
_11398_,102.98
clknet_leaf_143_clk,102.96
_14453_,102.9
_14181_,102.88
clknet_leaf_32_clk,102.88
clknet_leaf_287_clk,102.88
clknet_leaf_195_clk,102.82
_07512_,102.8
_14449_,102.795
_12989_,102.725
clknet_leaf_111_clk,102.6
_13029_,102.5
_06609_,102.4
_09375_,102.375
_05388_,102.3
_07154_,102.28
clknet_leaf_361_clk,102.2
_04437_,101.88
clknet_leaf_33_clk,101.88
_12280_,101.86
_12575_,101.7
_09590_,101.62
clknet_leaf_51_clk,101.6
clknet_leaf_253_clk,101.58
_14435_,101.46
clknet_leaf_256_clk,101.44
u_cpu.cpuregs\[1\]\[25\],101.42
_10807_,101.4
_12501_,101.35
_05902_,101.32
_07161_,101.28
_08772_,101.28
_04497_,101.22
clknet_leaf_308_clk,101.2
_10600_,101.16
_07757_,101.1
_08829_,101.08
clknet_leaf_344_clk,101.08
_07540_,100.98
_05392_,100.87
_13815_,100.86
_08337_,100.785
_12344_,100.68
clknet_leaf_98_clk,100.68
clknet_leaf_317_clk,100.54
clknet_leaf_100_clk,100.53
clknet_leaf_26_clk,100.5
_05048_,100.48
_12963_,100.435
clknet_leaf_269_clk,100.4
clknet_leaf_216_clk,100.38
clknet_leaf_123_clk,100.35
clknet_leaf_337_clk,100.34
_14460_,100.24
_12701_,100.18
clknet_leaf_215_clk,100.02
_07431_,100
_14031_,99.96
clknet_leaf_359_clk,99.89
_13893_,99.7
_13305_,99.59
_08058_,99.56
_11855_,99.53
_13240_,99.5
_14565_,99.46
_12609_,99.44
_07288_,99.38
_07449_,99.36
_10803_,99.33
clknet_leaf_15_clk,99.32
clknet_leaf_37_clk,99.32
clknet_leaf_146_clk,99.32
clknet_leaf_127_clk,99.31
_13907_,99.29
_12335_,99.2
_07541_,99.16
_12506_,99.1
clknet_leaf_44_clk,99.08
net4835,98.86
u_interconnect.m_axi_araddr\[7\],98.82
clknet_leaf_96_clk,98.78
clknet_leaf_54_clk,98.72
clknet_leaf_149_clk,98.72
clknet_leaf_206_clk,98.66
_07274_,98.62
_12925_,98.58
_09845_,98.54
_08876_,98.52
clknet_leaf_282_clk,98.475
_04601_,98.46
_04449_,98.4
clknet_leaf_14_clk,98.315
_11078_,98.21
_11324_,98.21
clknet_leaf_65_clk,98.07
clknet_leaf_177_clk,98.06
u_cpu.pcpi_rs1\[1\],98.04
clknet_leaf_185_clk,98.04
_13878_,97.965
_04478_,97.94
_10408_,97.74
_05383_,97.66
_04621_,97.56
clknet_leaf_207_clk,97.485
_13036_,97.455
_07473_,97.42
u_cpu.decoded_imm_j\[10\],97.32
clknet_leaf_170_clk,97.28
clknet_leaf_296_clk,97.28
_07735_,97.2
_12885_,97.2
_14468_,97.19
_13045_,97.17
_14553_,97.14
_09442_,97.08
_09631_,97.08
_12625_,97.06
clknet_leaf_183_clk,97.06
_13049_,97.02
_14396_,97
clknet_leaf_273_clk,96.92
clknet_leaf_319_clk,96.78
_12432_,96.64
net4697,96.64
_06922_,96.6
clknet_leaf_265_clk,96.6
clknet_leaf_333_clk,96.46
clknet_leaf_24_clk,96.44
u_cpu.pcpi_rs1\[4\],96.42
_05841_,96.12
u_cpu.pcpi_rs1\[11\],96.12
_14288_,96.06
cpu_mem_rdata\[14\],96.055
_05600_,96.04
clknet_leaf_332_clk,95.98
clknet_leaf_19_clk,95.9
clknet_leaf_244_clk,95.88
_07742_,95.86
clknet_leaf_212_clk,95.84
_07546_,95.68
_07423_,95.64
clknet_leaf_153_clk,95.62
_11614_,95.58
_01425_,95.445
clknet_leaf_2_clk,95.42
clknet_leaf_326_clk,95.38
clknet_leaf_48_clk,95.37
_05901_,95.34
clknet_leaf_284_clk,95.32
u_cpu.decoded_imm_j\[18\],95.26
_08224_,95.155
_09679_,95.12
_12777_,95.1
net4616,95.08
clknet_leaf_118_clk,95.04
_14467_,95.02
_14311_,94.92
net3978,94.92
_12673_,94.86
_05824_,94.83
_14358_,94.78
_12338_,94.7
_08811_,94.59
_12968_,94.58
clknet_leaf_239_clk,94.58
_13539_,94.54
clknet_leaf_232_clk,94.42
_05370_,94.36
_07168_,94.34
clknet_leaf_4_clk,94.24
u_cpu.alu_out_q\[5\],94.14
_11352_,94.06
_11550_,94
_13952_,93.92
clknet_leaf_255_clk,93.9
_10716_,93.84
_05513_,93.82
clknet_leaf_13_clk,93.74
_07732_,93.6
clknet_leaf_6_clk,93.58
_07777_,93.48
_12290_,93.48
_12349_,93.38
clknet_leaf_224_clk,93.3
clknet_leaf_323_clk,93.28
clknet_leaf_40_clk,93.26
_05424_,93.23
_07672_,93.19
_07938_,93.185
_05321_,93.1
_01537_,93.085
_05966_,93
u_cpu.pcpi_rs1\[3\],92.96
clknet_leaf_23_clk,92.88
clknet_leaf_82_clk,92.83
_13466_,92.82
_11231_,92.78
_10629_,92.74
u_cpu.alu_out\[18\],92.64
_06323_,92.59
_12660_,92.48
clknet_leaf_222_clk,92.44
clknet_leaf_297_clk,92.34
u_cpu.alu_out\[29\],92.26
clknet_leaf_258_clk,92.24
_13910_,92.2
u_cpu.alu_out_q\[9\],92.16
net4959,92.1
_04387_,92.08
clknet_leaf_205_clk,91.92
_10313_,91.84
u_sram.w_data_r\[8\],91.82
_07330_,91.81
_05965_,91.8
clknet_leaf_83_clk,91.76
_08657_,91.745
_13497_,91.68
u_cpu.decoded_imm_j\[8\],91.64
_14459_,91.6
_12607_,91.56
_04509_,91.52
_07435_,91.46
_13919_,91.42
_13906_,91.38
clknet_leaf_202_clk,91.34
_07220_,91.32
_05877_,91.26
_13830_,91.22
clknet_leaf_78_clk,91.18
_14533_,91.12
_11875_,91
net3982,90.94
_06678_,90.92
_08008_,90.92
clknet_leaf_46_clk,90.9
_09623_,90.84
_11341_,90.82
clknet_leaf_198_clk,90.82
u_cpu.decoded_imm\[31\],90.74
_07557_,90.68
_12887_,90.68
_12914_,90.625
clknet_leaf_305_clk,90.61
_13142_,90.59
_10484_,90.58
_05595_,90.5
_07544_,90.49
_14001_,90.48
_05602_,90.46
_07875_,90.42
_13115_,90.24
_07214_,90.1
_11208_,90.04
_04538_,89.92
_11919_,89.92
_10295_,89.88
_13663_,89.76
clknet_leaf_311_clk,89.72
_07581_,89.685
_00001_,89.66
clknet_leaf_107_clk,89.215
_12340_,89.21
_13909_,89.21
u_cpu.mem_rdata_q\[20\],89.2
_04356_,89.12
_12113_,89.08
clknet_leaf_190_clk,88.975
_12347_,88.86
clknet_leaf_354_clk,88.78
clknet_leaf_315_clk,88.62
net4149,88.62
_04572_,88.34
clknet_leaf_341_clk,88.3
_11285_,88.26
clknet_leaf_175_clk,88.225
clknet_leaf_318_clk,88.18
_14065_,88.14
clknet_leaf_120_clk,88.14
clknet_leaf_298_clk,88.12
_12339_,88.1
clknet_leaf_343_clk,88.08
_11806_,88.06
_12332_,88.04
clknet_leaf_238_clk,87.98
u_cpu.alu_out\[24\],87.94
clknet_leaf_59_clk,87.9
u_cpu.reg_pc\[29\],87.82
_12341_,87.78
_11573_,87.68
clknet_leaf_136_clk,87.68
clknet_leaf_289_clk,87.655
_10861_,87.62
u_cpu.alu_out\[25\],87.565
_08604_,87.55
_07367_,87.54
u_sram.mem\[63\]\[6\],87.44
_06932_,87.4
_07139_,87.4
clknet_leaf_270_clk,87.32
_04825_,87.3
net4158,87.26
_13118_,87.24
_07152_,87.21
_09208_,87.16
clknet_leaf_300_clk,87.16
clknet_leaf_329_clk,87.12
clknet_leaf_353_clk,87.1
_12301_,87.07
_07733_,87.06
clknet_leaf_10_clk,87.06
_05342_,87.04
_07553_,86.98
clknet_leaf_321_clk,86.98
clknet_leaf_188_clk,86.955
u_cpu.decoded_imm_j\[15\],86.9
clknet_leaf_274_clk,86.9
_04327_,86.88
_07319_,86.86
_07463_,86.84
clknet_leaf_304_clk,86.84
_14325_,86.82
_07347_,86.8
_07305_,86.76
clknet_leaf_279_clk,86.74
_09154_,86.67
_05330_,86.62
_10519_,86.58
u_cpu.mem_rdata_q\[12\],86.535
_11383_,86.5
clknet_leaf_12_clk,86.42
_05598_,86.28
_12421_,86.28
clknet_leaf_283_clk,86.18
_12705_,86.14
clknet_leaf_313_clk,86.12
_07422_,86.1
_13039_,86.1
_12507_,86.015
_12365_,85.99
_07434_,85.96
clknet_leaf_139_clk,85.96
_08756_,85.945
net4898,85.915
_08370_,85.91
net4202,85.88
_11115_,85.86
_09344_,85.8
_06974_,85.76
clknet_leaf_63_clk,85.74
_14225_,85.62
clknet_leaf_342_clk,85.56
clknet_leaf_302_clk,85.42
_13033_,85.4
_11445_,85.34
_13042_,85.28
_12295_,85.26
_08102_,85.18
_12581_,85.14
net4118,85.14
_12889_,85.12
_14430_,85.06
_09042_,85.045
_01780_,85.02
_10098_,85.02
u_cpu.reg_pc\[5\],84.99
_07767_,84.92
_11997_,84.92
clknet_leaf_11_clk,84.92
net4888,84.92
_07200_,84.775
_07563_,84.76
clknet_leaf_257_clk,84.74
_07761_,84.72
_14381_,84.7
net4961,84.7
_07585_,84.68
_11951_,84.66
_04664_,84.44
_07187_,84.38
_12994_,84.34
_14213_,84.3
_05822_,84.26
_10624_,84.24
clknet_leaf_366_clk,84.24
_14485_,84.22
clknet_leaf_150_clk,84.08
_08322_,84.06
_07853_,84.02
_07584_,83.92
u_sram.aw_addr_r\[5\],83.92
_12337_,83.82
_06905_,83.8
clknet_leaf_39_clk,83.8
clknet_leaf_299_clk,83.74
u_sram.w_data_r\[16\],83.72
_12582_,83.58
clknet_leaf_345_clk,83.58
_07551_,83.56
_13168_,83.55
_08625_,83.52
_12901_,83.46
_09343_,83.14
_08704_,83.1
clknet_leaf_21_clk,82.88
_11962_,82.84
_12300_,82.84
clknet_leaf_104_clk,82.72
_04416_,82.62
_07381_,82.62
_05373_,82.605
_12348_,82.46
_14193_,82.4
_09846_,82.36
_12592_,82.36
_13047_,82.32
_06965_,82.29
_05076_,82.28
clknet_leaf_295_clk,82.28
_12944_,82.26
clknet_leaf_166_clk,82.24
_12361_,82.22
_14150_,82.12
_05104_,82.1
clknet_leaf_352_clk,82.1
clknet_leaf_60_clk,82.02
_09581_,81.98
_10485_,81.96
_10948_,81.96
_04353_,81.94
u_cpu.reg_pc\[3\],81.88
_14126_,81.82
clknet_leaf_201_clk,81.82
_05546_,81.74
clknet_leaf_180_clk,81.74
u_sram.aw_addr_r\[3\],81.705
_11423_,81.7
_13204_,81.69
_05360_,81.6
_07488_,81.39
_06163_,81.38
_04739_,81.34
_05660_,81.28
_07340_,81.22
_06325_,81.14
clknet_leaf_322_clk,81.08
u_sram.aw_addr_r\[4\],81.065
_11243_,81.04
_10168_,80.96
_07702_,80.95
clknet_leaf_165_clk,80.94
_04709_,80.9
clknet_leaf_189_clk,80.9
_07177_,80.83
_07738_,80.82
net4200,80.82
_07516_,80.81
_12873_,80.8
u_cpu.pcpi_rs1\[6\],80.78
clknet_leaf_75_clk,80.76
clknet_leaf_113_clk,80.72
_05393_,80.64
_13745_,80.62
net4954,80.56
_08874_,80.54
clknet_leaf_262_clk,80.5
clknet_leaf_367_clk,80.46
_11755_,80.44
clknet_leaf_16_clk,80.4
net4734,80.38
_10057_,80.36
_05257_,80.34
_05005_,80.3
_12366_,80.1
clknet_leaf_231_clk,80.1
_13060_,80.08
u_cpu.decoded_imm_j\[9\],80
u_sram.w_data_r\[11\],79.9
_13232_,79.86
clknet_leaf_243_clk,79.83
_10866_,79.82
_10821_,79.79
_06741_,79.72
clknet_leaf_218_clk,79.66
_07577_,79.62
_14229_,79.56
u_sram.mem\[15\]\[5\],79.54
u_cpu.latched_is_lb,79.51
_05065_,79.5
_06904_,79.46
_05597_,79.405
clknet_leaf_142_clk,79.38
_09778_,79.32
clknet_leaf_267_clk,79.26
_09499_,79.24
_14362_,79.24
_05585_,79.18
_12289_,79.14
_05599_,79.1
_11165_,79.1
_13199_,79.08
_14259_,79.08
_07582_,79.05
_08879_,79
net4567,78.98
u_sram.mem\[15\]\[16\],78.96
_12620_,78.87
_12423_,78.8
_12304_,78.79
_09888_,78.62
_04468_,78.54
_07041_,78.54
_07486_,78.54
_10121_,78.54
clknet_leaf_70_clk,78.54
_11199_,78.52
_05017_,78.44
clknet_leaf_225_clk,78.28
_05137_,78.22
_12528_,78.22
_07284_,78.2
clknet_leaf_223_clk,78.16
clknet_leaf_260_clk,78.16
clknet_leaf_292_clk,78.1
net4261,78.1
_12360_,77.92
u_cpu.alu_out\[19\],77.885
u_cpu.reg_pc\[27\],77.86
u_sram.w_data_r\[13\],77.84
clknet_leaf_314_clk,77.82
_08875_,77.645
u_cpu.cpuregs\[26\]\[7\],77.48
net3935,77.44
u_interconnect.s1_axi_rdata\[20\],77.38
clknet_leaf_194_clk,77.33
_08681_,77.32
_08784_,77.32
u_interconnect.m_axi_wdata\[29\],77.26
_07710_,77.14
_12523_,77.1
clknet_leaf_101_clk,77.06
_12426_,77
clknet_leaf_351_clk,77
_09348_,76.98
clknet_leaf_50_clk,76.98
u_cpu.alu_out\[9\],76.9
net4495,76.89
net4546,76.88
_13921_,76.87
_13226_,76.82
_07765_,76.8
_13089_,76.785
_05197_,76.78
_07611_,76.72
_07590_,76.64
u_interconnect.m_axi_wstrb\[2\],76.64
clknet_leaf_219_clk,76.58
_07093_,76.54
_07314_,76.52
_07562_,76.52
u_sram.w_data_r\[14\],76.5
u_sram.w_data_r\[15\],76.46
clknet_leaf_271_clk,76.38
clknet_leaf_226_clk,76.375
_13796_,76.28
_05355_,76.26
u_uart.tx_ready,76.22
_12292_,76.18
clknet_leaf_363_clk,76.18
_09362_,76.1
_12677_,76.08
u_cpu.instr_bgeu,76.08
clknet_leaf_147_clk,76.08
_06906_,76.03
_05436_,76.02
_11143_,75.78
u_cpu.latched_is_lh,75.74
_08843_,75.72
_05723_,75.7
_07731_,75.66
_12406_,75.65
_07275_,75.64
_09697_,75.52
_12676_,75.52
net4494,75.48
u_cpu.latched_branch,75.42
_07729_,75.41
_06961_,75.32
_05498_,75.26
_05749_,75.26
clknet_leaf_172_clk,75.22
_09384_,75.17
_12659_,75.1
_12603_,75.06
u_cpu.alu_out_q\[29\],75
clknet_leaf_294_clk,75
_08046_,74.935
clknet_leaf_125_clk,74.9
_04655_,74.8
clknet_leaf_355_clk,74.8
net4053,74.76
_12661_,74.74
_12417_,74.66
_07734_,74.62
_07721_,74.6
_08629_,74.6
_07580_,74.58
_14348_,74.58
_10124_,74.52
_13606_,74.48
_05620_,74.3
clknet_leaf_160_clk,74.28
_07337_,74.21
_13074_,74.2
_12935_,74.09
_14278_,74.02
_12306_,73.88
_12791_,73.875
_08168_,73.82
u_cpu.is_sb_sh_sw,73.82
_07589_,73.76
_13017_,73.76
clknet_leaf_280_clk,73.68
clknet_leaf_301_clk,73.63
_12624_,73.62
u_cpu.reg_pc\[28\],73.56
_12427_,73.54
_05737_,73.48
_12425_,73.42
_05860_,73.41
_05726_,73.28
_10036_,73.16
_13276_,73.14
_10211_,73.08
_07491_,73.02
_10075_,73.02
_12606_,72.98
_12422_,72.86
u_sram.w_data_r\[12\],72.82
_08831_,72.78
_11621_,72.78
_11659_,72.66
u_interconnect.m_axi_wdata\[15\],72.66
_09971_,72.64
clknet_leaf_157_clk,72.62
_12286_,72.6
_05479_,72.56
clknet_leaf_263_clk,72.54
_12024_,72.46
net4668,72.44
_06969_,72.4
net4586,72.38
_09043_,72.34
_10239_,72.34
_05791_,72.32
cpu_mem_rdata\[13\],72.32
_11008_,72.28
net4903,72.28
_07339_,72.245
_07257_,72.24
_10698_,72.16
u_cpu.alu_out\[15\],72.025
_05651_,72
_04592_,71.96
_05666_,71.96
net4838,71.96
net5123,71.86
u_cpu.mem_rdata_q\[13\],71.82
clknet_leaf_233_clk,71.82
_11156_,71.78
_09498_,71.62
_11273_,71.6
_05641_,71.58
_07768_,71.58
_10774_,71.56
_08880_,71.54
_07009_,71.52
_07763_,71.48
clknet_leaf_235_clk,71.42
_11107_,71.16
_09646_,71.14
_07739_,71.04
u_cpu.pcpi_rs1\[5\],71.03
clknet_leaf_293_clk,70.98
_05814_,70.955
net4624,70.88
_06958_,70.73
_12587_,70.72
_12524_,70.7
_05796_,70.64
net4389,70.635
_07020_,70.58
_09349_,70.56
_06178_,70.54
u_cpu.mem_rdata_q\[23\],70.525
_05361_,70.51
_05468_,70.48
u_interconnect.m_axi_araddr\[5\],70.46
_10630_,70.38
clknet_leaf_236_clk,70.38
_12363_,70.34
clknet_leaf_191_clk,70.34
clknet_leaf_252_clk,70.06
_07740_,70.02
_08612_,69.98
_05584_,69.855
u_interconnect.m_axi_wdata\[13\],69.8
_12658_,69.72
clknet_leaf_221_clk,69.7
_07762_,69.64
net4509,69.62
_11011_,69.52
_12302_,69.52
u_cpu.reg_pc\[4\],69.5
_09357_,69.46
_10998_,69.36
_09774_,69.34
_07355_,69.3
_07278_,69.28
_01788_,69.24
_11464_,69.22
net4357,69.18
_05917_,69.14
_07751_,69.06
_05840_,69.03
_13298_,69
_12520_,68.98
_12364_,68.92
_07753_,68.9
_06970_,68.7
clknet_leaf_266_clk,68.68
net4195,68.6
u_interconnect.m_axi_wdata\[23\],68.56
net3942,68.52
_04816_,68.5
u_cpu.decoded_imm_j\[5\],68.42
_05817_,68.37
_04407_,68.24
_14517_,68.24
_06165_,68.22
_13282_,68.2
net4622,68.2
clknet_leaf_275_clk,68.16
_07051_,68.14
_07766_,68.08
_12283_,67.94
_13021_,67.9
net4190,67.7
_10733_,67.64
_04670_,67.54
_12362_,67.54
_13277_,67.43
_12303_,67.36
u_cpu.reg_out\[22\],67.32
_08113_,67.28
_13263_,67.28
_07503_,67.27
u_cpu.decoded_imm_j\[6\],67.22
clknet_leaf_240_clk,67.22
clknet_leaf_184_clk,67.2
_11234_,67.18
clknet_leaf_306_clk,67.18
u_cpu.count_instr\[22\],67.125
clknet_leaf_41_clk,67.075
_06867_,67.04
_12294_,66.92
_07719_,66.9
_12872_,66.8
clknet_leaf_3_clk,66.8
_12505_,66.74
_12980_,66.74
_04885_,66.72
_07564_,66.72
clknet_leaf_129_clk,66.72
_09372_,66.58
_12522_,66.5
_11687_,66.44
net4801,66.44
_08725_,66.42
_09376_,66.4
_14134_,66.28
_04528_,66.26
_07755_,66.26
_10482_,66.22
_11500_,66.18
clknet_leaf_241_clk,66.155
_08740_,66.14
_10592_,66.08
net3994,65.82
_06456_,65.74
_07555_,65.71
_05969_,65.68
_09821_,65.48
_12623_,65.48
_07468_,65.33
_12305_,65.32
_06995_,65.28
_12287_,65.28
_13025_,65.26
_09929_,65.24
u_cpu.pcpi_rs1\[10\],65.14
net4099,65.12
_13156_,65
_13505_,65
_04830_,64.94
_06927_,64.94
cpu_mem_addr\[28\],64.76
_05827_,64.74
_07481_,64.66
_09804_,64.64
net4895,64.64
clknet_leaf_286_clk,64.62
_08692_,64.6
clknet_leaf_278_clk,64.56
_13030_,64.52
net4790,64.485
clknet_leaf_94_clk,64.44
_12978_,64.4
_12964_,64.34
_12948_,64.3
_11164_,64.26
_05768_,64.22
_11571_,64.215
_05607_,64.16
_07228_,64.16
_12503_,64.12
_05735_,64.04
_13524_,64.04
_11184_,63.94
_14418_,63.86
_09380_,63.84
_06005_,63.8
_12678_,63.8
u_cpu.alu_out\[17\],63.765
_04716_,63.76
_05352_,63.67
_05224_,63.66
_04957_,63.64
_13374_,63.6
_11502_,63.56
_07713_,63.505
_05864_,63.45
_08639_,63.42
_12355_,63.38
_04837_,63.3
_04582_,63.28
clknet_leaf_45_clk,63.26
_12424_,63.24
_07725_,63.16
u_cpu.cpuregs\[9\]\[9\],63.14
_07770_,63.06
_13656_,63.04
_07754_,63.02
_05759_,62.955
_07741_,62.94
_09651_,62.94
_09607_,62.92
_10862_,62.76
_07764_,62.7
_13926_,62.7
_05545_,62.68
u_sram.mem\[15\]\[23\],62.65
_08815_,62.62
_10557_,62.58
u_sram.mem\[15\]\[4\],62.58
_13836_,62.38
_07573_,62.36
_05541_,62.3
u_cpu.instr_sb,62.3
u_cpu.cpuregs\[9\]\[11\],62.26
u_cpu.alu_out\[2\],62.18
_09787_,62.16
_07575_,62
_13859_,61.92
_12519_,61.87
u_interconnect.m_axi_awvalid,61.8
_12959_,61.76
u_cpu.is_beq_bne_blt_bge_bltu_bgeu,61.68
_06724_,61.6
_04984_,61.46
_12064_,61.42
_07253_,61.26
clknet_leaf_167_clk,61.25
_04890_,61.18
_07724_,61.18
_05770_,61.105
_11207_,61.04
net4578,60.94
_08801_,60.8
_13766_,60.8
net4114,60.58
_08775_,60.56
_08345_,60.48
_08862_,60.48
u_interconnect.m_axi_wdata\[22\],60.4
_06116_,60.36
u_cpu.alu_out\[26\],60.34
_12909_,60.3
_10864_,60.18
_10658_,60.1
_10406_,60.06
_12407_,59.9
_13672_,59.88
_07529_,59.87
_07727_,59.82
net4702,59.76
_07328_,59.72
_12017_,59.72
clknet_leaf_245_clk,59.72
_07014_,59.7
_12884_,59.6
_07567_,59.58
_13789_,59.54
_07749_,59.52
_04760_,59.48
_11664_,59.4
net4501,59.26
_13588_,59.16
_08781_,59.14
_12158_,59.06
_12504_,59.06
u_cpu.pcpi_rs1\[2\],59.06
_12886_,59
_06868_,58.96
_06314_,58.94
_07492_,58.9
_08048_,58.86
_04292_,58.82
_11658_,58.78
_12291_,58.78
_12525_,58.76
net4143,58.76
_10951_,58.74
net4747,58.62
net4142,58.56
_10016_,58.5
_11873_,58.46
_14285_,58.44
_05807_,58.36
clknet_leaf_249_clk,58.34
clknet_leaf_121_clk,58.28
net5143,58.2
_13027_,58.14
_05044_,58.12
_07378_,58.1
clknet_leaf_214_clk,58.04
_05900_,58
_05821_,57.98
_07908_,57.98
_07404_,57.96
_05980_,57.92
_07586_,57.9
_11789_,57.86
_13022_,57.86
_05292_,57.84
clknet_leaf_272_clk,57.82
net4002,57.82
_07571_,57.8
_05284_,57.78
_06339_,57.78
_10368_,57.78
_05338_,57.76
_10631_,57.75
_13028_,57.72
net4175,57.66
net5122,57.655
u_sram.mem\[15\]\[0\],57.62
net4857,57.545
u_cpu.mem_la_wdata\[0\],57.54
net4518,57.41
_06049_,57.32
_08606_,57.22
net4635,57.22
net5126,57.18
net4167,57.1
net5141,57.08
_05203_,56.96
net3992,56.92
_09586_,56.84
clknet_leaf_310_clk,56.84
_05125_,56.82
_09340_,56.8
_11742_,56.78
u_interconnect.m_axi_wdata\[21\],56.76
net4106,56.74
u_cpu.instr_jal,56.61
_10734_,56.555
_09568_,56.54
_11710_,56.54
_06851_,56.46
_05408_,56.44
_10732_,56.42
_12976_,56.42
_07487_,56.28
net5105,56.22
_09512_,56.2
net4330,56.165
_09346_,56.14
_12333_,55.96
u_cpu.instr_blt,55.92
_12586_,55.89
_12950_,55.8
_10444_,55.7
net5152,55.68
_14355_,55.66
net3104,55.58
_12675_,55.52
_05438_,55.405
_11068_,55.34
u_cpu.alu_out_q\[0\],55.34
_08614_,55.31
net3142,55.2
_09752_,55.1
_11792_,55.06
_06899_,54.96
_12288_,54.84
_07285_,54.78
clknet_leaf_119_clk,54.78
_08917_,54.7
u_cpu.alu_out\[7\],54.665
_08473_,54.66
_10726_,54.64
_11915_,54.6
u_interconnect.m_axi_wdata\[31\],54.6
u_cpu.alu_out\[21\],54.575
_06208_,54.5
_05367_,54.44
cpu_mem_addr\[23\],54.42
_04396_,54.4
clknet_leaf_192_clk,54.36
_10843_,54.34
_04518_,54.32
_04535_,54.32
net4968,54.32
_07002_,54.3
_05185_,54.28
net4288,54.28
_10681_,54.26
net5146,54.2
_09628_,54.14
_09729_,54.02
clknet_leaf_303_clk,53.94
net4281,53.92
_06912_,53.88
_07752_,53.87
_12726_,53.84
_04897_,53.78
_05671_,53.74
cpu_mem_addr\[21\],53.74
net4829,53.73
_09907_,53.72
u_cpu.cpuregs\[9\]\[13\],53.72
_01789_,53.7
_13634_,53.6
_10708_,53.52
_08121_,53.48
_07543_,53.47
_07183_,53.46
_10233_,53.46
_07756_,53.38
_10150_,53.2
_06660_,53.08
_09737_,53
net2562,53
_07287_,52.99
_05621_,52.97
_12946_,52.92
_13448_,52.84
u_interconnect.m_axi_arvalid,52.84
net4532,52.78
_13736_,52.68
_05594_,52.64
clknet_leaf_330_clk,52.64
net4124,52.56
net4312,52.465
_08810_,52.42
_12604_,52.4
net4376,52.38
_12464_,52.18
_11276_,52.16
u_sram.mem\[47\]\[7\],52.16
u_cpu.cpuregs\[9\]\[8\],52.1
_01781_,52.08
net5124,52.08
_07318_,52.01
net4089,52
net4139,51.98
clknet_leaf_246_clk,51.92
_06797_,51.88
_05696_,51.86
_08936_,51.86
_05245_,51.84
_08665_,51.78
_05563_,51.74
u_interconnect.s1_axi_rdata\[22\],51.7
_08946_,51.66
_04864_,51.64
_13546_,51.52
_09881_,51.5
net4117,51.48
net5082,51.46
_07483_,51.43
_11374_,51.42
_05414_,51.4
_11357_,51.36
u_sram.mem\[31\]\[8\],51.36
_05164_,51.26
_06108_,51.26
_08391_,51.26
u_cpu.alu_out\[20\],51.245
clknet_leaf_161_clk,51.24
_11067_,51.22
net4664,51.13
_05879_,51
net3797,50.98
_13699_,50.96
_12284_,50.9
_09711_,50.86
_11441_,50.8
net2670,50.8
net4130,50.8
net5133,50.8
_04347_,50.76
_12953_,50.74
_05816_,50.715
_05384_,50.67
_09689_,50.66
_10253_,50.66
_05967_,50.64
_07743_,50.64
_10559_,50.64
_08317_,50.635
_13566_,50.56
u_cpu.pcpi_rs2\[31\],50.56
_11288_,50.52
_12035_,50.5
_04937_,50.46
_10865_,50.44
_09023_,50.42
cpu_mem_addr\[27\],50.42
_10666_,50.36
_05647_,50.34
net3975,50.32
_11700_,50.16
net4292,50.08
_04413_,50.04
_09733_,50.01
_08974_,49.88
_09546_,49.88
_13615_,49.88
u_cpu.cpuregs\[9\]\[12\],49.86
net4846,49.84
_14572_,49.82
u_sram.mem\[15\]\[7\],49.72
_05566_,49.7
_10682_,49.7
_05606_,49.69
_12974_,49.68
_07329_,49.66
_07197_,49.58
_08661_,49.57
net4067,49.54
_07480_,49.5
_08906_,49.5
u_interconnect.s1_axi_rdata\[23\],49.5
_07472_,49.48
net4035,49.46
net3757,49.42
_08497_,49.41
_07910_,49.375
_10706_,49.32
_07476_,49.28
_14585_,49.28
u_cpu.cpuregs\[28\]\[7\],49.28
_14258_,49.24
_06052_,49.22
net4416,49.21
_07587_,49.18
_09831_,48.94
net5140,48.94
_09756_,48.92
_10677_,48.92
u_cpu.pcpi_rs1\[16\],48.9
_11623_,48.86
u_cpu.cpuregs\[13\]\[6\],48.74
cpu_mem_addr\[6\],48.66
_10192_,48.58
u_cpu.count_instr\[20\],48.56
net1675,48.53
_05622_,48.48
_06237_,48.46
_11853_,48.44
u_cpu.decoder_trigger,48.44
_11406_,48.28
net5130,48.22
_10678_,48.2
u_cpu.count_instr\[21\],48.14
_04950_,48.06
_09378_,48.06
net5072,48.02
_05771_,48.015
_14272_,47.98
_05653_,47.94
_06279_,47.94
_13024_,47.88
_09361_,47.84
_05649_,47.8
_13771_,47.78
_07172_,47.75
_05603_,47.7
_07559_,47.62
_08309_,47.6
_05693_,47.58
_07703_,47.495
net5129,47.48
_06203_,47.475
_11774_,47.44
u_sram.mem\[15\]\[6\],47.44
_08864_,47.42
_10074_,47.42
_05788_,47.415
_05230_,47.38
_05462_,47.365
_10684_,47.35
_10908_,47.34
_10275_,47.32
_08897_,47.24
_04807_,47.2
_09269_,47.18
u_cpu.alu_out_q\[4\],47.14
net4382,47.1
net4217,47.07
_05619_,47.06
_13031_,47.06
u_cpu.count_instr\[8\],47.06
_05083_,47.04
u_cpu.decoded_imm_j\[7\],47.04
_09383_,47.02
_09013_,46.98
_01915_,46.965
net5172,46.94
_12358_,46.82
_05972_,46.8
_10331_,46.8
_08777_,46.77
_09289_,46.715
_05409_,46.68
_07718_,46.64
_09728_,46.64
_11426_,46.62
_12910_,46.615
_11412_,46.6
u_interconnect.m_axi_araddr\[4\],46.6
net4896,46.5
_05070_,46.48
_07227_,46.48
_09250_,46.46
net4728,46.46
net4128,46.44
_05617_,46.42
_11696_,46.42
_05829_,46.4
_07120_,46.36
_09116_,46.34
_08913_,46.32
_11580_,46.3
_07202_,46.255
net4198,46.24
_08173_,46.22
_03114_,46.2
u_cpu.decoded_imm_j\[20\],46.2
net3699,46.2
_01432_,46.145
_06926_,46.12
clknet_leaf_154_clk,46.08
u_uart.rx_buf_data\[1\],46.06
_12942_,46.02
_09293_,46
net2905,45.98
_07078_,45.96
_09382_,45.86
_05834_,45.8
_08695_,45.8
_07348_,45.78
net4452,45.78
net5145,45.74
_10952_,45.72
_11071_,45.72
_07010_,45.7
_04846_,45.68
_11557_,45.64
_04661_,45.6
net4641,45.58
_04458_,45.56
_05375_,45.56
_05571_,45.56
_06869_,45.55
_05918_,45.44
_06050_,45.44
_13068_,45.425
_07083_,45.4
_12296_,45.39
_01785_,45.38
_13294_,45.38
_10149_,45.28
_12128_,45.28
net4514,45.28
_07213_,45.24
_05427_,45.23
_05906_,45.2
_14317_,45.18
u_cpu.alu_out\[4\],45.175
_07667_,45.16
_07714_,45.14
_08313_,45.14
_11246_,45.06
u_interconnect.m_axi_wdata\[30\],45.06
_04963_,45.04
net5131,45
net4296,44.98
_07341_,44.86
_12345_,44.84
_14086_,44.84
_07035_,44.82
_08763_,44.8
cpu_mem_addr\[15\],44.8
_14336_,44.78
_05601_,44.76
_10686_,44.74
_04422_,44.72
_07064_,44.7
_05472_,44.6
_11202_,44.6
_12002_,44.6
_05661_,44.575
net3733,44.56
_04393_,44.48
net3951,44.46
_09037_,44.42
net5144,44.42
_06170_,44.38
_07471_,44.38
u_sram.mem\[31\]\[12\],44.34
net4064,44.3
_13180_,44.28
_06266_,44.14
_06737_,44.12
_12419_,44.12
u_sram.mem\[31\]\[13\],44.12
_09127_,44.02
_09641_,44.02
_12584_,44.02
_13719_,44.02
_05899_,43.96
_06898_,43.94
_07345_,43.92
u_cpu.count_cycle\[26\],43.92
u_interconnect.m_axi_wdata\[28\],43.86
_05914_,43.84
net4982,43.8
net5171,43.8
net4342,43.765
_05551_,43.76
net4644,43.76
_11807_,43.64
_08965_,43.545
_06989_,43.54
_10986_,43.54
_06190_,43.53
u_interconnect.s1_axi_rdata\[24\],43.5
_05486_,43.46
u_sram.mem\[31\]\[9\],43.455
_05381_,43.41
_07031_,43.4
u_cpu.reg_out\[24\],43.4
_14232_,43.34
_05447_,43.3
_09599_,43.28
_04362_,43.24
_11092_,43.22
net3937,43.22
_07797_,43.18
_06597_,43.16
clknet_leaf_261_clk,43.1
_10200_,43.02
_03118_,43.005
u_cpu.cpuregs\[9\]\[10\],42.98
u_cpu.alu_out\[13\],42.965
_10139_,42.92
u_cpu.reg_out\[27\],42.88
_08915_,42.835
_07264_,42.78
_08098_,42.76
_05657_,42.72
_12956_,42.72
net2313,42.64
_11386_,42.62
_10274_,42.58
_04956_,42.52
_09988_,42.52
_06920_,42.5
_07569_,42.48
_03113_,42.465
_04484_,42.46
_09085_,42.46
u_cpu.cpuregs\[31\]\[6\],42.46
net4906,42.455
net3634,42.38
cpu_mem_addr\[24\],42.34
_08468_,42.3
_11852_,42.28
_04455_,42.22
_11782_,42.2
u_cpu.cpuregs\[21\]\[1\],42.16
u_cpu.is_slti_blt_slt,42.16
_10350_,42.12
u_cpu.pcpi_rs1\[9\],42.07
net3773,42.03
_14268_,42.02
u_cpu.mem_rdata_q\[25\],42
net4368,42
_05004_,41.96
_11801_,41.84
net2954,41.83
_05077_,41.8
_08471_,41.8
_05359_,41.76
_14000_,41.7
_11351_,41.68
net3863,41.66
_05537_,41.62
_05016_,41.6
u_cpu.cpuregs\[13\]\[5\],41.58
_05630_,41.57
_10954_,41.57
_13671_,41.54
_05517_,41.53
_07806_,41.5
_08827_,41.5
_09716_,41.48
_10008_,41.48
cpu_mem_addr\[25\],41.44
net4724,41.43
_07477_,41.42
_05577_,41.4
_07705_,41.38
u_cpu.reg_out\[29\],41.38
_05254_,41.28
_08873_,41.24
_12202_,41.24
_06032_,41.22
_11219_,41.2
_04642_,41.06
net4037,41.04
_07370_,41.02
u_interconnect.m_axi_araddr\[2\],41
u_uart.u_rx.shift_reg\[7\],41
net5040,41
_05572_,40.94
_08060_,40.94
_12244_,40.9
u_cpu.reg_out\[23\],40.82
_10318_,40.74
u_cpu.alu_out_q\[7\],40.7
_08832_,40.62
_07273_,40.6
_12088_,40.6
_10488_,40.58
_13993_,40.58
_08555_,40.56
_14076_,40.54
_11162_,40.52
_08748_,40.5
_06177_,40.48
_05350_,40.46
u_cpu.cpu_state\[4\],40.46
cpu_mem_addr\[26\],40.44
_05558_,40.42
_04337_,40.38
_07401_,40.36
_06128_,40.35
_05583_,40.28
_04924_,40.24
_13438_,40.22
_05341_,40.16
_14498_,40.14
_13308_,40.12
u_cpu.instr_bltu,40.12
_08081_,40.08
u_sram.mem\[15\]\[3\],40.08
_11489_,40.06
_07159_,40.03
_14295_,40.02
_11118_,39.98
net2441,39.98
u_sram.w_data_r\[7\],39.96
_01441_,39.945
_05629_,39.94
_13262_,39.92
u_cpu.reg_pc\[31\],39.92
cpu_mem_wstrb\[3\],39.9
_13283_,39.89
u_sram.mem\[31\]\[18\],39.88
_07684_,39.86
_11579_,39.86
_08902_,39.835
_12298_,39.72
_11136_,39.7
_13821_,39.68
_11656_,39.62
u_sram.mem\[27\]\[18\],39.62
_13475_,39.6
_14044_,39.6
_13132_,39.58
_05143_,39.54
_09123_,39.54
_14406_,39.54
cpu_mem_addr\[22\],39.54
_08728_,39.52
_12621_,39.48
_05615_,39.46
_05454_,39.41
_13681_,39.4
_05836_,39.36
_11408_,39.36
_04645_,39.26
_09525_,39.26
_05487_,39.24
_03116_,39.165
_13605_,39.16
_05170_,39.14
_10636_,39.12
_14203_,39.12
u_interconnect.s2_axi_rdata\[4\],39.12
net5013,39.12
_05733_,39.08
net3936,39.08
_10910_,39.06
_06146_,39
_14269_,38.995
_04502_,38.98
_12062_,38.98
_13974_,38.98
_06976_,38.965
_04380_,38.96
net2959,38.96
_12059_,38.94
u_cpu.cpuregs\[20\]\[12\],38.94
_05282_,38.92
_09946_,38.92
_04442_,38.9
u_cpu.instr_jalr,38.9
_08033_,38.88
_08408_,38.86
_07711_,38.84
_05064_,38.78
u_cpu.cpuregs\[20\]\[28\],38.76
_05371_,38.75
_14252_,38.74
_10887_,38.72
cpu_mem_addr\[19\],38.72
_00376_,38.66
net4074,38.66
u_cpu.pcpi_rs1\[0\],38.64
u_sram.mem\[31\]\[11\],38.64
_04998_,38.6
_05839_,38.6
_06921_,38.6
u_sram.mem\[31\]\[14\],38.56
_09200_,38.52
_10650_,38.51
_05467_,38.5
_13189_,38.48
_14558_,38.46
_08647_,38.44
_10341_,38.42
net4319,38.42
_07165_,38.38
_11495_,38.36
net5170,38.32
_04579_,38.3
_10924_,38.26
_05645_,38.24
net2449,38.24
_06591_,38.14
_05377_,38.08
_12664_,38.04
u_cpu.instr_srl,37.98
_07386_,37.925
_10268_,37.92
_07750_,37.9
_05023_,37.88
_12990_,37.86
_13019_,37.86
_14402_,37.86
clknet_leaf_141_clk,37.86
_08990_,37.82
_10354_,37.78
u_sram.mem\[31\]\[7\],37.74
_05516_,37.7
_10679_,37.7
_14011_,37.7
_05945_,37.68
_08743_,37.68
_13962_,37.68
_06056_,37.66
_09885_,37.66
u_cpu.pcpi_rs1\[8\],37.64
net4980,37.64
u_cpu.alu_out\[16\],37.6
net4354,37.57
_10750_,37.54
_04877_,37.52
u_interconnect.m_axi_wdata\[20\],37.52
_05453_,37.5
_13586_,37.46
u_cpu.cpu_state\[5\],37.45
_04564_,37.44
_04607_,37.44
_13134_,37.44
_09095_,37.42
_09723_,37.38
_07659_,37.37
_12940_,37.36
_10940_,37.34
_07971_,37.32
_09036_,37.32
_11665_,37.32
_13638_,37.32
net4679,37.32
net5180,37.3
_04320_,37.24
net4213,37.24
net4030,37.2
u_sram.mem\[11\]\[8\],37.18
_05441_,37.13
u_cpu.alu_out\[3\],37.12
_07610_,37.1
_07708_,37.08
u_cpu.cpuregs\[31\]\[18\],37.08
_11647_,37.02
_11411_,36.9
_05007_,36.88
_11976_,36.88
u_cpu.cpuregs\[30\]\[6\],36.84
u_sram.mem\[8\]\[8\],36.84
u_cpu.cpuregs\[17\]\[7\],36.82
_10078_,36.76
u_sram.mem\[27\]\[19\],36.76
_06850_,36.755
_09822_,36.74
_11797_,36.74
_01428_,36.685
_07737_,36.68
u_cpu.cpuregs\[3\]\[7\],36.68
net4414,36.66
_10190_,36.64
_10840_,36.62
u_cpu.mem_rdata_q\[21\],36.58
u_cpu.instr_slli,36.54
_08034_,36.5
net5163,36.48
u_cpu.is_alu_reg_imm,36.46
net3683,36.46
_05642_,36.445
u_sram.mem\[31\]\[10\],36.44
_06536_,36.4
u_sram.mem\[12\]\[8\],36.38
net5116,36.38
_05294_,36.34
_10014_,36.32
_04836_,36.3
_09055_,36.26
_11578_,36.26
_04301_,36.24
_05643_,36.22
u_sram.mem\[31\]\[20\],36.22
net4537,36.22
net4554,36.22
_11617_,36.21
_09555_,36.16
net1559,36.16
_05591_,36.11
_09928_,36.1
net3309,36.1
_05354_,36.08
_05988_,36.08
net734,36.08
_07723_,36.04
_08202_,36.04
_09683_,36.04
_14528_,36.04
_06917_,36.02
_11023_,35.96
_08320_,35.94
_05847_,35.92
_05345_,35.9
_12908_,35.9
_05030_,35.78
_11945_,35.78
u_cpu.cpuregs\[24\]\[1\],35.78
_13658_,35.76
_05700_,35.74
_08925_,35.72
net4047,35.68
_09110_,35.6
_14073_,35.58
_07042_,35.56
clknet_leaf_237_clk,35.56
_06196_,35.53
_04862_,35.52
_14439_,35.52
u_cpu.reg_out\[20\],35.52
_09114_,35.48
_09244_,35.46
_05971_,35.435
_08746_,35.42
_09775_,35.42
net4278,35.385
_09051_,35.34
_06794_,35.32
_05528_,35.26
_11958_,35.26
_14165_,35.26
_08783_,35.2
_11654_,35.2
_14028_,35.2
u_sram.mem\[31\]\[25\],35.18
u_interconnect.m_axi_wdata\[26\],35.16
_14142_,35.14
net4059,35.1
net4910,35.08
_05403_,35.075
_09080_,35.02
net1351,35.02
_08485_,34.98
_07958_,34.89
_11878_,34.88
net70,34.88
_07017_,34.84
_07887_,34.82
_05415_,34.81
_04992_,34.8
_13195_,34.8
_06067_,34.78
_09541_,34.78
_04752_,34.74
_14200_,34.74
_09081_,34.7
net4671,34.7
_14492_,34.64
_05636_,34.62
_13956_,34.62
u_cpu.cpuregs\[2\]\[20\],34.6
net3893,34.6
net4837,34.6
u_interconnect.s2_axi_rdata\[0\],34.58
u_sram.mem\[3\]\[21\],34.58
_09594_,34.56
net4097,34.56
net5053,34.56
u_cpu.alu_out\[22\],34.54
_06947_,34.53
u_cpu.cpuregs\[29\]\[5\],34.52
_06382_,34.5
_04334_,34.48
_05042_,34.48
u_cpu.alu_out\[10\],34.48
u_interconnect.s2_axi_rdata\[5\],34.48
_07736_,34.46
_06486_,34.44
_12969_,34.42
_14540_,34.36
_05502_,34.345
_04903_,34.34
_14366_,34.32
cpu_mem_addr\[7\],34.32
u_cpu.count_cycle\[24\],34.26
_04906_,34.24
_12103_,34.24
net2042,34.24
_05222_,34.22
_08822_,34.205
u_cpu.cpuregs\[0\]\[1\],34.18
u_sram.mem\[31\]\[17\],34.18
net2979,34.18
_05505_,34.14
_06909_,34.04
u_interconnect.m_axi_awaddr\[5\],34.04
_09850_,34
_13048_,34
_05662_,33.96
_09093_,33.94
_06962_,33.92
_09993_,33.92
u_sram.mem\[31\]\[27\],33.92
u_cpu.instr_sra,33.86
_05554_,33.84
_08921_,33.8
_13034_,33.8
u_cpu.cpuregs\[24\]\[13\],33.78
_12988_,33.76
_04317_,33.74
u_sram.mem\[31\]\[15\],33.74
net4529,33.72
_05100_,33.66
_07647_,33.66
_14222_,33.66
_05492_,33.655
net4302,33.64
_14091_,33.62
_06231_,33.6
_12132_,33.58
_07728_,33.56
_04922_,33.54
_06998_,33.52
_05490_,33.5
u_sram.mem\[31\]\[29\],33.5
_04544_,33.46
_14186_,33.46
net4510,33.445
_06846_,33.44
_09226_,33.44
net4221,33.44
_13805_,33.42
net4018,33.42
net4029,33.4
_07156_,33.39
_05522_,33.38
_08638_,33.38
net1142,33.38
_09307_,33.36
u_cpu.cpuregs\[28\]\[6\],33.36
_10079_,33.34
u_cpu.mem_wordsize\[1\],33.32
net4077,33.32
_08232_,33.28
u_sram.mem\[51\]\[23\],33.28
_05499_,33.24
u_cpu.cpuregs\[28\]\[1\],33.24
_09865_,33.22
u_cpu.cpuregs\[9\]\[5\],33.22
u_sram.mem\[47\]\[20\],33.2
_06719_,33.17
net5164,33.16
_11692_,33.12
u_sram.mem\[15\]\[22\],33.12
_07760_,33.1
_06672_,33.08
_09676_,33.08
_11084_,33.08
net4332,33.08
_05400_,33.04
_05874_,33
net5083,32.98
_13484_,32.96
u_cpu.cpuregs\[16\]\[16\],32.96
_04982_,32.94
_14332_,32.94
net3024,32.94
_05480_,32.92
net4796,32.92
_06884_,32.91
net4326,32.88
net4742,32.86
_05112_,32.84
_07331_,32.84
u_cpu.cpuregs\[16\]\[8\],32.82
u_cpu.pcpi_rs1\[12\],32.82
net5173,32.82
cpu_mem_addr\[5\],32.8
net3983,32.8
u_uart.rx_buf_data\[6\],32.76
net1680,32.74
_07981_,32.73
_07469_,32.68
net3173,32.68
_05638_,32.62
_09381_,32.62
_14471_,32.62
_14555_,32.62
_09635_,32.6
net2834,32.57
_08966_,32.56
_11736_,32.54
net4164,32.53
_11511_,32.52
u_sram.mem\[14\]\[20\],32.52
_05290_,32.5
_07911_,32.49
_12951_,32.46
_11523_,32.4
_07720_,32.38
_08717_,32.38
_04475_,32.36
_04916_,32.34
_01434_,32.335
u_cpu.cpuregs\[16\]\[13\],32.32
_10051_,32.3
net4381,32.3
_04947_,32.28
_04515_,32.24
_07716_,32.24
_05702_,32.22
_07073_,32.2
net3051,32.2
_07387_,32.18
_04623_,32.16
_07141_,32.14
_05448_,32.08
_06105_,32.08
u_sram.aw_addr_r\[6\],32.08
u_uart.u_tx.state\[1\],32.08
_05232_,32.06
net80,32.06
_10034_,32.04
u_cpu.cpuregs\[20\]\[25\],32.02
_01451_,31.965
_11501_,31.92
u_cpu.cpuregs\[25\]\[13\],31.92
_08884_,31.9
u_cpu.alu_out_q\[3\],31.9
u_interconnect.m_axi_awaddr\[4\],31.9
_11480_,31.88
_07774_,31.86
_09360_,31.86
u_cpu.cpuregs\[4\]\[31\],31.82
net4595,31.815
net3943,31.78
net4040,31.76
_05389_,31.74
_06983_,31.74
_10725_,31.74
_13079_,31.74
_10035_,31.7
u_cpu.cpuregs\[10\]\[15\],31.7
net4703,31.7
u_sram.mem\[31\]\[0\],31.675
_01774_,31.665
_08952_,31.64
_14266_,31.62
u_cpu.cpuregs\[10\]\[5\],31.62
_08147_,31.54
_09052_,31.54
net4256,31.54
_11347_,31.5
_12991_,31.5
_11187_,31.48
_11981_,31.46
_08400_,31.44
_09086_,31.44
u_sram.mem\[31\]\[26\],31.42
_05573_,31.4
u_uart.u_rx.clk_cnt\[4\],31.4
_05774_,31.38
net1366,31.38
net4660,31.36
_14119_,31.34
net4535,31.34
_05870_,31.32
_11715_,31.32
u_cpu.cpuregs\[18\]\[4\],31.32
_13161_,31.3
u_cpu.cpuregs\[29\]\[21\],31.3
net2559,31.3
_07021_,31.28
net4916,31.26
_06256_,31.24
net3900,31.18
_05464_,31.16
_12137_,31.16
_05390_,31.12
u_cpu.cpuregs\[25\]\[1\],31.1
_11305_,31.08
_13009_,31.08
_12082_,31.06
net2816,31.04
_13055_,31.02
_13526_,31.02
_13538_,31.02
_10388_,31
_13058_,31
u_cpu.count_instr\[30\],30.98
_13003_,30.96
net4745,30.96
u_cpu.cpuregs\[26\]\[2\],30.94
u_interconnect.m_axi_araddr\[28\],30.94
net3961,30.94
_04499_,30.88
_04677_,30.88
_05810_,30.88
_09159_,30.88
_12262_,30.88
net1148,30.88
net4007,30.88
_09963_,30.86
_05711_,30.82
u_cpu.cpuregs\[5\]\[17\],30.82
u_sram.mem\[62\]\[8\],30.82
_07845_,30.8
_05432_,30.76
_07045_,30.76
_13113_,30.72
_13863_,30.7
u_sram.mem\[44\]\[21\],30.68
net4763,30.68
net4869,30.675
_10501_,30.66
_13841_,30.66
_07342_,30.64
u_sram.mem\[31\]\[23\],30.64
_04377_,30.6
_05466_,30.6
_09358_,30.56
_14270_,30.56
_05861_,30.54
net1999,30.54
net4985,30.54
_05681_,30.5
_11899_,30.5
_13814_,30.5
_06771_,30.48
_12070_,30.48
_14589_,30.46
_01792_,30.44
u_cpu.reg_out\[25\],30.44
net2911,30.44
_06022_,30.42
_05340_,30.4
net658,30.4
net1077,30.4
net2745,30.4
net4919,30.38
u_interconnect.m_axi_awaddr\[3\],30.36
net1259,30.36
_05465_,30.34
u_cpu.cpuregs\[0\]\[0\],30.34
net3929,30.34
_12943_,30.3
_05682_,30.28
_09067_,30.28
_11031_,30.28
_12194_,30.28
_14221_,30.28
clknet_leaf_242_clk,30.28
net4042,30.28
_06532_,30.26
_04626_,30.24
_06918_,30.24
_11601_,30.24
u_uart.u_rx.state\[2\],30.22
net3776,30.22
_08262_,30.2
net1508,30.2
net2681,30.2
_08622_,30.18
_12985_,30.18
u_interconnect.m_axi_wdata\[27\],30.18
_04990_,30.16
_06396_,30.16
_01771_,30.15
_09066_,30.14
net4017,30.14
u_cpu.cpuregs\[10\]\[22\],30.12
net3563,30.12
u_cpu.cpuregs\[0\]\[12\],30.1
_04860_,30.08
_05058_,30.08
_08821_,30.08
_14575_,30.06
net4272,30.06
_10300_,30.04
net3771,30.04
_08369_,30
_11788_,30
_14425_,29.98
net4623,29.98
net4914,29.945
_13179_,29.94
u_cpu.mem_do_prefetch,29.94
_12077_,29.9
_13614_,29.9
_13770_,29.9
_05299_,29.88
_10088_,29.86
_12015_,29.86
_13990_,29.86
_07918_,29.83
_05067_,29.82
_05026_,29.8
net34,29.76
_08220_,29.74
_09768_,29.74
_11780_,29.74
_13111_,29.74
u_cpu.cpuregs\[16\]\[11\],29.74
net5121,29.74
_05452_,29.72
net4121,29.7
_06242_,29.67
_05582_,29.66
_11860_,29.64
net1499,29.64
net3483,29.64
net4401,29.64
_14090_,29.62
u_cpu.cpuregs\[5\]\[31\],29.62
_11812_,29.6
_13748_,29.6
_11828_,29.52
_11697_,29.5
_10181_,29.48
_06227_,29.45
_13059_,29.44
net4506,29.41
u_cpu.cpuregs\[21\]\[5\],29.4
u_cpu.cpuregs\[9\]\[7\],29.36
_07003_,29.32
net5139,29.285
_07691_,29.28
_13717_,29.28
net2058,29.28
_04596_,29.26
net4676,29.24
_07995_,29.2
_14546_,29.2
cpu_mem_wdata\[31\],29.2
_10943_,29.18
_07965_,29.16
u_cpu.cpuregs\[1\]\[28\],29.14
u_sram.mem\[4\]\[20\],29.14
_06986_,29.12
u_cpu.instr_add,29.12
_10808_,29.1
_11689_,29.1
_05628_,29.08
_07726_,29.07
_04996_,29.06
_13898_,29.06
net1492,29.06
_07944_,29.055
u_cpu.count_instr\[10\],29.04
_05485_,29.02
_05763_,29
net3914,28.98
_11888_,28.96
_13385_,28.96
_05698_,28.94
u_cpu.mem_rdata_q\[14\],28.94
_04439_,28.92
_05491_,28.9
net2326,28.9
_07936_,28.88
_10628_,28.855
_04598_,28.84
_08962_,28.84
_14156_,28.84
_08761_,28.82
u_sram.mem\[31\]\[30\],28.8
net4160,28.8
_05663_,28.78
_09203_,28.78
_09875_,28.78
u_cpu.cpuregs\[31\]\[5\],28.76
_12266_,28.74
_06667_,28.72
_10451_,28.72
_06159_,28.7
_14113_,28.7
u_uart.buf_data\[0\],28.66
_04938_,28.64
_05540_,28.6
u_cpu.cpuregs\[3\]\[5\],28.6
u_sram.mem\[31\]\[31\],28.58
net4001,28.58
u_sram.mem\[31\]\[28\],28.56
_11002_,28.52
_01779_,28.48
_08297_,28.48
_08790_,28.48
_14058_,28.48
net4347,28.465
u_cpu.cpuregs\[3\]\[1\],28.46
net4661,28.46
_14154_,28.44
u_cpu.cpuregs\[27\]\[4\],28.44
u_sram.mem\[27\]\[20\],28.44
_07943_,28.4
_12240_,28.4
_14183_,28.4
u_cpu.cpuregs\[26\]\[6\],28.4
_04474_,28.38
u_cpu.cpuregs\[9\]\[14\],28.38
_13213_,28.36
_05162_,28.34
u_sram.mem\[31\]\[24\],28.32
_05116_,28.315
_13130_,28.3
u_cpu.cpuregs\[26\]\[5\],28.3
_05804_,28.28
_08546_,28.28
_12176_,28.28
_12955_,28.28
_13007_,28.28
_14101_,28.24
u_sram.mem\[40\]\[19\],28.24
_07394_,28.22
_09153_,28.22
net3954,28.22
_04789_,28.16
net3415,28.16
_04314_,28.14
_10959_,28.14
_12263_,28.14
u_sram.aw_addr_r\[7\],28.14
_05127_,28.08
_12119_,28.08
_04843_,28.06
_05533_,28.06
_12356_,28.06
net4080,28.06
_05690_,28.02
_00892_,28.005
_05474_,27.98
_09190_,27.96
_11767_,27.96
_05160_,27.94
_10328_,27.94
net1120,27.86
u_cpu.cpuregs\[12\]\[11\],27.84
net2308,27.82
_08156_,27.8
u_sram.mem\[33\]\[4\],27.78
net2375,27.78
_05458_,27.76
net4011,27.76
_05280_,27.74
_09003_,27.74
_09302_,27.68
_09734_,27.68
_11728_,27.68
net3981,27.68
u_cpu.cpuregs\[31\]\[8\],27.66
u_cpu.cpuregs\[6\]\[6\],27.6
_04496_,27.58
_11005_,27.58
u_cpu.cpuregs\[9\]\[24\],27.56
net4855,27.555
_09503_,27.54
_14372_,27.52
_05357_,27.5
_04944_,27.48
_06496_,27.48
_06792_,27.48
_04436_,27.46
_13395_,27.44
net3166,27.44
net2833,27.415
u_cpu.cpuregs\[24\]\[24\],27.4
_06624_,27.38
u_sram.mem\[51\]\[22\],27.37
_08907_,27.36
_12168_,27.36
_13571_,27.36
_13703_,27.36
u_cpu.cpuregs\[19\]\[25\],27.34
net4372,27.34
_13590_,27.32
u_cpu.cpuregs\[6\]\[12\],27.3
_06553_,27.28
_09325_,27.26
net2618,27.26
net4298,27.26
_07296_,27.24
u_sram.mem\[27\]\[17\],27.22
_06365_,27.21
_14387_,27.2
_04795_,27.18
u_cpu.cpuregs\[16\]\[17\],27.14
net3740,27.13
_05172_,27.12
_05963_,27.12
_10674_,27.12
u_sram.mem\[47\]\[17\],27.12
_05609_,27.1
_07701_,27.1
_14064_,27.1
net3431,27.08
u_sram.mem\[50\]\[20\],27.06
_10443_,27.04
u_cpu.cpuregs\[21\]\[6\],27.02
u_sram.mem\[29\]\[19\],26.96
u_cpu.latched_stalu,26.94
_06518_,26.9
_13735_,26.9
u_cpu.cpuregs\[0\]\[13\],26.9
_07856_,26.88
_11894_,26.88
_14008_,26.88
_04931_,26.86
_10570_,26.86
_11360_,26.86
u_sram.mem\[47\]\[10\],26.86
u_sram.mem\[34\]\[21\],26.84
_06264_,26.835
_05088_,26.82
_10056_,26.82
_12952_,26.82
_14306_,26.82
_09431_,26.74
net2383,26.74
_06717_,26.72
_08437_,26.72
_08791_,26.72
_04896_,26.68
_11847_,26.68
u_cpu.cpuregs\[2\]\[5\],26.68
net2469,26.68
net4770,26.68
_14249_,26.66
u_cpu.cpuregs\[28\]\[23\],26.66
_04880_,26.64
net3715,26.64
u_interconnect.m_axi_wdata\[18\],26.62
u_sram.mem\[15\]\[21\],26.62
u_sram.mem\[57\]\[23\],26.62
_09215_,26.61
_10907_,26.6
_08611_,26.56
_10590_,26.56
u_cpu.cpuregs\[27\]\[2\],26.56
_14116_,26.54
u_cpu.cpuregs\[28\]\[5\],26.52
net4135,26.505
_06618_,26.5
_11443_,26.5
_13010_,26.5
u_cpu.cpuregs\[12\]\[18\],26.5
net1325,26.5
_10053_,26.48
u_cpu.count_instr\[15\],26.48
_13892_,26.44
_08324_,26.42
_05560_,26.4
_06188_,26.4
_09877_,26.4
_05842_,26.38
u_cpu.cpuregs\[2\]\[25\],26.38
u_sram.mem\[2\]\[8\],26.365
cpu_mem_addr\[2\],26.36
u_cpu.count_cycle\[23\],26.32
net4426,26.32
_08366_,26.3
u_cpu.cpuregs\[30\]\[4\],26.3
_05775_,26.28
_09016_,26.28
u_cpu.cpuregs\[6\]\[17\],26.24
_04808_,26.22
_13490_,26.22
u_cpu.cpuregs\[13\]\[9\],26.2
u_cpu.cpuregs\[31\]\[12\],26.2
net4341,26.2
_13000_,26.18
_05667_,26.16
_06992_,26.14
u_interconnect.m_axi_wstrb\[3\],26.14
net4789,26.14
u_cpu.cpuregs\[18\]\[5\],26.12
net4508,26.105
_07913_,26.1
_08246_,26.1
u_sram.w_data_r\[5\],26.1
net4963,26.1
net5147,26.1
_04620_,26.08
_11610_,26.08
_09441_,26.06
_14374_,26.06
_07954_,26.04
_05206_,26.02
_13637_,26
_05263_,25.98
_07707_,25.98
_08176_,25.98
_14037_,25.98
net4923,25.98
u_sram.mem\[13\]\[8\],25.96
net5168,25.96
u_cpu.cpuregs\[0\]\[9\],25.94
net4177,25.94
_04291_,25.92
_05446_,25.92
_07203_,25.88
u_uart.u_rx.state\[1\],25.88
_04339_,25.86
_06161_,25.86
_06359_,25.82
_10915_,25.82
_05057_,25.8
u_sram.mem\[44\]\[20\],25.8
_10904_,25.76
_13509_,25.74
_10973_,25.72
_14026_,25.72
u_cpu.cpuregs\[18\]\[15\],25.72
u_sram.mem\[47\]\[25\],25.72
_01790_,25.7
net646,25.68
net4424,25.68
net5057,25.66
_04397_,25.64
_06506_,25.64
_07415_,25.64
u_cpu.count_instr\[1\],25.62
u_cpu.cpuregs\[31\]\[11\],25.62
net133,25.62
net3575,25.62
_10625_,25.6
u_cpu.cpuregs\[20\]\[30\],25.6
_11448_,25.59
_10507_,25.58
_11609_,25.58
u_sram.mem\[31\]\[21\],25.58
net5071,25.58
_04646_,25.5
_10903_,25.5
_11724_,25.5
u_cpu.cpuregs\[14\]\[9\],25.48
_14139_,25.46
_12993_,25.44
u_interconnect.m_axi_awaddr\[17\],25.44
_05051_,25.42
_06229_,25.42
_05102_,25.4
_09958_,25.4
_10785_,25.4
u_sram.mem\[26\]\[12\],25.4
_11344_,25.38
net2665,25.38
_07815_,25.36
_08931_,25.35
_12009_,25.34
net3979,25.34
_13787_,25.3
_14192_,25.3
_14452_,25.3
u_interconnect.m_axi_wdata\[24\],25.3
net2583,25.3
_09041_,25.28
_11329_,25.28
_11802_,25.28
_12179_,25.28
_13680_,25.28
_01430_,25.26
u_cpu.cpuregs\[24\]\[22\],25.26
_08188_,25.22
u_cpu.decoded_imm\[1\],25.22
u_interconnect.s2_axi_rdata\[3\],25.22
net4912,25.22
_05481_,25.18
_06654_,25.18
_11995_,25.18
_01892_,25.165
_10530_,25.16
_13702_,25.16
u_cpu.cpuregs\[15\]\[6\],25.16
_05421_,25.15
u_cpu.reg_next_pc\[1\],25.14
_12212_,25.12
net2647,25.08
_05766_,25.06
_07709_,25.06
_13905_,25.06
u_cpu.cpuregs\[18\]\[25\],25.06
_05640_,25.04
_06492_,25.04
_08670_,25.04
_08749_,25.04
_07870_,25.02
_07955_,25.02
_09670_,25.02
u_cpu.alu_out_q\[28\],25.02
u_cpu.instr_sll,25.02
_14219_,25
_11291_,24.98
u_cpu.count_instr\[18\],24.98
u_cpu.cpuregs\[31\]\[9\],24.96
u_cpu.cpuregs\[4\]\[11\],24.96
_05655_,24.94
_05903_,24.94
_08283_,24.94
_07809_,24.92
_10345_,24.92
u_sram.mem\[19\]\[8\],24.92
_07061_,24.9
_10159_,24.9
_13153_,24.9
_14301_,24.9
_14552_,24.9
net4192,24.9
_04548_,24.88
_05518_,24.88
_06367_,24.88
_08857_,24.88
_08992_,24.88
u_cpu.cpuregs\[8\]\[15\],24.88
u_sram.mem\[15\]\[18\],24.88
_05025_,24.86
_11682_,24.86
_13654_,24.86
u_cpu.cpuregs\[3\]\[22\],24.86
_04561_,24.84
_11434_,24.84
_13046_,24.84
_14338_,24.82
u_cpu.cpuregs\[2\]\[28\],24.82
_14077_,24.81
u_sram.mem\[33\]\[16\],24.8
_09011_,24.78
net1201,24.78
_04819_,24.76
_08948_,24.72
_10685_,24.72
_04367_,24.7
_04613_,24.7
_05691_,24.7
_11933_,24.7
_06144_,24.68
_06726_,24.68
u_cpu.cpuregs\[15\]\[25\],24.68
u_cpu.cpuregs\[7\]\[5\],24.68
net2957,24.68
_09809_,24.66
_10497_,24.66
_07825_,24.64
net4056,24.64
_05998_,24.62
_05266_,24.6
_06657_,24.6
_11964_,24.6
_14110_,24.6
net763,24.6
cpu_mem_wdata\[13\],24.58
u_cpu.cpuregs\[28\]\[3\],24.58
u_uart.tx_data\[1\],24.56
_06104_,24.54
u_cpu.cpuregs\[9\]\[25\],24.54
u_sram.mem\[15\]\[19\],24.54
net3923,24.54
u_cpu.cpuregs\[30\]\[0\],24.52
u_sram.mem\[40\]\[8\],24.52
net3517,24.52
u_cpu.count_cycle\[11\],24.5
u_cpu.cpuregs\[27\]\[8\],24.46
u_cpu.cpuregs\[29\]\[19\],24.46
_05372_,24.45
u_cpu.cpuregs\[29\]\[20\],24.44
u_cpu.cpuregs\[7\]\[6\],24.44
_04459_,24.42
_06260_,24.42
_11672_,24.42
_13056_,24.4
u_cpu.cpuregs\[21\]\[28\],24.4
net3836,24.4
net4241,24.395
u_cpu.cpuregs\[3\]\[6\],24.39
_05547_,24.38
_05793_,24.38
net2258,24.38
_05040_,24.36
_07771_,24.36
_12987_,24.36
_14394_,24.36
_14407_,24.36
_05099_,24.32
_05709_,24.32
net1042,24.32
u_uart.rx_buf_data\[0\],24.3
_09146_,24.275
u_sram.mem\[61\]\[8\],24.26
net4386,24.225
_09582_,24.22
_10983_,24.22
net2391,24.2
_07882_,24.18
u_cpu.cpuregs\[13\]\[12\],24.18
_09229_,24.16
_07622_,24.14
_10413_,24.14
_12052_,24.14
_04583_,24.12
_04902_,24.12
_06544_,24.12
_07608_,24.12
_13565_,24.12
net3854,24.12
net5067,24.12
_08863_,24.1
net4162,24.08
_07304_,24.06
u_cpu.cpuregs\[23\]\[16\],24.06
_09246_,24.04
u_cpu.cpuregs\[8\]\[3\],24.04
_04824_,24.02
_07191_,24.02
u_cpu.cpuregs\[0\]\[17\],24
u_sram.mem\[16\]\[8\],24
_01773_,23.995
u_cpu.cpuregs\[10\]\[6\],23.98
_11220_,23.92
net967,23.92
_05592_,23.9
_05695_,23.9
_14015_,23.9
_01431_,23.885
_05590_,23.88
_05624_,23.88
_06911_,23.88
_11608_,23.88
u_cpu.alu_out\[1\],23.88
u_cpu.cpuregs\[20\]\[29\],23.86
_09079_,23.84
u_cpu.cpuregs\[16\]\[31\],23.84
u_interconnect.s0_axi_rdata\[4\],23.84
net4744,23.84
_11764_,23.83
_06293_,23.82
_09205_,23.82
_09880_,23.8
_12250_,23.8
u_interconnect.m_axi_wdata\[25\],23.8
net4095,23.8
_05679_,23.78
_09465_,23.78
_07462_,23.76
_08852_,23.76
_09379_,23.76
_10375_,23.76
_13818_,23.76
_09204_,23.72
_13015_,23.72
u_cpu.cpuregs\[7\]\[23\],23.72
u_cpu.cpuregs\[20\]\[27\],23.7
_07649_,23.68
u_cpu.cpuregs\[3\]\[9\],23.68
_05532_,23.665
_06377_,23.66
_11382_,23.66
_12236_,23.66
u_cpu.cpuregs\[24\]\[20\],23.66
u_sram.mem\[60\]\[12\],23.66
_08138_,23.64
u_cpu.cpuregs\[16\]\[9\],23.64
net3622,23.64
u_sram.mem\[1\]\[20\],23.625
_06278_,23.62
net1129,23.62
_08453_,23.61
_07325_,23.6
u_cpu.cpuregs\[2\]\[26\],23.6
u_cpu.cpuregs\[9\]\[22\],23.58
_10577_,23.56
u_cpu.cpuregs\[1\]\[1\],23.56
_06224_,23.54
net2318,23.53
u_cpu.cpuregs\[29\]\[6\],23.52
u_interconnect.s2_axi_rdata\[2\],23.52
_13077_,23.505
_01427_,23.5
_08830_,23.5
_10850_,23.5
u_cpu.count_instr\[14\],23.5
u_sram.mem\[14\]\[21\],23.5
net5032,23.5
_05795_,23.48
_04308_,23.46
net1688,23.46
_05241_,23.44
_14153_,23.44
net183,23.44
net3917,23.44
_06731_,23.42
_07354_,23.42
_07686_,23.42
_10166_,23.42
_10092_,23.38
_11492_,23.38
net2718,23.38
net4205,23.38
_09100_,23.36
_10179_,23.36
_13570_,23.34
u_cpu.cpuregs\[19\]\[9\],23.34
u_cpu.cpuregs\[2\]\[7\],23.32
u_cpu.cpuregs\[7\]\[4\],23.32
_04827_,23.3
_08977_,23.3
_09469_,23.3
_05072_,23.28
net2476,23.265
u_sram.mem\[40\]\[21\],23.26
u_cpu.cpuregs\[1\]\[26\],23.24
u_sram.mem\[28\]\[8\],23.24
u_cpu.reg_sh\[0\],23.235
_06245_,23.22
_08887_,23.2
net5036,23.2
_06464_,23.19
_05958_,23.18
_10330_,23.18
_13551_,23.16
u_sram.mem\[28\]\[17\],23.16
_09255_,23.14
u_cpu.cpuregs\[9\]\[27\],23.14
u_sram.mem\[54\]\[20\],23.135
u_uart.rx_buf_valid,23.12
_09219_,23.11
_05176_,23.1
u_cpu.cpuregs\[6\]\[9\],23.1
u_cpu.cpuregs\[8\]\[4\],23.1
net3505,23.1
net4695,23.07
_11761_,23.06
u_cpu.cpuregs\[26\]\[4\],23.06
u_interconnect.m_axi_rready,23.06
_04549_,23.04
_05943_,23.04
_06122_,23.04
_07654_,23.04
u_sram.mem\[8\]\[6\],23.04
_07628_,23.02
clknet_leaf_365_clk,23.02
u_cpu.cpuregs\[2\]\[9\],23
net2456,23
net3869,23
net5058,23
_07888_,22.98
_13791_,22.98
net4279,22.98
_05820_,22.96
_08136_,22.96
_05433_,22.94
_05634_,22.94
_06615_,22.94
_13219_,22.93
_04884_,22.92
_13072_,22.92
_11205_,22.9
u_cpu.cpuregs\[1\]\[29\],22.88
clknet_leaf_356_clk,22.88
net5018,22.88
_05570_,22.86
u_cpu.cpuregs\[21\]\[3\],22.86
net4355,22.86
net5027,22.86
_07263_,22.84
u_cpu.cpuregs\[21\]\[17\],22.84
_01794_,22.82
_08911_,22.82
u_cpu.cpuregs\[0\]\[11\],22.82
u_cpu.cpuregs\[6\]\[15\],22.82
net3790,22.82
u_sram.mem\[47\]\[24\],22.81
_13522_,22.8
net3815,22.8
u_cpu.cpuregs\[27\]\[9\],22.79
_14013_,22.78
u_cpu.cpuregs\[30\]\[5\],22.78
_05129_,22.76
_05346_,22.76
u_uart.u_tx.state\[3\],22.76
net505,22.76
_13166_,22.74
_05459_,22.7
_05843_,22.7
_09605_,22.7
_05401_,22.68
_10688_,22.68
net3332,22.68
net4478,22.665
_10626_,22.66
u_cpu.cpuregs\[11\]\[2\],22.66
u_cpu.cpuregs\[29\]\[22\],22.64
_04492_,22.62
u_cpu.cpuregs\[9\]\[6\],22.62
net1592,22.605
_13037_,22.6
u_sram.mem\[31\]\[19\],22.6
net2459,22.6
net2590,22.6
net2243,22.58
_14237_,22.56
u_cpu.cpuregs\[2\]\[27\],22.56
net732,22.56
_13790_,22.54
u_cpu.cpuregs\[31\]\[19\],22.54
net2406,22.54
_07326_,22.52
_07989_,22.52
_13511_,22.52
u_cpu.cpuregs\[11\]\[16\],22.52
net1622,22.52
_14125_,22.5
_14579_,22.5
net2142,22.48
net481,22.46
_08956_,22.44
u_cpu.cpuregs\[8\]\[31\],22.44
_06096_,22.42
_14246_,22.42
u_cpu.cpuregs\[10\]\[4\],22.42
_07102_,22.4
u_cpu.cpuregs\[0\]\[18\],22.4
u_cpu.cpuregs\[17\]\[1\],22.4
u_cpu.cpuregs\[6\]\[8\],22.4
_05349_,22.38
_08197_,22.38
u_cpu.cpuregs\[5\]\[14\],22.38
net4151,22.38
_12012_,22.36
u_cpu.cpuregs\[11\]\[24\],22.35
_04489_,22.34
_05534_,22.32
_07366_,22.32
u_cpu.cpuregs\[20\]\[11\],22.32
_01784_,22.3
_13636_,22.3
_13881_,22.3
u_interconnect.rd_active,22.3
net3965,22.3
_09274_,22.28
_10749_,22.26
net2617,22.26
u_cpu.cpuregs\[6\]\[7\],22.25
_05417_,22.24
_08091_,22.24
_08152_,22.24
u_sram.mem\[45\]\[20\],22.24
net2,22.24
_08315_,22.22
u_cpu.cpuregs\[12\]\[30\],22.22
u_cpu.cpuregs\[15\]\[27\],22.2
u_sram.mem\[61\]\[31\],22.2
net4062,22.185
_08481_,22.18
net3949,22.18
_06103_,22.16
_09923_,22.16
u_sram.mem\[47\]\[29\],22.16
net284,22.16
_06527_,22.14
_07970_,22.14
_11886_,22.14
u_cpu.cpuregs\[1\]\[20\],22.14
u_sram.mem\[28\]\[15\],22.14
net3653,22.14
_06910_,22.12
_09009_,22.12
_10970_,22.12
_11450_,22.12
net4445,22.12
_06754_,22.1
u_cpu.cpuregs\[26\]\[24\],22.1
_04310_,22.08
u_cpu.cpuregs\[5\]\[13\],22.08
u_sram.mem\[9\]\[15\],22.07
u_cpu.cpuregs\[3\]\[30\],22.06
net4260,22.045
_08621_,22.04
_10981_,22.04
u_cpu.cpuregs\[20\]\[9\],22.04
u_cpu.cpuregs\[23\]\[21\],22.04
_09035_,22.02
_13721_,22.02
_05978_,22
_14052_,22
_14522_,22
net1805,22
_11820_,21.98
_09462_,21.96
u_cpu.cpuregs\[11\]\[20\],21.96
u_cpu.cpuregs\[27\]\[3\],21.96
u_cpu.cpuregs\[31\]\[16\],21.94
_05146_,21.92
_07295_,21.92
_09315_,21.92
_11737_,21.92
net3375,21.92
u_cpu.cpuregs\[25\]\[10\],21.88
_08144_,21.87
net4563,21.865
_11475_,21.86
u_cpu.cpuregs\[4\]\[13\],21.86
u_cpu.mem_state\[1\],21.86
net3219,21.86
_11785_,21.84
_03110_,21.82
_05220_,21.82
_05435_,21.82
_08572_,21.82
_11615_,21.82
_14265_,21.82
u_sram.mem\[31\]\[16\],21.82
_06704_,21.8
_07925_,21.8
u_cpu.cpuregs\[4\]\[25\],21.8
u_cpu.cpuregs\[11\]\[12\],21.76
u_cpu.cpuregs\[28\]\[10\],21.76
_06160_,21.74
_09951_,21.74
net1634,21.74
_07126_,21.72
_08548_,21.72
u_cpu.cpuregs\[6\]\[18\],21.72
u_interconnect.m_axi_awaddr\[7\],21.72
_04844_,21.7
_06114_,21.7
net1869,21.69
u_cpu.cpuregs\[12\]\[31\],21.67
_04398_,21.64
_13415_,21.64
u_cpu.cpuregs\[27\]\[27\],21.64
u_cpu.instr_ori,21.64
_08669_,21.62
_09784_,21.62
u_cpu.cpuregs\[5\]\[11\],21.62
net4547,21.62
_11934_,21.6
_14545_,21.6
u_sram.mem\[44\]\[14\],21.6
net1840,21.6
net1870,21.6
_08093_,21.58
_12049_,21.58
_13307_,21.58
u_cpu.cpuregs\[20\]\[8\],21.58
u_sram.mem\[25\]\[27\],21.58
_07746_,21.56
_14302_,21.56
u_sram.mem\[56\]\[21\],21.56
_00328_,21.54
_05455_,21.5
_05685_,21.5
_11367_,21.5
_11435_,21.5
u_cpu.cpuregs\[24\]\[12\],21.5
net575,21.5
_13541_,21.48
u_cpu.cpuregs\[26\]\[31\],21.48
_08684_,21.46
_12220_,21.46
net2656,21.46
_10000_,21.44
u_cpu.cpuregs\[9\]\[15\],21.44
_05955_,21.42
net4090,21.41
_06938_,21.4
u_cpu.cpuregs\[13\]\[23\],21.4
net3603,21.4
net3835,21.4
_08660_,21.38
u_cpu.cpuregs\[6\]\[25\],21.38
net4321,21.37
_09185_,21.36
_11016_,21.36
_11268_,21.36
u_cpu.cpuregs\[22\]\[16\],21.36
net4905,21.36
_08203_,21.32
_10789_,21.32
_05296_,21.3
_07470_,21.3
u_cpu.cpuregs\[16\]\[15\],21.3
u_cpu.cpuregs\[26\]\[27\],21.3
u_sram.mem\[38\]\[4\],21.3
net1575,21.3
_04338_,21.29
_11815_,21.28
u_cpu.cpuregs\[2\]\[1\],21.28
u_cpu.alu_out\[31\],21.265
_10719_,21.26
u_cpu.cpuregs\[9\]\[28\],21.26
_01775_,21.24
_04962_,21.24
_05670_,21.24
_11935_,21.24
_13122_,21.24
cpu_mem_wdata\[29\],21.24
u_cpu.cpuregs\[29\]\[30\],21.24
u_cpu.cpuregs\[7\]\[14\],21.24
u_sram.mem\[16\]\[20\],21.24
_04722_,21.22
_05428_,21.22
_13112_,21.22
u_cpu.cpuregs\[16\]\[7\],21.22
u_cpu.cpuregs\[5\]\[3\],21.22
net4253,21.22
_05148_,21.2
_10279_,21.2
_10539_,21.2
u_cpu.is_sltiu_bltu_sltu,21.2
net3127,21.2
net4893,21.2
_08288_,21.18
_05130_,21.16
u_cpu.cpuregs\[26\]\[15\],21.16
u_cpu.cpuregs\[31\]\[7\],21.16
u_sram.mem\[61\]\[1\],21.16
_12073_,21.14
u_cpu.alu_out_q\[2\],21.14
u_cpu.cpuregs\[13\]\[3\],21.14
u_cpu.cpuregs\[25\]\[24\],21.14
net4000,21.14
u_sram.mem\[2\]\[6\],21.125
_05610_,21.12
_11709_,21.12
u_cpu.cpuregs\[19\]\[30\],21.12
_01777_,21.1
_06968_,21.1
_10963_,21.1
u_cpu.cpuregs\[19\]\[18\],21.1
_08247_,21.08
u_cpu.count_instr\[28\],21.08
_13116_,21.07
_06167_,21.06
u_sram.mem\[60\]\[23\],21.06
_04920_,21.02
_05247_,21
_10119_,21
_14040_,21
u_cpu.cpuregs\[31\]\[31\],21
net2024,21
net5073,21
_06292_,20.98
_11249_,20.98
u_cpu.cpuregs\[1\]\[19\],20.98
u_cpu.cpuregs\[6\]\[24\],20.98
u_cpu.cpuregs\[23\]\[4\],20.94
u_cpu.cpuregs\[4\]\[27\],20.94
_04811_,20.92
_05038_,20.92
_09044_,20.92
_13788_,20.92
u_sram.mem\[24\]\[19\],20.92
_05470_,20.9
_10432_,20.9
_12208_,20.9
u_sram.mem\[28\]\[11\],20.9
_04374_,20.88
_14149_,20.88
_14458_,20.88
u_cpu.cpuregs\[19\]\[4\],20.88
u_cpu.cpuregs\[25\]\[20\],20.88
u_sram.mem\[24\]\[10\],20.88
net2266,20.88
_08750_,20.86
_13069_,20.86
_13979_,20.86
u_cpu.cpuregs\[20\]\[10\],20.86
u_cpu.cpuregs\[8\]\[27\],20.86
u_sram.mem\[26\]\[21\],20.86
_04964_,20.84
_07596_,20.84
_14180_,20.84
u_sram.mem\[56\]\[0\],20.84
_10992_,20.82
_07306_,20.8
_08067_,20.8
net822,20.8
_06411_,20.78
_14046_,20.78
u_cpu.cpuregs\[14\]\[22\],20.78
_05875_,20.76
_08104_,20.76
_14197_,20.76
u_cpu.cpuregs\[20\]\[18\],20.76
_05178_,20.74
net5045,20.74
net2125,20.73
_08282_,20.7
_08995_,20.7
_09912_,20.7
u_cpu.cpuregs\[10\]\[7\],20.7
_10977_,20.68
net2460,20.68
_09701_,20.66
_11261_,20.66
_11389_,20.66
u_cpu.cpuregs\[14\]\[18\],20.66
u_cpu.cpuregs\[16\]\[12\],20.66
net3657,20.66
net3823,20.66
_07597_,20.62
_13222_,20.62
_14106_,20.62
_04980_,20.6
_13014_,20.6
u_cpu.cpuregs\[7\]\[0\],20.6
u_cpu.cpuregs\[29\]\[1\],20.58
u_sram.mem\[47\]\[30\],20.58
_03117_,20.56
_01772_,20.54
_07635_,20.54
_09260_,20.54
_13701_,20.54
u_cpu.cpuregs\[19\]\[16\],20.54
u_sram.mem\[31\]\[1\],20.54
u_sram.mem\[47\]\[16\],20.54
_07661_,20.535
_08928_,20.52
_13148_,20.52
_14447_,20.52
net4311,20.52
_07605_,20.5
_08452_,20.5
_09936_,20.5
_14092_,20.5
u_cpu.count_instr\[16\],20.5
u_cpu.cpuregs\[26\]\[23\],20.5
u_interconnect.m_axi_araddr\[19\],20.5
net4008,20.5
net4917,20.5
_05478_,20.48
_05760_,20.48
_06832_,20.48
_07985_,20.48
_08826_,20.48
_13508_,20.48
u_cpu.cpuregs\[6\]\[26\],20.48
net3421,20.48
net3691,20.48
net5149,20.48
_08773_,20.46
_09735_,20.46
u_cpu.cpuregs\[2\]\[22\],20.46
u_cpu.cpuregs\[3\]\[24\],20.46
u_sram.mem\[47\]\[14\],20.46
u_cpu.cpuregs\[1\]\[6\],20.45
_07293_,20.44
_12936_,20.44
u_cpu.cpuregs\[23\]\[2\],20.44
u_cpu.cpuregs\[7\]\[7\],20.44
u_interconnect.m_axi_awaddr\[13\],20.44
u_uart.tx_data\[2\],20.44
net3744,20.44
_04853_,20.42
_05987_,20.42
net1964,20.42
net2159,20.42
net3694,20.42
u_cpu.cpuregs\[0\]\[19\],20.4
u_cpu.cpuregs\[0\]\[20\],20.4
u_cpu.cpuregs\[0\]\[24\],20.4
net4083,20.4
_04612_,20.38
_09231_,20.38
net4579,20.38
_06277_,20.36
u_cpu.cpuregs\[17\]\[15\],20.36
u_interconnect.m_axi_wdata\[19\],20.36
net992,20.36
_14168_,20.34
_06916_,20.32
_08186_,20.32
_08922_,20.32
_12143_,20.32
_13691_,20.32
u_cpu.cpuregs\[23\]\[1\],20.32
u_sram.mem\[24\]\[17\],20.32
_05782_,20.3
_12175_,20.3
u_cpu.cpuregs\[22\]\[19\],20.3
u_sram.mem\[33\]\[0\],20.3
u_sram.mem\[62\]\[15\],20.3
net1349,20.3
_05080_,20.28
_10011_,20.28
_11751_,20.28
_14370_,20.28
_08631_,20.26
_12939_,20.26
u_cpu.cpuregs\[31\]\[13\],20.26
u_sram.mem\[62\]\[20\],20.26
_10020_,20.24
u_cpu.cpuregs\[29\]\[18\],20.24
u_sram.mem\[11\]\[21\],20.24
net3817,20.24
_07108_,20.22
u_sram.mem\[17\]\[20\],20.22
_13620_,20.2
_13857_,20.2
u_sram.mem\[38\]\[17\],20.2
net1803,20.2
net4182,20.2
_06283_,20.18
_13844_,20.18
u_sram.mem\[40\]\[14\],20.18
u_sram.mem\[60\]\[16\],20.18
_12972_,20.175
_13833_,20.16
u_cpu.cpuregs\[0\]\[10\],20.16
u_cpu.cpuregs\[20\]\[23\],20.16
u_cpu.cpuregs\[20\]\[5\],20.16
net3359,20.16
_07292_,20.14
_13082_,20.14
u_cpu.cpuregs\[6\]\[5\],20.14
u_cpu.cpuregs\[8\]\[2\],20.14
_05784_,20.12
_09622_,20.12
_10693_,20.12
u_sram.mem\[36\]\[14\],20.12
net3492,20.12
_10481_,20.08
_13932_,20.08
u_cpu.cpuregs\[28\]\[9\],20.08
_04473_,20.06
_10120_,20.06
u_cpu.cpuregs\[19\]\[22\],20.06
_05611_,20.04
_07834_,20.04
_08306_,20.04
u_cpu.cpuregs\[30\]\[12\],20.04
u_sram.mem\[54\]\[6\],20.04
net3809,20.04
net4907,20.04
net4369,20.025
u_cpu.cpuregs\[16\]\[10\],20.02
net4346,20.02
_04597_,20
_07704_,20
u_cpu.cpuregs\[15\]\[0\],20
u_cpu.cpuregs\[16\]\[30\],20
u_cpu.cpuregs\[7\]\[31\],20
_08999_,19.99
_06730_,19.98
u_cpu.cpuregs\[20\]\[24\],19.98
net4172,19.98
net3687,19.97
_05136_,19.96
net4140,19.96
_04299_,19.94
_04810_,19.94
_07639_,19.94
u_sram.mem\[3\]\[20\],19.94
u_sram.mem\[45\]\[6\],19.94
net4620,19.94
_14206_,19.92
u_cpu.cpuregs\[1\]\[27\],19.92
u_cpu.cpuregs\[7\]\[19\],19.92
u_sram.mem\[24\]\[29\],19.92
u_sram.mem\[26\]\[14\],19.92
u_sram.mem\[61\]\[21\],19.92
_06355_,19.9
u_cpu.cpuregs\[10\]\[14\],19.9
u_cpu.cpuregs\[3\]\[18\],19.9
u_sram.mem\[36\]\[20\],19.9
u_sram.mem\[40\]\[15\],19.9
u_sram.mem\[46\]\[14\],19.9
u_sram.mem\[46\]\[30\],19.9
u_sram.mem\[50\]\[23\],19.9
_06653_,19.88
_12189_,19.88
_12941_,19.88
u_cpu.cpuregs\[4\]\[29\],19.88
u_cpu.cpuregs\[6\]\[3\],19.88
_06422_,19.87
net3916,19.865
_03115_,19.86
_10455_,19.86
_11841_,19.86
_12041_,19.86
_13848_,19.86
cpu_mem_wstrb\[1\],19.86
u_cpu.cpuregs\[15\]\[3\],19.86
u_cpu.cpuregs\[21\]\[4\],19.86
u_sram.mem\[14\]\[22\],19.86
_05665_,19.84
_08787_,19.84
_12025_,19.84
_13078_,19.84
net2730,19.84
_07298_,19.82
net2276,19.815
_14021_,19.8
_08311_,19.78
u_cpu.cpuregs\[19\]\[20\],19.78
u_cpu.cpuregs\[19\]\[7\],19.78
u_cpu.cpuregs\[28\]\[19\],19.78
u_sram.mem\[25\]\[16\],19.78
u_sram.mem\[60\]\[27\],19.78
u_sram.mem\[9\]\[14\],19.77
_04379_,19.76
_14055_,19.76
u_sram.mem\[45\]\[22\],19.76
net4583,19.76
_13012_,19.74
u_cpu.cpuregs\[31\]\[24\],19.74
u_cpu.cpuregs\[7\]\[2\],19.74
_06110_,19.72
_12224_,19.72
_12934_,19.72
_08731_,19.7
u_cpu.cpuregs\[2\]\[23\],19.7
u_sram.mem\[28\]\[9\],19.7
u_sram.mem\[3\]\[5\],19.7
_13127_,19.68
u_cpu.alu_out\[5\],19.665
_12022_,19.66
_13966_,19.66
u_cpu.count_cycle\[20\],19.66
net3858,19.66
_09576_,19.64
_10366_,19.64
_06843_,19.62
u_cpu.cpuregs\[24\]\[14\],19.62
u_cpu.cpuregs\[29\]\[16\],19.62
net2451,19.62
_07808_,19.6
u_cpu.cpuregs\[12\]\[9\],19.6
_13760_,19.595
_08157_,19.59
_07617_,19.58
u_cpu.cpuregs\[17\]\[29\],19.58
u_cpu.cpuregs\[18\]\[6\],19.58
_06611_,19.57
cpu_mem_wstrb\[2\],19.57
_04817_,19.56
_08620_,19.56
_12054_,19.56
net654,19.56
_04588_,19.54
_05826_,19.54
_08642_,19.54
_09817_,19.54
u_cpu.cpuregs\[2\]\[31\],19.54
u_cpu.instr_slti,19.54
u_interconnect.m_axi_awaddr\[16\],19.54
u_sram.mem\[37\]\[24\],19.54
net2177,19.54
net4027,19.54
_14020_,19.52
_14078_,19.52
u_cpu.cpuregs\[3\]\[8\],19.52
u_cpu.cpuregs\[4\]\[16\],19.52
u_cpu.cpuregs\[6\]\[14\],19.52
net3684,19.52
net4758,19.52
_11106_,19.5
u_cpu.cpuregs\[15\]\[22\],19.5
net2156,19.5
net2217,19.5
_08547_,19.48
_13256_,19.48
u_cpu.cpuregs\[10\]\[25\],19.48
u_cpu.cpuregs\[21\]\[15\],19.48
u_cpu.count_instr\[2\],19.46
u_cpu.cpuregs\[12\]\[20\],19.46
u_sram.mem\[34\]\[18\],19.46
net4358,19.46
_11212_,19.45
_11459_,19.44
_11582_,19.44
u_cpu.cpuregs\[10\]\[31\],19.44
u_cpu.cpuregs\[15\]\[4\],19.44
u_sram.mem\[16\]\[22\],19.44
u_sram.mem\[51\]\[20\],19.44
net1823,19.44
net3881,19.44
_11941_,19.435
_09514_,19.42
_10576_,19.42
_13094_,19.42
_13507_,19.42
u_cpu.cpuregs\[23\]\[6\],19.42
u_sram.mem\[29\]\[20\],19.42
u_sram.mem\[51\]\[19\],19.42
_05678_,19.4
_08190_,19.4
_10133_,19.4
_10883_,19.4
_11384_,19.4
_14141_,19.4
u_cpu.reg_next_pc\[15\],19.4
net4633,19.4
_05587_,19.39
_05161_,19.38
_09982_,19.38
u_sram.mem\[32\]\[13\],19.38
u_sram.mem\[62\]\[11\],19.38
net3791,19.365
_06082_,19.36
_06562_,19.36
_10126_,19.36
u_cpu.count_instr\[0\],19.36
u_cpu.cpuregs\[24\]\[16\],19.36
u_sram.mem\[32\]\[6\],19.36
_10588_,19.335
u_cpu.cpuregs\[2\]\[0\],19.32
u_cpu.cpuregs\[31\]\[17\],19.32
u_sram.mem\[33\]\[2\],19.32
net2474,19.31
_09995_,19.3
_10729_,19.3
u_sram.mem\[13\]\[27\],19.3
_01796_,19.28
u_cpu.cpuregs\[29\]\[9\],19.28
u_sram.mem\[8\]\[22\],19.28
net2902,19.28
_07685_,19.26
net4252,19.26
net4344,19.26
net1935,19.25
_05238_,19.24
_09299_,19.24
_10898_,19.24
_11732_,19.22
u_sram.mem\[54\]\[23\],19.22
_08752_,19.215
_06746_,19.21
_04887_,19.2
_13734_,19.2
u_cpu.count_instr\[27\],19.2
u_cpu.cpuregs\[10\]\[3\],19.195
_04869_,19.18
_05501_,19.18
u_cpu.cpuregs\[24\]\[27\],19.18
net1613,19.18
_06226_,19.16
_12945_,19.16
_14408_,19.16
u_cpu.cpuregs\[12\]\[27\],19.16
u_uart.u_rx.clk_cnt\[3\],19.16
_09452_,19.14
u_cpu.cpuregs\[10\]\[11\],19.14
u_sram.mem\[29\]\[31\],19.14
u_sram.mem\[43\]\[4\],19.14
_08365_,19.12
_11683_,19.12
_14369_,19.12
u_cpu.cpuregs\[16\]\[24\],19.12
u_cpu.cpuregs\[17\]\[8\],19.12
u_cpu.cpuregs\[3\]\[21\],19.12
u_sram.mem\[40\]\[25\],19.12
net4005,19.12
_06183_,19.1
_08967_,19.1
_14548_,19.1
u_cpu.cpuregs\[6\]\[27\],19.1
u_interconnect.m_axi_araddr\[29\],19.1
_09101_,19.08
_12056_,19.08
_13690_,19.08
_14384_,19.08
u_cpu.cpuregs\[17\]\[25\],19.08
u_sram.mem\[15\]\[8\],19.08
net3589,19.08
_04519_,19.06
_05426_,19.06
_06234_,19.06
_11640_,19.06
u_cpu.cpuregs\[1\]\[23\],19.06
u_sram.mem\[28\]\[20\],19.06
net3672,19.06
_13152_,19.04
_14380_,19.04
u_cpu.cpuregs\[16\]\[19\],19.04
u_cpu.cpuregs\[28\]\[18\],19.04
net3530,19.04
net4658,19.025
_06417_,19.02
_08278_,19.02
_09045_,19.02
_10390_,19.02
_11676_,19.02
u_cpu.cpuregs\[17\]\[6\],19.02
net1955,19.02
net2737,19.02
_11839_,19
u_cpu.count_instr\[12\],19
net4956,19
_05813_,18.98
_06830_,18.98
_11327_,18.98
u_sram.mem\[50\]\[21\],18.98
net2458,18.98
net5074,18.98
_04412_,18.96
_07057_,18.96
_07313_,18.96
u_sram.mem\[19\]\[19\],18.96
net2507,18.96
net4400,18.96
net4977,18.96
_05569_,18.94
_10114_,18.94
_13050_,18.94
_13513_,18.94
_13744_,18.94
_14022_,18.94
u_sram.mem\[12\]\[3\],18.94
net2658,18.94
u_cpu.cpuregs\[18\]\[16\],18.935
_08517_,18.92
net4957,18.92
net1932,18.905
_04967_,18.9
_08333_,18.9
u_sram.mem\[49\]\[0\],18.9
u_cpu.cpuregs\[14\]\[0\],18.88
u_cpu.cpuregs\[17\]\[5\],18.88
_04940_,18.86
_08982_,18.86
_11824_,18.86
_11843_,18.86
u_cpu.cpuregs\[7\]\[17\],18.86
_11181_,18.84
_13944_,18.84
u_sram.mem\[33\]\[15\],18.84
net3902,18.84
u_sram.mem\[9\]\[16\],18.83
net2294,18.83
_07403_,18.82
_10097_,18.82
net2611,18.82
net4186,18.82
u_sram.mem\[45\]\[16\],18.8
_09078_,18.78
_11296_,18.76
_12215_,18.76
net429,18.76
net4687,18.76
u_sram.mem\[55\]\[2\],18.74
_05041_,18.72
_05443_,18.72
_14448_,18.72
u_cpu.cpuregs\[11\]\[11\],18.72
u_cpu.cpuregs\[8\]\[16\],18.72
net4682,18.72
u_sram.mem\[32\]\[21\],18.71
u_cpu.cpuregs\[22\]\[30\],18.7
u_cpu.cpuregs\[27\]\[20\],18.7
u_cpu.cpuregs\[3\]\[0\],18.7
net2212,18.7
_11446_,18.68
u_cpu.cpuregs\[11\]\[5\],18.68
u_sram.mem\[19\]\[7\],18.68
_06145_,18.66
_07942_,18.66
u_cpu.cpuregs\[5\]\[22\],18.66
u_sram.mem\[25\]\[31\],18.66
u_sram.mem\[61\]\[9\],18.66
u_sram.mem\[7\]\[8\],18.66
net1342,18.66
net4375,18.645
_10859_,18.64
net4101,18.64
_06565_,18.62
_06616_,18.62
u_sram.mem\[62\]\[21\],18.62
u_uart.w_byte\[0\],18.62
_01469_,18.6
_05353_,18.6
_07677_,18.6
_08841_,18.6
_10394_,18.6
_06310_,18.58
_11353_,18.58
u_cpu.cpuregs\[25\]\[6\],18.58
u_cpu.cpuregs\[5\]\[25\],18.58
u_cpu.cpuregs\[6\]\[11\],18.58
u_sram.mem\[51\]\[21\],18.58
net2203,18.58
_04428_,18.56
_10379_,18.56
_13866_,18.56
u_cpu.cpuregs\[5\]\[10\],18.56
net1950,18.56
_08720_,18.54
_09970_,18.54
u_cpu.cpuregs\[5\]\[28\],18.54
_05555_,18.52
_05811_,18.52
_09211_,18.52
u_cpu.cpuregs\[15\]\[9\],18.52
u_cpu.cpuregs\[3\]\[4\],18.52
u_cpu.cpuregs\[5\]\[8\],18.52
net3976,18.52
net4841,18.52
_04543_,18.5
_07189_,18.5
_10404_,18.5
_10712_,18.5
u_cpu.cpuregs\[31\]\[23\],18.5
u_sram.mem\[32\]\[5\],18.5
u_uart.rx_buf_data\[7\],18.5
_05289_,18.48
_06085_,18.48
_07730_,18.48
_09026_,18.48
_10288_,18.48
_11528_,18.48
u_cpu.cpuregs\[27\]\[19\],18.48
net4277,18.48
_06665_,18.46
_08715_,18.46
_10243_,18.46
net2135,18.46
net4247,18.46
u_interconnect.m_axi_wdata\[5\],18.44
net4487,18.44
net1367,18.425
_08393_,18.42
net4307,18.42
_09942_,18.4
u_sram.mem\[48\]\[5\],18.4
_10814_,18.39
_12150_,18.38
_13640_,18.38
_13733_,18.38
net4589,18.38
_01768_,18.36
_06483_,18.36
_08215_,18.36
_08329_,18.36
u_cpu.cpuregs\[17\]\[0\],18.36
u_cpu.cpuregs\[1\]\[7\],18.36
u_cpu.cpuregs\[23\]\[19\],18.36
u_sram.mem\[49\]\[17\],18.36
net1799,18.36
net3973,18.36
net1220,18.345
_07680_,18.34
_08268_,18.34
net2996,18.34
_05520_,18.32
_07961_,18.32
_10467_,18.32
_12162_,18.32
u_cpu.cpuregs\[25\]\[9\],18.32
net2720,18.32
net2778,18.32
net3334,18.32
net4760,18.315
_06697_,18.3
_06913_,18.3
_11900_,18.3
u_cpu.cpuregs\[10\]\[18\],18.3
u_cpu.cpuregs\[17\]\[13\],18.3
net2168,18.3
_04351_,18.28
_04935_,18.28
_09624_,18.28
_13607_,18.28
u_cpu.cpuregs\[28\]\[25\],18.28
u_cpu.cpuregs\[8\]\[18\],18.28
u_cpu.mem_state\[0\],18.28
u_interconnect.m_axi_awaddr\[6\],18.28
net1774,18.28
_04949_,18.26
u_cpu.cpuregs\[7\]\[15\],18.26
u_cpu.cpuregs\[8\]\[5\],18.26
u_sram.mem\[29\]\[9\],18.26
net3601,18.26
_08418_,18.24
net1670,18.24
_10892_,18.22
_11298_,18.22
_11850_,18.22
u_cpu.cpuregs\[11\]\[27\],18.22
u_cpu.cpuregs\[27\]\[7\],18.22
_05797_,18.2
u_cpu.cpuregs\[27\]\[24\],18.2
u_sram.mem\[54\]\[21\],18.2
u_sram.mem\[56\]\[18\],18.2
net2020,18.2
net2262,18.2
u_cpu.cpuregs\[0\]\[14\],18.18
u_cpu.cpuregs\[3\]\[14\],18.18
_08132_,18.16
_14337_,18.16
u_sram.mem\[41\]\[16\],18.16
net610,18.16
_10420_,18.14
u_cpu.cpuregs\[0\]\[5\],18.14
net4748,18.14
_05539_,18.13
_06000_,18.12
_06634_,18.12
net2095,18.12
_09279_,18.11
_06143_,18.1
_10518_,18.1
net1388,18.1
net338,18.085
net482,18.085
_06248_,18.08
u_cpu.cpuregs\[21\]\[18\],18.08
u_sram.mem\[30\]\[8\],18.08
u_sram.mem\[62\]\[14\],18.08
net4235,18.08
net4591,18.08
u_cpu.cpuregs\[23\]\[29\],18.06
u_sram.mem\[60\]\[7\],18.06
_09047_,18.04
_11269_,18.04
_13828_,18.04
_14124_,18.04
net4219,18.03
net1493,18.025
_14262_,18.02
_14576_,18.02
u_cpu.cpuregs\[1\]\[18\],18.02
u_cpu.cpuregs\[9\]\[2\],18.02
u_sram.mem\[47\]\[23\],18.02
net2284,18.02
_08182_,18
u_cpu.cpuregs\[13\]\[15\],18
u_sram.mem\[39\]\[16\],18
_08901_,17.98
_13666_,17.98
_14169_,17.98
_14287_,17.98
u_cpu.cpuregs\[12\]\[26\],17.98
u_sram.mem\[47\]\[22\],17.98
u_sram.mem\[62\]\[13\],17.98
u_sram.w_strb_r\[0\],17.98
u_uart.w_byte\[7\],17.98
net2394,17.98
net3941,17.965
net1219,17.96
net4491,17.945
_04307_,17.94
_10304_,17.94
cpu_mem_wdata\[15\],17.94
u_cpu.cpuregs\[13\]\[18\],17.94
u_sram.mem\[47\]\[28\],17.94
net4032,17.94
net2348,17.925
_10687_,17.92
u_sram.mem\[31\]\[22\],17.92
net1152,17.92
_01769_,17.9
_04513_,17.9
_06863_,17.9
_12156_,17.9
u_cpu.cpuregs\[7\]\[20\],17.9
u_sram.mem\[32\]\[4\],17.9
net1881,17.9
net50,17.89
_09973_,17.88
u_cpu.cpuregs\[1\]\[5\],17.88
_04659_,17.86
u_cpu.cpuregs\[9\]\[18\],17.86
net4706,17.86
net4715,17.86
u_sram.mem\[51\]\[6\],17.85
net2305,17.85
net4743,17.845
_13487_,17.84
u_cpu.cpuregs\[1\]\[14\],17.84
u_cpu.cpuregs\[2\]\[12\],17.84
net770,17.84
net1644,17.83
_04430_,17.82
_05815_,17.82
_09816_,17.82
_11698_,17.82
_12027_,17.82
_13458_,17.82
u_cpu.cpuregs\[29\]\[10\],17.82
u_sram.mem\[42\]\[16\],17.82
net1651,17.82
u_uart.u_rx.clk_cnt\[5\],17.815
_04952_,17.8
_05713_,17.8
_07697_,17.8
_08177_,17.8
_11049_,17.8
_11863_,17.8
_11973_,17.8
_12037_,17.8
net4337,17.785
_05034_,17.78
_05126_,17.78
_06387_,17.78
_13144_,17.78
u_cpu.cpuregs\[20\]\[16\],17.78
u_cpu.cpuregs\[25\]\[2\],17.78
_11668_,17.76
_13756_,17.76
net2244,17.76
u_sram.mem\[2\]\[16\],17.745
_12996_,17.74
u_cpu.cpuregs\[30\]\[18\],17.74
u_uart.tx_data\[3\],17.74
_11455_,17.72
u_cpu.cpuregs\[16\]\[26\],17.72
u_cpu.cpuregs\[18\]\[17\],17.72
u_cpu.cpuregs\[7\]\[18\],17.72
u_sram.mem\[61\]\[18\],17.72
net2242,17.72
_04551_,17.7
_04557_,17.7
_05259_,17.7
_05588_,17.7
_06708_,17.7
_09445_,17.7
_09855_,17.7
_11088_,17.7
_12254_,17.7
u_cpu.cpuregs\[16\]\[0\],17.7
u_cpu.cpuregs\[22\]\[21\],17.695
net4600,17.695
_05708_,17.68
_07645_,17.68
_08116_,17.68
_08216_,17.68
_09566_,17.68
u_cpu.cpuregs\[1\]\[11\],17.68
_08949_,17.66
_09186_,17.66
_10018_,17.66
_12023_,17.66
u_cpu.cpuregs\[14\]\[26\],17.66
_05010_,17.64
_08848_,17.64
_13624_,17.64
u_cpu.cpuregs\[5\]\[7\],17.64
u_sram.mem\[45\]\[8\],17.64
net3631,17.64
_10047_,17.62
u_cpu.cpuregs\[0\]\[22\],17.62
u_cpu.cpuregs\[0\]\[23\],17.62
net4545,17.62
_04585_,17.6
_07933_,17.6
_09096_,17.6
u_cpu.cpuregs\[3\]\[13\],17.6
net3850,17.6
_06557_,17.58
_09860_,17.58
u_cpu.cpuregs\[23\]\[26\],17.58
u_cpu.cpuregs\[25\]\[19\],17.58
u_sram.mem\[11\]\[29\],17.58
u_sram.mem\[17\]\[19\],17.58
u_sram.mem\[34\]\[8\],17.58
net2123,17.58
_05190_,17.56
_12140_,17.56
_13534_,17.56
u_cpu.cpuregs\[17\]\[11\],17.56
u_cpu.cpuregs\[5\]\[29\],17.56
net2628,17.56
net4442,17.56
u_cpu.cpuregs\[17\]\[14\],17.54
u_sram.mem\[44\]\[15\],17.54
net1275,17.54
net3848,17.54
net506,17.525
net3508,17.525
_09924_,17.52
_10377_,17.52
u_cpu.cpuregs\[13\]\[29\],17.52
u_cpu.cpuregs\[30\]\[2\],17.52
u_cpu.cpuregs\[6\]\[1\],17.52
u_cpu.cpuregs\[9\]\[23\],17.52
_08615_,17.51
net1762,17.505
_13751_,17.5
_04312_,17.48
_09484_,17.48
_11117_,17.48
_11310_,17.48
u_cpu.cpuregs\[11\]\[19\],17.48
net2127,17.48
_04969_,17.465
_05387_,17.46
_06631_,17.46
_07940_,17.46
_07979_,17.46
_08789_,17.46
_09082_,17.46
_13129_,17.46
_14033_,17.46
u_cpu.count_instr\[23\],17.46
u_cpu.cpuregs\[24\]\[25\],17.46
u_sram.mem\[47\]\[15\],17.45
_04483_,17.44
_11185_,17.44
u_sram.mem\[55\]\[8\],17.44
net1248,17.44
_12014_,17.42
u_cpu.cpuregs\[12\]\[16\],17.42
u_cpu.cpuregs\[12\]\[21\],17.42
net3157,17.415
_05983_,17.4
_10982_,17.4
_11047_,17.4
_11783_,17.4
_13314_,17.4
u_cpu.cpuregs\[20\]\[13\],17.4
u_cpu.cpuregs\[3\]\[12\],17.4
u_sram.mem\[38\]\[28\],17.4
u_sram.mem\[55\]\[4\],17.4
net4864,17.4
net2173,17.395
_07857_,17.38
_13647_,17.38
_13776_,17.38
u_sram.mem\[25\]\[14\],17.38
_07803_,17.36
u_cpu.cpuregs\[22\]\[9\],17.36
u_cpu.cpuregs\[3\]\[27\],17.36
u_cpu.mem_do_wdata,17.36
u_sram.mem\[35\]\[12\],17.36
_14503_,17.355
_05055_,17.34
_09171_,17.34
_11544_,17.34
_14544_,17.34
u_cpu.cpuregs\[17\]\[27\],17.34
u_sram.mem\[44\]\[7\],17.34
_13845_,17.32
u_cpu.cpuregs\[14\]\[25\],17.32
u_cpu.cpuregs\[6\]\[2\],17.32
u_sram.mem\[54\]\[7\],17.32
net676,17.32
net4230,17.32
_05765_,17.315
_06135_,17.3
_08529_,17.3
_09141_,17.3
cpu_mem_addr\[3\],17.3
u_sram.mem\[47\]\[27\],17.3
u_sram.mem\[57\]\[17\],17.3
net2627,17.3
net2952,17.3
_08235_,17.29
u_cpu.instr_srli,17.29
net4306,17.285
_06924_,17.28
u_cpu.cpuregs\[1\]\[30\],17.28
u_cpu.cpuregs\[22\]\[24\],17.28
u_cpu.cpuregs\[31\]\[25\],17.28
u_cpu.cpuregs\[5\]\[18\],17.28
u_sram.mem\[38\]\[5\],17.28
net223,17.28
net2061,17.28
net2413,17.28
_09267_,17.27
_05799_,17.26
_13117_,17.26
u_cpu.cpuregs\[8\]\[30\],17.26
u_sram.mem\[15\]\[14\],17.26
net1751,17.26
_04302_,17.24
_05012_,17.24
_08480_,17.24
_08628_,17.24
_09012_,17.24
_12146_,17.24
_14155_,17.24
_04520_,17.22
_05659_,17.22
_07333_,17.22
u_cpu.cpuregs\[13\]\[24\],17.22
u_cpu.cpuregs\[4\]\[8\],17.22
u_sram.mem\[11\]\[16\],17.22
u_uart.u_rx.shift_reg\[6\],17.22
net1420,17.22
_06673_,17.215
u_cpu.cpuregs\[14\]\[16\],17.2
u_cpu.cpuregs\[14\]\[17\],17.2
u_cpu.cpuregs\[4\]\[12\],17.2
u_sram.mem\[1\]\[13\],17.195
_08941_,17.18
_09129_,17.18
_13408_,17.18
_13943_,17.18
u_cpu.cpuregs\[27\]\[21\],17.18
net4220,17.18
_06419_,17.16
_06539_,17.16
_14368_,17.16
u_cpu.cpuregs\[19\]\[21\],17.16
u_sram.mem\[55\]\[16\],17.16
_05037_,17.14
_05249_,17.14
_10621_,17.14
_11590_,17.14
_13842_,17.14
u_cpu.cpuregs\[22\]\[11\],17.14
u_cpu.cpuregs\[6\]\[13\],17.14
net502,17.14
_08788_,17.13
net4787,17.13
_07613_,17.12
_08448_,17.12
_13834_,17.12
u_cpu.cpuregs\[15\]\[28\],17.12
u_cpu.cpuregs\[7\]\[8\],17.12
u_sram.mem\[45\]\[18\],17.12
u_sram.mem\[51\]\[18\],17.12
_04991_,17.1
_12108_,17.1
_13568_,17.1
u_sram.mem\[55\]\[7\],17.1
net4822,17.1
_10156_,17.08
u_cpu.count_instr\[17\],17.08
u_cpu.cpuregs\[16\]\[27\],17.08
u_cpu.cpuregs\[30\]\[29\],17.08
u_sram.mem\[57\]\[25\],17.08
net823,17.065
net2920,17.065
_10871_,17.06
_14042_,17.06
_14067_,17.06
u_cpu.cpuregs\[18\]\[28\],17.06
u_cpu.cpuregs\[20\]\[19\],17.06
u_cpu.reg_out\[19\],17.06
net4971,17.06
net5068,17.06
_06083_,17.04
_07873_,17.04
_09109_,17.04
u_cpu.cpuregs\[23\]\[31\],17.04
u_sram.mem\[17\]\[16\],17.04
u_sram.mem\[48\]\[6\],17.04
_10556_,17.025
_05029_,17.02
_08321_,17.02
_09402_,17.02
_11679_,17.02
_11778_,17.02
u_cpu.cpuregs\[29\]\[14\],17.02
net3709,17.02
net4265,17.02
_07652_,17.01
_09025_,17.01
_08516_,17
_10773_,17
_10909_,17
_11992_,17
u_cpu.cpuregs\[14\]\[31\],17
u_cpu.cpuregs\[24\]\[30\],17
net2498,17
net4378,17
net4791,17
_06571_,16.98
_12181_,16.98
u_cpu.cpuregs\[15\]\[8\],16.98
u_sram.mem\[33\]\[8\],16.98
u_sram.mem\[54\]\[4\],16.98
u_uart.w_byte\[1\],16.98
net1985,16.98
net3569,16.98
_08256_,16.96
_08627_,16.96
u_cpu.cpuregs\[5\]\[27\],16.96
net3571,16.96
_06059_,16.94
_07631_,16.94
_11394_,16.94
net2202,16.94
_05416_,16.92
_10063_,16.92
u_cpu.alu_out\[8\],16.905
_04699_,16.9
_07598_,16.9
_13550_,16.9
u_cpu.cpuregs\[4\]\[14\],16.9
u_uart.u_tx.shift_reg\[7\],16.9
net2705,16.9
_06173_,16.88
u_sram.mem\[39\]\[7\],16.88
net2499,16.87
_04584_,16.86
_05819_,16.86
_10939_,16.86
u_sram.mem\[11\]\[22\],16.86
net4609,16.86
_04546_,16.84
_04878_,16.84
_11145_,16.84
_11299_,16.84
net4366,16.84
_09061_,16.835
_05832_,16.82
u_cpu.cpuregs\[29\]\[24\],16.82
u_sram.mem\[24\]\[23\],16.82
u_sram.mem\[47\]\[19\],16.82
u_cpu.cpuregs\[0\]\[2\],16.8
u_cpu.cpuregs\[18\]\[31\],16.8
u_cpu.cpuregs\[19\]\[31\],16.8
_04569_,16.78
_08550_,16.78
_11757_,16.78
_13150_,16.78
u_cpu.cpuregs\[11\]\[17\],16.78
u_cpu.cpuregs\[8\]\[20\],16.78
u_sram.mem\[37\]\[4\],16.78
net3685,16.78
net3703,16.78
net3970,16.78
_11256_,16.775
u_sram.mem\[9\]\[18\],16.77
_05239_,16.76
_06042_,16.76
_09316_,16.76
_12187_,16.76
_13763_,16.76
u_cpu.cpuregs\[24\]\[31\],16.76
u_cpu.cpuregs\[30\]\[30\],16.76
u_sram.mem\[30\]\[20\],16.76
net1598,16.76
_07637_,16.75
_14010_,16.74
u_cpu.cpuregs\[23\]\[17\],16.74
net2077,16.74
net2751,16.74
net2197,16.73
net2919,16.73
net4429,16.725
_07627_,16.72
_09247_,16.72
_09331_,16.72
_10081_,16.72
_11790_,16.72
_14176_,16.72
u_cpu.cpuregs\[1\]\[22\],16.72
u_uart.u_rx.clk_cnt\[2\],16.72
_05191_,16.7
_06980_,16.7
_07895_,16.7
_07916_,16.7
_08651_,16.7
_10282_,16.7
_12074_,16.7
_13086_,16.7
u_cpu.cpuregs\[20\]\[17\],16.7
u_cpu.cpuregs\[6\]\[31\],16.7
u_sram.mem\[26\]\[7\],16.7
net3925,16.7
net4428,16.7
u_cpu.cpuregs\[28\]\[17\],16.69
_06001_,16.68
_08427_,16.68
_10602_,16.68
u_sram.mem\[55\]\[3\],16.68
net3271,16.68
_04921_,16.66
u_cpu.cpuregs\[14\]\[28\],16.66
u_cpu.cpuregs\[26\]\[0\],16.66
u_cpu.cpuregs\[8\]\[10\],16.66
u_sram.mem\[35\]\[21\],16.66
u_sram.mem\[49\]\[16\],16.66
_07986_,16.64
_08228_,16.64
_08798_,16.64
_11247_,16.64
_13494_,16.64
net1513,16.64
net4486,16.64
_06088_,16.62
_07023_,16.62
u_cpu.cpuregs\[10\]\[19\],16.62
u_cpu.cpuregs\[22\]\[15\],16.62
u_sram.mem\[24\]\[5\],16.62
u_sram.mem\[39\]\[18\],16.62
u_sram.mem\[42\]\[0\],16.62
u_sram.mem\[4\]\[16\],16.62
u_cpu.cpuregs\[18\]\[20\],16.61
_01816_,16.6
_13625_,16.6
_13799_,16.6
u_sram.mem\[15\]\[20\],16.6
net54,16.6
net3742,16.6
_10692_,16.59
_08961_,16.58
_11070_,16.58
_11599_,16.58
u_sram.mem\[50\]\[19\],16.58
net817,16.58
net2231,16.58
_08858_,16.56
_08932_,16.56
_09000_,16.56
_10411_,16.56
u_uart.u_rx.bit_cnt\[0\],16.56
net4403,16.56
_03126_,16.54
_05237_,16.54
_09257_,16.54
_10704_,16.54
u_cpu.cpuregs\[25\]\[23\],16.54
u_cpu.trap,16.54
u_sram.mem\[14\]\[8\],16.54
u_sram.mem\[24\]\[18\],16.54
net1946,16.54
_09834_,16.52
_11952_,16.52
u_cpu.cpuregs\[14\]\[21\],16.52
u_cpu.cpuregs\[15\]\[29\],16.52
u_sram.mem\[13\]\[20\],16.52
u_sram.mem\[34\]\[16\],16.52
u_sram.mem\[45\]\[21\],16.52
net3795,16.52
net5097,16.52
_04490_,16.5
_06820_,16.5
u_sram.mem\[54\]\[14\],16.5
net1916,16.5
_05694_,16.48
_07374_,16.48
_08357_,16.48
u_cpu.cpuregs\[3\]\[19\],16.48
net1822,16.48
_07802_,16.46
_10162_,16.46
_13761_,16.46
u_cpu.cpuregs\[8\]\[11\],16.46
u_sram.mem\[48\]\[21\],16.46
net1706,16.46
_06341_,16.44
_07968_,16.44
_12111_,16.44
u_cpu.cpuregs\[19\]\[0\],16.44
u_cpu.cpuregs\[25\]\[5\],16.44
u_cpu.cpuregs\[3\]\[28\],16.44
u_sram.mem\[3\]\[0\],16.44
net1304,16.44
net4179,16.44
net3774,16.425
_05200_,16.42
_08687_,16.42
_10278_,16.42
_13611_,16.42
u_sram.mem\[26\]\[15\],16.42
u_sram.mem\[33\]\[21\],16.42
net1948,16.42
net4666,16.42
_05068_,16.4
_05073_,16.4
_11439_,16.4
_11972_,16.4
_14172_,16.4
_14238_,16.4
u_cpu.cpuregs\[28\]\[21\],16.4
u_cpu.cpuregs\[30\]\[11\],16.4
u_sram.mem\[37\]\[9\],16.4
u_sram.mem\[41\]\[29\],16.4
u_sram.mem\[47\]\[18\],16.4
net4363,16.4
net2489,16.385
_05208_,16.38
u_cpu.cpuregs\[19\]\[17\],16.38
u_cpu.cpuregs\[29\]\[2\],16.38
u_sram.mem\[26\]\[16\],16.38
u_sram.mem\[47\]\[13\],16.38
net2072,16.38
_03640_,16.365
_05818_,16.36
_06790_,16.36
_11473_,16.36
_13004_,16.36
_13107_,16.36
_13578_,16.36
_13697_,16.36
u_cpu.cpuregs\[14\]\[8\],16.36
u_cpu.cpuregs\[23\]\[3\],16.36
u_sram.mem\[6\]\[21\],16.36
u_uart.rx_data_valid_pulse,16.36
net2052,16.36
net2184,16.36
net4050,16.36
net4446,16.36
u_sram.mem\[2\]\[14\],16.345
_00821_,16.34
_04633_,16.34
_09024_,16.34
_09890_,16.34
_13184_,16.34
u_cpu.cpuregs\[4\]\[20\],16.34
net4309,16.34
_06253_,16.32
_11403_,16.32
_12078_,16.32
u_cpu.cpuregs\[12\]\[13\],16.32
u_cpu.cpuregs\[12\]\[28\],16.32
u_cpu.cpuregs\[13\]\[0\],16.32
u_cpu.cpuregs\[15\]\[23\],16.32
net1093,16.32
net1629,16.32
_04446_,16.3
_08436_,16.3
_13499_,16.3
u_sram.mem\[55\]\[12\],16.3
u_cpu.cpuregs\[13\]\[4\],16.28
u_cpu.cpuregs\[21\]\[2\],16.28
u_sram.mem\[36\]\[23\],16.28
net1316,16.28
_06573_,16.26
_09324_,16.26
u_cpu.cpuregs\[4\]\[6\],16.26
u_cpu.cpuregs\[9\]\[31\],16.26
u_cpu.instr_or,16.26
u_sram.mem\[17\]\[21\],16.26
net184,16.26
_04599_,16.24
_07923_,16.24
_13708_,16.24
_14424_,16.24
net4460,16.24
_09463_,16.22
_10209_,16.22
_10348_,16.22
_13239_,16.22
_13891_,16.22
u_cpu.cpuregs\[0\]\[21\],16.22
net709,16.22
net4133,16.22
net4692,16.22
u_interconnect.rd_sel_r\[0\],16.21
_04533_,16.2
_05613_,16.2
_06823_,16.2
_12198_,16.2
_06206_,16.18
_10961_,16.18
_12046_,16.18
u_cpu.cpuregs\[1\]\[4\],16.18
u_sram.mem\[60\]\[20\],16.18
_05422_,16.16
_05482_,16.16
_05792_,16.16
_09064_,16.16
_14063_,16.16
u_sram.mem\[44\]\[27\],16.16
net2632,16.155
_05858_,16.14
_06805_,16.14
_11618_,16.14
_14207_,16.14
u_sram.mem\[60\]\[28\],16.14
clknet_leaf_247_clk,16.14
_08950_,16.12
_13804_,16.12
u_cpu.count_instr\[25\],16.12
u_cpu.cpuregs\[11\]\[18\],16.12
u_cpu.mem_rdata_q\[16\],16.12
u_sram.mem\[4\]\[21\],16.12
_06211_,16.1
_08395_,16.1
_10470_,16.1
_14102_,16.1
_14137_,16.1
u_cpu.cpuregs\[19\]\[23\],16.1
u_cpu.cpuregs\[26\]\[9\],16.1
u_cpu.cpuregs\[8\]\[26\],16.1
net3348,16.1
_01348_,16.085
_01590_,16.085
_08180_,16.08
_08945_,16.08
_11227_,16.08
u_cpu.cpuregs\[0\]\[15\],16.08
u_sram.mem\[17\]\[26\],16.08
u_sram.mem\[49\]\[1\],16.08
net233,16.08
net1391,16.08
net1944,16.08
net2155,16.08
u_cpu.cpuregs\[30\]\[28\],16.07
_07681_,16.06
_08191_,16.06
_10103_,16.06
_13992_,16.06
u_cpu.cpuregs\[13\]\[13\],16.06
u_cpu.cpuregs\[29\]\[8\],16.06
net884,16.06
net1951,16.06
net3852,16.06
_05344_,16.04
_09180_,16.04
_11940_,16.04
_12995_,16.04
u_sram.mem\[36\]\[31\],16.04
net1682,16.04
_06333_,16.02
_07625_,16.02
_08094_,16.02
_08637_,16.02
_09050_,16.02
_11881_,16.02
_14483_,16.02
u_cpu.cpuregs\[15\]\[2\],16.02
net3692,16.02
net4238,16.02
_11363_,16
_13973_,16
u_cpu.cpuregs\[13\]\[8\],16
u_cpu.cpuregs\[16\]\[1\],16
net311,16
net2192,16
net3874,16
net4348,15.995
_06795_,15.98
_09221_,15.98
_12200_,15.98
_13692_,15.98
u_cpu.cpuregs\[12\]\[12\],15.98
u_cpu.cpuregs\[25\]\[7\],15.98
u_cpu.cpuregs\[9\]\[1\],15.98
u_interconnect.m_axi_wvalid,15.98
_06469_,15.97
net1669,15.965
net2358,15.965
_10249_,15.96
_13731_,15.96
_14039_,15.96
_14328_,15.96
u_cpu.cpuregs\[21\]\[24\],15.96
u_cpu.cpuregs\[22\]\[2\],15.96
u_sram.mem\[12\]\[6\],15.96
u_sram.mem\[25\]\[12\],15.96
u_sram.mem\[28\]\[0\],15.96
u_uart.u_tx.shift_reg\[0\],15.96
u_sram.mem\[47\]\[26\],15.955
_06628_,15.94
_06776_,15.94
_07692_,15.94
_13147_,15.94
u_cpu.cpuregs\[24\]\[10\],15.94
u_cpu.cpuregs\[4\]\[1\],15.94
u_cpu.cpuregs\[8\]\[14\],15.94
_06316_,15.93
_09488_,15.92
u_sram.mem\[30\]\[17\],15.92
_05626_,15.9
_07011_,15.9
_07653_,15.9
u_cpu.cpuregs\[1\]\[12\],15.9
u_cpu.cpuregs\[22\]\[23\],15.9
u_sram.mem\[23\]\[20\],15.9
_04775_,15.88
_12145_,15.88
u_cpu.cpuregs\[26\]\[19\],15.88
u_cpu.cpuregs\[31\]\[0\],15.88
u_cpu.cpuregs\[6\]\[10\],15.88
u_sram.mem\[29\]\[21\],15.88
net2015,15.88
net2448,15.88
_04460_,15.86
_08271_,15.86
_10399_,15.86
_12094_,15.86
_12098_,15.86
u_cpu.cpuregs\[26\]\[30\],15.86
u_sram.mem\[58\]\[0\],15.86
net2028,15.86
net2124,15.86
net3280,15.86
_00886_,15.84
_01546_,15.84
_04849_,15.84
_05885_,15.84
_08292_,15.84
_10372_,15.84
_14339_,15.84
u_cpu.cpuregs\[0\]\[3\],15.84
u_cpu.cpuregs\[18\]\[7\],15.84
u_cpu.cpuregs\[28\]\[2\],15.84
u_sram.mem\[39\]\[20\],15.84
net111,15.84
u_cpu.cpuregs\[1\]\[16\],15.82
u_cpu.cpuregs\[2\]\[11\],15.82
u_sram.mem\[48\]\[27\],15.82
net836,15.82
_04847_,15.8
_08818_,15.8
_09177_,15.8
_10972_,15.8
_11938_,15.8
u_cpu.cpuregs\[17\]\[16\],15.8
u_cpu.cpuregs\[26\]\[21\],15.8
u_cpu.cpuregs\[7\]\[10\],15.8
u_sram.mem\[36\]\[17\],15.8
net1595,15.8
_05368_,15.78
_05876_,15.78
_11905_,15.78
_13054_,15.78
u_cpu.cpuregs\[21\]\[30\],15.78
u_cpu.cpuregs\[30\]\[26\],15.78
net253,15.78
net1884,15.78
_07128_,15.775
_06308_,15.76
_09201_,15.76
_10080_,15.76
_11800_,15.76
_13564_,15.76
u_cpu.cpuregs\[15\]\[21\],15.76
u_sram.mem\[57\]\[20\],15.76
net1914,15.76
_08689_,15.755
_07960_,15.75
_06793_,15.74
_12123_,15.74
_13503_,15.74
_13882_,15.74
_14283_,15.74
u_cpu.cpuregs\[22\]\[17\],15.74
net1809,15.74
net51,15.725
_05196_,15.72
_06601_,15.72
_09584_,15.72
_14554_,15.72
u_cpu.cpuregs\[11\]\[6\],15.72
u_cpu.cpuregs\[13\]\[31\],15.72
u_sram.mem\[8\]\[23\],15.72
net123,15.72
net1851,15.71
_05712_,15.7
_10545_,15.7
_13913_,15.7
_03108_,15.68
_04325_,15.68
_04433_,15.68
_04605_,15.68
_05747_,15.68
_08294_,15.68
_09300_,15.68
u_cpu.cpuregs\[20\]\[0\],15.68
u_sram.mem\[11\]\[24\],15.68
u_sram.mem\[16\]\[30\],15.68
_09957_,15.66
_10603_,15.66
u_cpu.cpuregs\[17\]\[28\],15.66
u_cpu.cpuregs\[19\]\[6\],15.66
u_cpu.cpuregs\[6\]\[28\],15.66
net649,15.66
net1927,15.66
_05187_,15.64
_05773_,15.64
_08853_,15.64
_13158_,15.64
u_cpu.cpuregs\[13\]\[27\],15.64
u_cpu.cpuregs\[18\]\[8\],15.64
u_cpu.cpuregs\[24\]\[6\],15.64
u_cpu.cpuregs\[5\]\[2\],15.64
u_cpu.cpuregs\[5\]\[30\],15.64
u_cpu.cpuregs\[9\]\[16\],15.64
u_sram.mem\[26\]\[20\],15.64
u_sram.mem\[6\]\[19\],15.64
_08885_,15.62
_12190_,15.62
_14464_,15.62
u_cpu.count_cycle\[28\],15.62
u_cpu.cpuregs\[0\]\[6\],15.62
u_cpu.cpuregs\[10\]\[29\],15.62
u_cpu.cpuregs\[27\]\[12\],15.62
u_cpu.cpuregs\[27\]\[13\],15.62
net1302,15.62
_05536_,15.6
_11857_,15.6
_13185_,15.6
_13556_,15.6
u_cpu.cpuregs\[12\]\[25\],15.6
u_cpu.cpuregs\[23\]\[18\],15.6
u_cpu.cpuregs\[7\]\[1\],15.6
u_sram.mem\[26\]\[10\],15.6
u_sram.mem\[54\]\[18\],15.6
net1059,15.6
net1889,15.6
net3641,15.6
_10927_,15.58
u_sram.mem\[16\]\[3\],15.58
u_sram.mem\[62\]\[27\],15.58
_11990_,15.56
u_cpu.cpuregs\[3\]\[26\],15.56
net312,15.545
_05672_,15.54
_07972_,15.54
_13051_,15.54
u_cpu.cpuregs\[0\]\[25\],15.54
u_cpu.cpuregs\[14\]\[23\],15.54
u_cpu.cpuregs\[27\]\[25\],15.54
net2811,15.54
net3876,15.54
_07614_,15.52
_09238_,15.52
_12154_,15.52
_13406_,15.52
_13931_,15.52
u_cpu.cpuregs\[22\]\[31\],15.52
u_cpu.cpuregs\[23\]\[24\],15.52
u_cpu.cpuregs\[28\]\[0\],15.52
u_sram.mem\[28\]\[2\],15.52
net599,15.52
net1036,15.52
net1973,15.52
net3140,15.52
net4111,15.52
_09292_,15.5
u_sram.mem\[9\]\[8\],15.49
_04977_,15.48
_08869_,15.48
_10968_,15.48
u_cpu.cpuregs\[28\]\[20\],15.48
u_sram.mem\[51\]\[16\],15.48
u_sram.mem\[57\]\[24\],15.48
u_sram.w_data_r\[17\],15.48
_06138_,15.46
u_cpu.cpuregs\[13\]\[22\],15.46
u_cpu.cpuregs\[1\]\[21\],15.46
u_cpu.cpuregs\[3\]\[10\],15.46
u_sram.mem\[11\]\[17\],15.46
u_sram.mem\[26\]\[11\],15.46
_04462_,15.44
_05968_,15.44
_13540_,15.44
u_cpu.cpuregs\[3\]\[11\],15.44
u_cpu.reg_out\[26\],15.44
u_sram.mem\[42\]\[13\],15.44
net1415,15.44
net4966,15.44
u_cpu.cpuregs\[5\]\[19\],15.43
_05865_,15.425
net3787,15.425
net4187,15.425
net4404,15.425
_14080_,15.42
u_cpu.cpuregs\[25\]\[3\],15.42
u_cpu.cpuregs\[26\]\[18\],15.42
u_cpu.cpuregs\[2\]\[16\],15.42
u_cpu.cpuregs\[30\]\[9\],15.42
u_cpu.cpuregs\[4\]\[21\],15.42
u_cpu.cpuregs\[8\]\[17\],15.42
u_cpu.cpuregs\[8\]\[19\],15.42
u_cpu.alu_out\[6\],15.405
net4339,15.405
_07052_,15.4
_09283_,15.4
_10337_,15.4
_10792_,15.4
_12169_,15.4
_13922_,15.4
_14027_,15.4
_14399_,15.4
u_cpu.cpuregs\[13\]\[28\],15.4
u_cpu.cpuregs\[14\]\[15\],15.4
u_cpu.cpuregs\[20\]\[7\],15.4
_07669_,15.38
_11024_,15.38
u_cpu.cpuregs\[27\]\[28\],15.38
u_uart.tx_data\[6\],15.38
net4391,15.37
_03725_,15.365
net1853,15.365
_00127_,15.36
_08709_,15.36
_08753_,15.36
_09073_,15.36
_10226_,15.36
_12039_,15.36
u_cpu.cpuregs\[26\]\[8\],15.36
net1397,15.36
_00859_,15.345
net2146,15.345
net2363,15.345
net2418,15.345
_05497_,15.34
_08237_,15.34
_08240_,15.34
_08850_,15.34
_11301_,15.34
u_sram.mem\[23\]\[17\],15.34
u_sram.mem\[28\]\[13\],15.34
net2335,15.34
net3474,15.34
_04574_,15.32
_07694_,15.32
_12975_,15.32
u_sram.mem\[21\]\[26\],15.32
u_sram.mem\[35\]\[31\],15.32
u_sram.mem\[8\]\[13\],15.32
net1340,15.315
u_sram.mem\[9\]\[22\],15.31
net904,15.305
_10073_,15.3
_10543_,15.3
u_cpu.cpuregs\[0\]\[4\],15.3
u_cpu.cpuregs\[23\]\[28\],15.3
u_cpu.cpuregs\[28\]\[14\],15.3
_05430_,15.29
net4580,15.29
_02178_,15.285
_07616_,15.28
_09896_,15.28
_14012_,15.28
u_cpu.cpuregs\[10\]\[9\],15.28
u_cpu.cpuregs\[11\]\[3\],15.28
u_cpu.cpuregs\[5\]\[1\],15.28
u_sram.mem\[26\]\[2\],15.28
u_sram.mem\[28\]\[26\],15.28
u_sram.mem\[29\]\[16\],15.28
net4225,15.28
net4316,15.265
_04835_,15.26
_06075_,15.26
_06076_,15.26
_09648_,15.26
_09994_,15.26
_11228_,15.26
u_cpu.cpuregs\[9\]\[17\],15.26
net1505,15.26
net5153,15.26
_04453_,15.24
_08088_,15.24
_09164_,15.24
_10125_,15.24
_12221_,15.24
u_cpu.cpuregs\[28\]\[24\],15.24
u_interconnect.wr_active,15.24
u_sram.mem\[19\]\[18\],15.24
u_sram.mem\[62\]\[19\],15.24
_05000_,15.22
_05954_,15.22
_11488_,15.22
_11871_,15.22
_12229_,15.22
u_cpu.cpuregs\[28\]\[15\],15.22
u_sram.mem\[55\]\[30\],15.22
u_sram.mem\[57\]\[8\],15.22
net1392,15.22
net396,15.205
net1681,15.205
_01347_,15.2
_06600_,15.2
_06686_,15.2
_13126_,15.2
u_cpu.cpuregs\[12\]\[8\],15.2
u_cpu.cpuregs\[16\]\[25\],15.2
u_sram.mem\[51\]\[8\],15.2
net3557,15.2
net3731,15.2
_10306_,15.18
_10450_,15.18
_13596_,15.18
u_cpu.cpuregs\[10\]\[28\],15.18
u_cpu.cpuregs\[14\]\[11\],15.18
u_cpu.cpuregs\[15\]\[30\],15.18
u_sram.mem\[61\]\[25\],15.18
net3878,15.18
_04426_,15.16
_05283_,15.16
_05833_,15.16
_07033_,15.16
_09532_,15.16
_11594_,15.16
u_cpu.cpuregs\[18\]\[1\],15.16
u_sram.mem\[19\]\[0\],15.16
_06528_,15.14
_06575_,15.14
_09557_,15.14
_09695_,15.14
_14314_,15.14
u_cpu.count_instr\[24\],15.14
u_cpu.cpuregs\[17\]\[19\],15.14
u_cpu.cpuregs\[29\]\[15\],15.14
u_cpu.cpuregs\[31\]\[1\],15.14
net4974,15.14
net4918,15.125
_10401_,15.12
_12068_,15.12
net1967,15.12
net2637,15.12
_06470_,15.1
_08227_,15.1
_10352_,15.1
_10669_,15.1
_11588_,15.1
u_cpu.cpuregs\[28\]\[8\],15.1
u_sram.mem\[38\]\[29\],15.1
u_sram.mem\[7\]\[17\],15.1
_09214_,15.085
net4540,15.085
_08805_,15.08
u_cpu.cpuregs\[22\]\[26\],15.08
net1412,15.08
_13749_,15.065
net1529,15.065
u_cpu.cpuregs\[13\]\[26\],15.06
u_cpu.cpuregs\[14\]\[20\],15.06
u_cpu.cpuregs\[4\]\[4\],15.06
u_cpu.cpuregs\[7\]\[11\],15.06
u_sram.mem\[43\]\[7\],15.06
net180,15.06
net2807,15.04
net3793,15.04
_06140_,15.02
_08957_,15.02
_11862_,15.02
u_sram.mem\[28\]\[10\],15.02
u_sram.mem\[6\]\[20\],15.02
net4516,15.02
_04293_,15
_04311_,15
_04368_,15
_14177_,15
_14578_,15
u_cpu.cpuregs\[6\]\[29\],15
net185,15
net2086,15
net2607,15
_05887_,14.99
_06119_,14.98
_07675_,14.98
net1960,14.98
net2757,14.98
net4845,14.98
_00861_,14.965
_06329_,14.96
_10523_,14.96
_13923_,14.96
_14432_,14.96
u_cpu.cpuregs\[10\]\[24\],14.96
u_cpu.cpuregs\[4\]\[0\],14.96
u_sram.mem\[3\]\[1\],14.96
net2349,14.96
net3912,14.96
net2430,14.95
_05450_,14.94
_07818_,14.94
_08533_,14.94
_10060_,14.94
_13740_,14.94
u_cpu.cpuregs\[19\]\[3\],14.94
u_cpu.cpuregs\[20\]\[22\],14.94
u_cpu.cpuregs\[23\]\[20\],14.94
u_cpu.cpuregs\[2\]\[30\],14.94
net909,14.94
net1887,14.94
net3752,14.94
net3788,14.94
_02974_,14.92
_06294_,14.92
_06427_,14.92
_08360_,14.92
_11574_,14.92
u_cpu.cpuregs\[12\]\[22\],14.92
u_cpu.cpuregs\[15\]\[7\],14.92
u_cpu.cpuregs\[16\]\[20\],14.92
u_cpu.cpuregs\[25\]\[31\],14.92
u_cpu.cpuregs\[26\]\[14\],14.92
u_sram.mem\[40\]\[24\],14.92
net3383,14.92
_04951_,14.9
_05830_,14.9
_06255_,14.9
u_cpu.cpuregs\[24\]\[21\],14.9
u_sram.mem\[24\]\[30\],14.9
u_sram.mem\[51\]\[14\],14.9
_06416_,14.895
net2396,14.885
_06688_,14.88
_08972_,14.88
_09593_,14.88
_10710_,14.88
u_cpu.cpuregs\[10\]\[23\],14.88
u_cpu.cpuregs\[19\]\[29\],14.88
u_sram.mem\[7\]\[18\],14.88
u_sram.mem\[8\]\[21\],14.88
net2400,14.88
net3659,14.88
net3673,14.88
net4240,14.88
_06675_,14.86
_06841_,14.86
_09530_,14.86
_13149_,14.86
u_sram.mem\[17\]\[13\],14.86
u_sram.mem\[19\]\[26\],14.86
u_sram.mem\[35\]\[7\],14.86
u_sram.mem\[4\]\[14\],14.86
net1402,14.86
_05913_,14.84
_08459_,14.84
u_cpu.cpuregs\[19\]\[28\],14.84
u_cpu.cpuregs\[30\]\[17\],14.84
u_sram.mem\[46\]\[31\],14.84
u_sram.mem\[5\]\[7\],14.84
u_sram.mem\[61\]\[29\],14.84
u_sram.mem\[8\]\[27\],14.84
net1163,14.84
net2575,14.84
net3737,14.84
_04376_,14.82
_05508_,14.82
_10460_,14.82
u_cpu.cpuregs\[14\]\[3\],14.82
u_sram.mem\[12\]\[20\],14.82
u_sram.mem\[24\]\[0\],14.82
u_sram.mem\[29\]\[8\],14.82
u_sram.mem\[50\]\[28\],14.82
_07921_,14.8
_08069_,14.8
_10700_,14.8
_12954_,14.8
u_cpu.cpuregs\[14\]\[6\],14.8
u_cpu.cpuregs\[19\]\[15\],14.8
u_cpu.cpuregs\[28\]\[13\],14.8
net63,14.8
net201,14.8
net1895,14.8
_04469_,14.78
_04904_,14.78
_07904_,14.78
_08836_,14.78
_11901_,14.78
_13991_,14.78
u_sram.mem\[26\]\[8\],14.78
u_sram.mem\[57\]\[21\],14.78
net2461,14.78
_05941_,14.76
_12151_,14.76
_14048_,14.76
u_cpu.cpuregs\[22\]\[6\],14.76
u_cpu.cpuregs\[24\]\[9\],14.76
u_cpu.cpuregs\[26\]\[1\],14.76
u_cpu.cpuregs\[28\]\[31\],14.76
u_cpu.cpuregs\[30\]\[19\],14.76
u_cpu.cpuregs\[4\]\[18\],14.76
u_sram.mem\[47\]\[12\],14.76
u_sram.mem\[54\]\[12\],14.76
net969,14.76
net3466,14.76
_04441_,14.74
_09058_,14.74
u_cpu.cpuregs\[12\]\[10\],14.74
u_cpu.cpuregs\[14\]\[19\],14.74
u_cpu.cpuregs\[29\]\[4\],14.74
u_cpu.cpuregs\[7\]\[12\],14.74
u_sram.mem\[35\]\[4\],14.74
_11399_,14.73
_08174_,14.72
_08211_,14.72
_09197_,14.72
_13083_,14.72
_13182_,14.72
_13587_,14.72
_13718_,14.72
u_cpu.cpuregs\[18\]\[27\],14.72
u_cpu.cpuregs\[23\]\[10\],14.72
u_cpu.cpuregs\[2\]\[29\],14.72
u_cpu.cpuregs\[4\]\[17\],14.72
u_sram.mem\[45\]\[3\],14.72
u_sram.mem\[60\]\[21\],14.72
net2690,14.72
net3222,14.72
net3832,14.72
net3839,14.72
_06446_,14.7
u_cpu.cpuregs\[17\]\[22\],14.7
u_cpu.cpuregs\[7\]\[27\],14.7
u_sram.mem\[45\]\[25\],14.7
_03446_,14.68
_05794_,14.68
_06093_,14.68
_06568_,14.68
_11648_,14.68
u_cpu.cpuregs\[25\]\[4\],14.68
u_interconnect.m_axi_awaddr\[29\],14.68
u_sram.mem\[16\]\[21\],14.68
u_sram.mem\[38\]\[31\],14.68
u_sram.mem\[4\]\[17\],14.68
u_uart.rx_buf_data\[5\],14.68
_11130_,14.67
_10689_,14.66
_11600_,14.66
_11987_,14.66
_13595_,14.66
u_sram.mem\[54\]\[27\],14.66
_07359_,14.64
_07859_,14.64
_07897_,14.64
u_cpu.cpuregs\[10\]\[1\],14.64
u_cpu.cpuregs\[14\]\[24\],14.64
u_cpu.cpuregs\[23\]\[9\],14.64
u_cpu.cpuregs\[24\]\[5\],14.64
net1124,14.64
net2530,14.64
net4940,14.64
_00081_,14.63
net2695,14.625
net4110,14.625
net4511,14.625
_06488_,14.62
_10935_,14.62
u_cpu.cpuregs\[2\]\[17\],14.62
net1814,14.62
_05783_,14.6
_06481_,14.6
_06640_,14.6
_07603_,14.6
_13635_,14.6
_14231_,14.6
u_cpu.cpuregs\[13\]\[16\],14.6
u_cpu.cpuregs\[19\]\[8\],14.6
u_cpu.cpuregs\[23\]\[7\],14.6
u_cpu.cpuregs\[26\]\[11\],14.6
_01778_,14.58
_04042_,14.58
_08653_,14.58
_09281_,14.58
_11169_,14.58
u_sram.mem\[45\]\[23\],14.58
net2148,14.58
net2211,14.58
net2260,14.58
net3226,14.57
_07583_,14.56
_08079_,14.56
_09019_,14.56
_09245_,14.56
_10675_,14.56
_13773_,14.56
u_cpu.cpuregs\[10\]\[16\],14.56
u_cpu.cpuregs\[25\]\[25\],14.56
u_cpu.cpuregs\[6\]\[4\],14.56
u_sram.mem\[38\]\[13\],14.56
net2303,14.56
net3584,14.56
net2370,14.545
_06466_,14.54
_07842_,14.54
_09163_,14.54
_11984_,14.54
net4599,14.54
net4824,14.54
net4324,14.525
_06592_,14.52
_06706_,14.52
_10820_,14.52
_14243_,14.52
u_cpu.count_cycle\[12\],14.52
u_sram.mem\[15\]\[11\],14.52
u_sram.mem\[46\]\[10\],14.52
u_sram.mem\[60\]\[31\],14.52
net839,14.505
_02131_,14.5
_12949_,14.5
_14315_,14.5
u_cpu.cpuregs\[11\]\[29\],14.5
u_cpu.cpuregs\[13\]\[11\],14.5
u_cpu.cpuregs\[13\]\[2\],14.5
u_cpu.cpuregs\[4\]\[10\],14.5
u_cpu.cpuregs\[4\]\[7\],14.5
u_sram.mem\[40\]\[27\],14.5
u_sram.mem\[44\]\[8\],14.5
net3412,14.485
_05128_,14.48
_05669_,14.48
_07673_,14.48
_13985_,14.48
u_cpu.count_instr\[4\],14.48
u_cpu.cpuregs\[5\]\[12\],14.48
u_cpu.cpuregs\[7\]\[25\],14.48
u_sram.mem\[2\]\[1\],14.48
u_sram.mem\[6\]\[22\],14.48
u_uart.rx_data_raw\[2\],14.48
net1883,14.48
_04113_,14.47
net4155,14.465
_04349_,14.46
_11643_,14.46
_14202_,14.46
u_cpu.cpuregs\[27\]\[6\],14.46
u_cpu.cpuregs\[30\]\[15\],14.46
u_sram.mem\[12\]\[7\],14.46
_00024_,14.44
_04576_,14.44
_06087_,14.44
_06425_,14.44
_09152_,14.44
u_cpu.mem_rdata_q\[22\],14.44
u_sram.mem\[36\]\[7\],14.44
u_sram.mem\[51\]\[11\],14.44
u_sram.mem\[56\]\[13\],14.44
_04450_,14.425
_04542_,14.42
_07665_,14.42
_09473_,14.42
_11911_,14.42
_13525_,14.42
_13622_,14.42
u_cpu.cpuregs\[19\]\[5\],14.42
u_cpu.cpuregs\[25\]\[11\],14.42
u_cpu.cpuregs\[31\]\[15\],14.42
net1014,14.42
net2620,14.42
_05092_,14.4
_06291_,14.4
_07999_,14.4
_09199_,14.4
_12992_,14.4
_13202_,14.4
u_cpu.cpuregs\[10\]\[10\],14.4
u_sram.mem\[19\]\[27\],14.4
u_sram.mem\[29\]\[12\],14.4
u_sram.mem\[38\]\[15\],14.4
u_sram.mem\[50\]\[1\],14.4
u_sram.mem\[62\]\[10\],14.4
u_sram.mem\[63\]\[13\],14.4
u_sram.mem\[23\]\[19\],14.395
net1050,14.385
net2238,14.385
_10457_,14.38
_11028_,14.38
_13141_,14.38
u_cpu.cpuregs\[10\]\[2\],14.38
u_cpu.cpuregs\[24\]\[19\],14.38
u_sram.mem\[55\]\[28\],14.38
u_sram.mem\[62\]\[25\],14.38
u_cpu.instr_xor,14.365
_04721_,14.36
_11458_,14.36
_14489_,14.36
u_cpu.cpuregs\[19\]\[1\],14.36
u_cpu.cpuregs\[20\]\[31\],14.36
u_sram.mem\[12\]\[16\],14.36
u_sram.mem\[25\]\[8\],14.36
u_sram.mem\[45\]\[14\],14.36
u_sram.mem\[60\]\[15\],14.36
net2175,14.36
net2385,14.36
net2388,14.36
_04765_,14.34
_05184_,14.34
u_sram.mem\[30\]\[9\],14.34
net1453,14.34
net3562,14.34
u_sram.mem\[15\]\[17\],14.335
_08929_,14.33
u_sram.mem\[1\]\[21\],14.325
u_sram.mem\[2\]\[22\],14.325
_09136_,14.32
_10101_,14.32
_10969_,14.32
u_sram.mem\[13\]\[16\],14.32
net3317,14.32
_10537_,14.3
_11675_,14.3
_11721_,14.3
u_sram.mem\[32\]\[12\],14.3
u_sram.mem\[46\]\[22\],14.3
u_sram.mem\[54\]\[19\],14.3
net2309,14.3
net4909,14.3
net1936,14.285
_05006_,14.28
_06738_,14.28
_08802_,14.28
_09182_,14.28
_11093_,14.28
u_cpu.instr_srai,14.28
net3480,14.28
_05339_,14.26
_08478_,14.26
_13705_,14.26
_14173_,14.26
_14342_,14.26
u_cpu.cpuregs\[11\]\[23\],14.26
u_cpu.cpuregs\[12\]\[24\],14.26
u_cpu.cpuregs\[15\]\[18\],14.26
u_cpu.cpuregs\[1\]\[3\],14.26
u_cpu.cpuregs\[22\]\[22\],14.26
u_sram.mem\[38\]\[19\],14.26
u_sram.mem\[44\]\[0\],14.26
_03257_,14.245
net1739,14.245
_05236_,14.24
_08170_,14.24
_12148_,14.24
u_cpu.cpuregs\[13\]\[7\],14.24
net864,14.24
net1868,14.24
net3047,14.24
_10690_,14.23
_04411_,14.22
u_cpu.cpuregs\[15\]\[20\],14.22
net962,14.22
net4268,14.22
net1472,14.215
_05252_,14.2
_08196_,14.2
_08803_,14.2
_11402_,14.2
_13459_,14.2
u_cpu.cpuregs\[7\]\[29\],14.2
u_sram.mem\[37\]\[30\],14.2
net45,14.2
net2765,14.2
u_sram.mem\[1\]\[8\],14.19
_09829_,14.18
_09999_,14.18
u_cpu.cpuregs\[29\]\[11\],14.18
u_cpu.cpuregs\[5\]\[5\],14.18
u_cpu.cpuregs\[8\]\[21\],14.18
u_interconnect.m_axi_araddr\[17\],14.18
u_sram.mem\[32\]\[27\],14.18
u_sram.mem\[38\]\[21\],14.18
u_sram.mem\[4\]\[29\],14.18
net1195,14.18
net1350,14.165
_07071_,14.16
_08123_,14.16
u_cpu.cpuregs\[11\]\[28\],14.16
net1572,14.16
_07604_,14.14
_08327_,14.14
_08935_,14.14
_09160_,14.14
_09519_,14.14
_11244_,14.14
_11457_,14.14
_12919_,14.14
u_cpu.cpuregs\[14\]\[29\],14.14
u_cpu.cpuregs\[16\]\[3\],14.14
u_cpu.cpuregs\[4\]\[26\],14.14
u_sram.mem\[25\]\[25\],14.14
net890,14.14
net4303,14.14
net2169,14.125
_04341_,14.12
_10536_,14.12
net536,14.12
net1251,14.12
net1737,14.12
net3120,14.12
_01770_,14.1
_08341_,14.1
_09814_,14.1
_10453_,14.1
_13190_,14.1
_14205_,14.1
u_cpu.cpuregs\[6\]\[30\],14.1
u_sram.mem\[33\]\[5\],14.1
u_sram.mem\[38\]\[27\],14.1
u_uart.rx_data_raw\[5\],14.1
net3405,14.1
u_sram.mem\[18\]\[8\],14.085
_09031_,14.08
_10439_,14.08
_13873_,14.08
_14353_,14.08
u_cpu.cpuregs\[27\]\[31\],14.08
u_cpu.cpuregs\[6\]\[0\],14.08
u_sram.mem\[33\]\[7\],14.08
u_sram.mem\[35\]\[23\],14.08
net3254,14.08
net5041,14.08
net2069,14.07
_02076_,14.065
net2706,14.065
net4769,14.065
_04876_,14.06
_06714_,14.06
_08281_,14.06
u_sram.mem\[17\]\[25\],14.06
net1610,14.05
net3734,14.045
_06051_,14.04
_07902_,14.04
_11405_,14.04
u_cpu.cpuregs\[22\]\[10\],14.04
u_cpu.cpuregs\[5\]\[0\],14.04
u_sram.mem\[32\]\[17\],14.04
u_sram.mem\[37\]\[22\],14.04
u_sram.mem\[3\]\[22\],14.04
net1683,14.04
net3735,14.04
net3974,14.04
_04545_,14.02
_05738_,14.02
_06808_,14.02
_11895_,14.02
_13569_,14.02
_13653_,14.02
_14157_,14.02
u_cpu.cpuregs\[11\]\[26\],14.02
u_cpu.cpuregs\[16\]\[2\],14.02
u_sram.mem\[40\]\[31\],14.02
net1214,14.02
net2552,14.02
_04553_,14
_09121_,14
_10953_,14
_11342_,14
u_cpu.cpuregs\[26\]\[3\],14
u_uart.u_tx.shift_reg\[6\],14
net1849,14
net3918,14
_05049_,13.98
_06090_,13.98
_09157_,13.98
_10758_,13.98
_11077_,13.98
_11627_,13.98
_13040_,13.98
u_cpu.cpuregs\[3\]\[3\],13.98
u_sram.mem\[29\]\[22\],13.98
u_sram.mem\[32\]\[7\],13.98
u_sram.mem\[47\]\[9\],13.98
u_sram.mem\[52\]\[20\],13.98
net1230,13.98
_05150_,13.96
_09887_,13.96
u_cpu.cpuregs\[23\]\[11\],13.96
u_cpu.cpuregs\[24\]\[11\],13.96
u_cpu.cpuregs\[31\]\[14\],13.96
u_cpu.instr_lw,13.96
u_sram.mem\[55\]\[19\],13.96
net280,13.96
net2803,13.96
net3061,13.96
net3725,13.96
_10472_,13.94
_13085_,13.94
u_cpu.cpuregs\[27\]\[10\],13.94
u_sram.mem\[35\]\[10\],13.94
u_sram.mem\[50\]\[11\],13.94
net2961,13.94
_03375_,13.925
_04936_,13.92
_06079_,13.92
_08511_,13.92
_08819_,13.92
_09500_,13.92
_09754_,13.92
_13536_,13.92
u_cpu.cpuregs\[26\]\[28\],13.92
u_cpu.cpuregs\[2\]\[21\],13.92
net2005,13.92
net2467,13.92
net3860,13.92
_08877_,13.9
_09235_,13.9
_09317_,13.9
_14422_,13.9
u_sram.mem\[14\]\[23\],13.9
u_sram.mem\[3\]\[19\],13.9
u_sram.mem\[45\]\[29\],13.9
u_sram.mem\[48\]\[13\],13.9
net2569,13.9
net1580,13.895
net1875,13.89
_02538_,13.885
_05412_,13.88
_09807_,13.88
_10495_,13.88
_11239_,13.88
_11532_,13.88
_13090_,13.88
_13575_,13.88
_14220_,13.88
_14286_,13.88
u_cpu.cpuregs\[2\]\[6\],13.88
u_sram.mem\[26\]\[13\],13.88
u_sram.mem\[33\]\[19\],13.88
net2161,13.88
net4685,13.88
_04892_,13.86
_06020_,13.86
_08248_,13.86
_08476_,13.86
_11634_,13.86
u_cpu.cpuregs\[18\]\[23\],13.86
u_sram.mem\[30\]\[18\],13.86
u_sram.mem\[4\]\[26\],13.86
net4732,13.86
_05156_,13.84
_11066_,13.84
_11867_,13.84
_13001_,13.84
u_cpu.cpuregs\[11\]\[9\],13.84
u_cpu.cpuregs\[16\]\[28\],13.84
u_cpu.cpuregs\[29\]\[12\],13.84
u_sram.mem\[45\]\[5\],13.84
u_sram.mem\[46\]\[27\],13.84
u_sram.mem\[62\]\[28\],13.84
net422,13.84
net3956,13.84
net639,13.825
net1078,13.825
net4052,13.825
_00891_,13.82
_09256_,13.82
_14539_,13.82
net1901,13.81
_00519_,13.8
_13981_,13.8
u_cpu.cpuregs\[13\]\[10\],13.8
u_cpu.cpuregs\[25\]\[16\],13.8
u_cpu.cpuregs\[27\]\[16\],13.8
u_sram.mem\[38\]\[9\],13.8
net1193,13.8
net1847,13.8
_02756_,13.785
net1582,13.785
_09054_,13.78
_10197_,13.78
u_cpu.cpuregs\[30\]\[8\],13.78
u_cpu.cpuregs\[4\]\[19\],13.78
u_sram.mem\[24\]\[11\],13.78
net1923,13.78
_00250_,13.77
_09397_,13.76
_11968_,13.76
u_cpu.cpuregs\[15\]\[26\],13.76
u_cpu.cpuregs\[7\]\[30\],13.76
u_sram.mem\[45\]\[19\],13.76
_05787_,13.755
net4755,13.745
_05975_,13.74
_06155_,13.74
_07917_,13.74
_08178_,13.74
_12071_,13.74
u_cpu.cpuregs\[22\]\[1\],13.74
net257,13.74
net4454,13.74
net4054,13.725
_06374_,13.72
_08316_,13.72
_08890_,13.72
_13297_,13.72
u_cpu.cpuregs\[13\]\[14\],13.72
u_cpu.cpuregs\[26\]\[13\],13.72
u_sram.mem\[25\]\[1\],13.72
net755,13.72
u_cpu.alu_out\[12\],13.715
u_cpu.cpuregs\[19\]\[13\],13.7
u_sram.mem\[29\]\[1\],13.7
net1071,13.7
net1760,13.7
net2016,13.7
net2237,13.7
_05265_,13.68
_07931_,13.68
_09521_,13.68
_10111_,13.68
u_cpu.cpuregs\[18\]\[13\],13.68
u_cpu.cpuregs\[5\]\[26\],13.68
u_sram.mem\[57\]\[22\],13.68
u_sram.mem\[60\]\[0\],13.68
_01400_,13.665
net3845,13.665
_08964_,13.66
_10702_,13.66
_11490_,13.66
_11586_,13.66
_13097_,13.66
_13407_,13.66
u_cpu.cpu_state\[6\],13.66
u_cpu.cpuregs\[8\]\[28\],13.66
u_interconnect.m_axi_awaddr\[28\],13.66
net2685,13.66
_04323_,13.64
_08347_,13.64
_08467_,13.64
_09517_,13.64
_10384_,13.64
_11726_,13.64
net4244,13.64
u_sram.mem\[19\]\[5\],13.63
_00968_,13.62
_04414_,13.62
_06168_,13.62
_14004_,13.62
u_cpu.cpuregs\[7\]\[9\],13.62
u_sram.mem\[13\]\[21\],13.62
u_sram.mem\[16\]\[4\],13.62
u_sram.mem\[56\]\[5\],13.62
net1485,13.62
net3867,13.62
net4819,13.62
_11897_,13.61
net2648,13.61
_02487_,13.605
_05118_,13.6
_06423_,13.6
_08353_,13.6
_08719_,13.6
_12931_,13.6
_13136_,13.6
u_cpu.cpuregs\[17\]\[23\],13.6
u_cpu.cpuregs\[25\]\[14\],13.6
u_sram.mem\[58\]\[11\],13.6
net1793,13.6
net3996,13.6
net4196,13.595
_06257_,13.59
_04493_,13.58
_04933_,13.58
_09232_,13.58
_10317_,13.58
_10343_,13.58
u_cpu.cpuregs\[8\]\[12\],13.58
u_sram.mem\[17\]\[12\],13.58
u_sram.mem\[33\]\[13\],13.58
u_sram.mem\[42\]\[4\],13.58
u_sram.mem\[6\]\[6\],13.58
net1241,13.58
net4860,13.58
_04304_,13.56
_05199_,13.56
_09072_,13.56
_13707_,13.56
u_cpu.cpuregs\[26\]\[25\],13.56
u_cpu.cpuregs\[29\]\[3\],13.56
u_cpu.cpuregs\[30\]\[20\],13.56
u_cpu.cpuregs\[31\]\[27\],13.56
u_cpu.cpuregs\[7\]\[21\],13.56
net275,13.56
net3671,13.56
net3826,13.56
net4022,13.56
net764,13.545
net1993,13.545
_01050_,13.54
_02155_,13.54
_05489_,13.54
_07237_,13.54
_07695_,13.54
_09006_,13.54
_11339_,13.54
u_cpu.cpuregs\[1\]\[9\],13.54
u_cpu.cpuregs\[22\]\[13\],13.54
net1326,13.54
net1353,13.54
net2909,13.54
_11713_,13.53
_03098_,13.52
_05363_,13.52
_09595_,13.52
_14504_,13.52
_14550_,13.52
net4207,13.52
net4432,13.505
_01047_,13.5
_04562_,13.5
_07336_,13.5
_10491_,13.5
_10893_,13.5
_10923_,13.5
_13532_,13.5
u_cpu.cpuregs\[10\]\[13\],13.5
u_cpu.cpuregs\[22\]\[27\],13.5
u_cpu.cpuregs\[4\]\[15\],13.5
u_cpu.cpuregs\[6\]\[23\],13.5
u_sram.mem\[15\]\[12\],13.5
u_sram.mem\[40\]\[30\],13.5
u_sram.mem\[55\]\[1\],13.5
u_sram.mem\[57\]\[0\],13.5
net7,13.5
net360,13.5
net1026,13.5
net1394,13.5
net4908,13.5
_05043_,13.48
_06728_,13.48
u_cpu.cpuregs\[22\]\[20\],13.48
u_sram.mem\[13\]\[23\],13.48
u_sram.mem\[21\]\[31\],13.48
u_sram.mem\[59\]\[20\],13.48
u_sram.mem\[7\]\[21\],13.48
net672,13.48
net4178,13.48
net695,13.465
_04329_,13.46
_10425_,13.46
u_cpu.cpuregs\[11\]\[21\],13.46
u_sram.mem\[11\]\[13\],13.46
u_sram.mem\[49\]\[29\],13.46
u_sram.mem\[55\]\[18\],13.46
_04495_,13.44
_09142_,13.44
_10356_,13.44
_13102_,13.44
u_cpu.cpuregs\[12\]\[6\],13.44
u_cpu.cpuregs\[17\]\[2\],13.44
u_cpu.cpuregs\[22\]\[0\],13.44
u_sram.mem\[18\]\[18\],13.44
u_sram.mem\[46\]\[20\],13.44
net139,13.44
net640,13.44
net2165,13.44
net3840,13.44
net727,13.425
net1024,13.425
net1885,13.425
net2087,13.425
net4802,13.425
_08655_,13.42
_13549_,13.42
_13978_,13.42
_14093_,13.42
u_sram.mem\[28\]\[12\],13.42
u_sram.mem\[39\]\[31\],13.42
net957,13.42
net2518,13.42
net2944,13.42
net3396,13.42
_08834_,13.41
_08707_,13.4
_09630_,13.4
_09952_,13.4
_10293_,13.4
_13506_,13.4
u_sram.mem\[26\]\[0\],13.4
u_sram.mem\[3\]\[16\],13.4
net2468,13.4
net2666,13.4
net2840,13.4
net3761,13.4
u_sram.mem\[2\]\[19\],13.385
net1043,13.385
net4377,13.385
net4444,13.385
_03945_,13.38
_06289_,13.38
_06674_,13.38
_13757_,13.38
u_cpu.cpuregs\[30\]\[27\],13.38
u_sram.mem\[15\]\[15\],13.38
u_sram.mem\[52\]\[1\],13.38
net1213,13.38
net1029,13.375
net647,13.365
net1125,13.365
_11536_,13.36
net2031,13.36
u_sram.mem\[1\]\[16\],13.345
net3310,13.345
_05250_,13.34
_05495_,13.34
_05632_,13.34
_08986_,13.34
_10917_,13.34
_13545_,13.34
_14223_,13.34
u_cpu.cpuregs\[21\]\[0\],13.34
u_cpu.cpuregs\[24\]\[4\],13.34
u_sram.mem\[35\]\[13\],13.34
u_sram.mem\[57\]\[26\],13.34
net512,13.34
net1053,13.34
net2462,13.34
net2723,13.34
net2889,13.34
u_sram.mem\[1\]\[7\],13.335
net4100,13.325
_04389_,13.32
_05188_,13.32
_08129_,13.32
_10174_,13.32
u_cpu.cpuregs\[22\]\[25\],13.32
u_cpu.cpuregs\[25\]\[27\],13.32
u_sram.mem\[24\]\[13\],13.32
u_sram.mem\[43\]\[16\],13.32
net2130,13.32
net3448,13.32
_01791_,13.3
_04425_,13.3
_05484_,13.3
_06732_,13.3
_07922_,13.3
_11160_,13.3
_11963_,13.3
u_sram.mem\[0\]\[24\],13.3
u_sram.mem\[32\]\[3\],13.3
u_sram.mem\[47\]\[4\],13.3
u_sram.mem\[55\]\[31\],13.3
net1981,13.3
net2018,13.3
_05419_,13.29
net2542,13.285
_05060_,13.28
_05732_,13.28
_10023_,13.28
_12144_,13.28
u_cpu.cpuregs\[12\]\[2\],13.28
u_sram.mem\[17\]\[10\],13.28
net2736,13.28
_06193_,13.26
_09263_,13.26
_12960_,13.26
_12984_,13.26
_13877_,13.26
u_cpu.cpuregs\[12\]\[3\],13.26
u_cpu.cpuregs\[28\]\[11\],13.26
u_sram.mem\[57\]\[14\],13.26
net2345,13.26
net3013,13.26
net3722,13.26
u_cpu.cpuregs\[16\]\[18\],13.25
u_sram.mem\[56\]\[15\],13.24
net1055,13.24
net2022,13.24
net2616,13.24
u_cpu.cpuregs\[2\]\[24\],13.235
_04348_,13.22
_06763_,13.22
_08330_,13.22
_08984_,13.22
_11821_,13.22
_11846_,13.22
u_cpu.cpuregs\[24\]\[17\],13.22
u_sram.mem\[13\]\[17\],13.22
u_sram.mem\[37\]\[10\],13.22
u_sram.mem\[38\]\[1\],13.22
u_sram.mem\[8\]\[7\],13.22
u_sram.w_strb_r\[3\],13.22
net1784,13.22
net2877,13.22
net3642,13.22
_06181_,13.215
_04255_,13.205
net1260,13.205
net4524,13.205
_04766_,13.2
_04840_,13.2
_05169_,13.2
_07641_,13.2
_08375_,13.2
_11762_,13.2
_12231_,13.2
_13053_,13.2
_14294_,13.2
u_cpu.cpuregs\[27\]\[1\],13.2
_03473_,13.185
_04332_,13.18
_07717_,13.18
_08483_,13.18
_09939_,13.18
_10665_,13.18
_13850_,13.18
_14509_,13.18
u_sram.mem\[35\]\[27\],13.18
u_sram.mem\[40\]\[4\],13.18
net1607,13.17
net3971,13.165
_04279_,13.16
_06499_,13.16
_10334_,13.16
_11977_,13.16
u_sram.mem\[19\]\[20\],13.16
u_sram.mem\[24\]\[24\],13.16
u_sram.mem\[25\]\[9\],13.16
u_sram.mem\[36\]\[1\],13.16
u_sram.mem\[42\]\[11\],13.16
u_sram.mem\[57\]\[28\],13.16
u_sram.mem\[5\]\[9\],13.16
net1151,13.16
net4949,13.16
_07620_,13.14
_13610_,13.14
_13675_,13.14
_14574_,13.14
u_cpu.cpuregs\[12\]\[4\],13.14
u_sram.mem\[39\]\[5\],13.14
u_sram.mem\[43\]\[14\],13.14
_04997_,13.12
_07624_,13.12
_11065_,13.12
u_cpu.cpuregs\[16\]\[21\],13.12
u_cpu.cpuregs\[24\]\[28\],13.12
u_cpu.cpuregs\[29\]\[28\],13.12
u_cpu.cpuregs\[4\]\[9\],13.12
u_cpu.mem_rdata_q\[5\],13.12
u_sram.mem\[39\]\[4\],13.12
u_sram.mem\[4\]\[8\],13.12
net1427,13.12
net1596,13.12
net1961,13.12
net2009,13.12
net3456,13.12
net5176,13.12
_04640_,13.1
_06620_,13.1
_09954_,13.1
_11967_,13.1
u_cpu.cpuregs\[15\]\[13\],13.1
u_cpu.cpuregs\[19\]\[2\],13.1
u_cpu.cpuregs\[21\]\[21\],13.1
u_sram.mem\[37\]\[31\],13.1
net1226,13.1
net3183,13.1
net2719,13.085
_00748_,13.08
_05576_,13.08
_06857_,13.08
_09766_,13.08
_10405_,13.08
u_sram.mem\[14\]\[26\],13.08
u_sram.mem\[4\]\[22\],13.08
_04689_,13.06
_08866_,13.06
_09234_,13.06
_10458_,13.06
u_sram.mem\[18\]\[22\],13.06
u_sram.mem\[8\]\[20\],13.06
net3296,13.06
_03533_,13.045
_06839_,13.04
_08354_,13.04
_08975_,13.04
_11424_,13.04
_13301_,13.04
_14405_,13.04
u_cpu.cpuregs\[11\]\[1\],13.04
u_cpu.cpuregs\[30\]\[14\],13.04
u_sram.mem\[20\]\[16\],13.04
u_sram.mem\[38\]\[12\],13.04
u_sram.mem\[60\]\[17\],13.04
net29,13.04
net840,13.04
net1426,13.04
net2103,13.04
net2417,13.04
net2524,13.04
net3255,13.04
net883,13.03
_05411_,13.02
_05923_,13.02
_06648_,13.02
_09237_,13.02
cpu_mem_wdata\[10\],13.02
u_cpu.cpuregs\[22\]\[3\],13.02
u_sram.mem\[16\]\[26\],13.02
u_sram.mem\[38\]\[2\],13.02
u_sram.mem\[39\]\[24\],13.02
u_sram.mem\[45\]\[2\],13.02
u_sram.mem\[46\]\[17\],13.02
clknet_leaf_126_clk,13.02
net224,13.005
_06029_,13
_06619_,13
_07099_,13
_07368_,13
_08531_,13
_08600_,13
_09032_,13
_11128_,13
_13903_,13
_14187_,13
u_cpu.cpuregs\[15\]\[11\],13
u_cpu.cpuregs\[16\]\[5\],13
u_sram.mem\[19\]\[23\],13
u_sram.mem\[36\]\[16\],13
net913,13
net1507,13
net1628,13
net3838,13
_05180_,12.98
_08349_,12.98
_08668_,12.98
_09140_,12.98
u_cpu.cpuregs\[23\]\[15\],12.98
u_cpu.cpuregs\[24\]\[3\],12.98
u_cpu.cpuregs\[9\]\[19\],12.98
u_sram.mem\[20\]\[17\],12.98
u_sram.mem\[48\]\[26\],12.98
net225,12.98
net1621,12.98
net3485,12.98
net4222,12.965
_00966_,12.96
_04491_,12.96
_05964_,12.96
_08187_,12.96
_09099_,12.96
_10223_,12.96
_11770_,12.96
_13726_,12.96
u_sram.mem\[46\]\[18\],12.96
u_sram.mem\[60\]\[25\],12.96
_14571_,12.955
_02506_,12.945
_04649_,12.94
_06599_,12.94
_07872_,12.94
_10383_,12.94
_11754_,12.94
u_cpu.cpuregs\[31\]\[10\],12.94
net2416,12.94
net3749,12.94
_05754_,12.92
_07074_,12.92
_08198_,12.92
_08585_,12.92
_14377_,12.92
u_cpu.cpuregs\[14\]\[14\],12.92
u_cpu.cpuregs\[17\]\[21\],12.92
u_sram.mem\[37\]\[7\],12.92
u_sram.mem\[38\]\[23\],12.92
u_sram.mem\[51\]\[31\],12.92
u_sram.mem\[61\]\[22\],12.92
net104,12.92
net1719,12.92
net2139,12.92
_00572_,12.905
net1974,12.905
net2043,12.905
net3590,12.905
_04443_,12.9
_06662_,12.9
u_cpu.cpuregs\[3\]\[20\],12.9
u_sram.mem\[33\]\[12\],12.9
u_sram.mem\[51\]\[4\],12.9
net209,12.9
net3873,12.9
net4885,12.9
_06201_,12.89
u_interconnect.wr_sel_r\[0\],12.89
u_sram.mem\[2\]\[20\],12.885
_06185_,12.88
_09210_,12.88
_09637_,12.88
_09659_,12.88
_10422_,12.88
_10542_,12.88
_10703_,12.88
_11183_,12.88
u_cpu.cpuregs\[25\]\[29\],12.88
u_cpu.cpuregs\[26\]\[26\],12.88
u_cpu.cpuregs\[28\]\[30\],12.88
u_sram.mem\[40\]\[2\],12.88
net1080,12.88
net1288,12.88
net1704,12.88
net2777,12.88
net4826,12.88
net1795,12.865
net2195,12.865
net2531,12.865
net3614,12.865
_00030_,12.86
_00869_,12.86
_05231_,12.86
_05699_,12.86
_09227_,12.86
_10270_,12.86
_11883_,12.86
net1381,12.86
net2082,12.86
net2746,12.86
net2734,12.845
_09538_,12.84
_11613_,12.84
_13686_,12.84
_14344_,12.84
u_sram.mem\[54\]\[26\],12.84
net235,12.84
net2514,12.84
net3217,12.84
net3764,12.84
net4984,12.84
net3468,12.825
_04303_,12.82
_08568_,12.82
_10876_,12.82
_11667_,12.82
_13797_,12.82
u_sram.mem\[36\]\[10\],12.82
net4285,12.805
_08507_,12.8
u_cpu.cpuregs\[17\]\[17\],12.8
u_cpu.cpuregs\[29\]\[23\],12.8
u_cpu.cpuregs\[2\]\[8\],12.8
u_cpu.cpuregs\[30\]\[13\],12.8
u_sram.mem\[33\]\[18\],12.8
net1246,12.8
net1273,12.8
net2780,12.8
net2947,12.8
net4071,12.8
net4170,12.8
net4461,12.8
_09262_,12.78
u_cpu.cpuregs\[25\]\[22\],12.78
u_sram.mem\[8\]\[14\],12.78
net2164,12.78
_04432_,12.76
_05805_,12.76
_06263_,12.76
_13840_,12.76
_14484_,12.76
u_cpu.cpuregs\[15\]\[16\],12.76
u_cpu.cpuregs\[21\]\[12\],12.76
u_cpu.cpuregs\[4\]\[28\],12.76
u_cpu.cpuregs\[9\]\[0\],12.76
u_sram.mem\[39\]\[25\],12.76
net229,12.76
u_sram.mem\[33\]\[26\],12.75
net3646,12.75
net97,12.745
_04960_,12.74
_05262_,12.74
_05364_,12.74
_09495_,12.74
_09529_,12.74
_09839_,12.74
_11158_,12.74
_11746_,12.74
_12999_,12.74
_13741_,12.74
u_sram.mem\[12\]\[10\],12.74
net37,12.74
net43,12.74
net1957,12.74
net2158,12.74
net2493,12.74
net4345,12.74
net5054,12.74
_07638_,12.72
_11467_,12.72
u_cpu.cpuregs\[24\]\[29\],12.72
u_sram.mem\[17\]\[8\],12.72
u_sram.mem\[50\]\[16\],12.72
net1012,12.72
net1877,12.72
_07024_,12.71
_04429_,12.7
_05149_,12.7
_06816_,12.7
_09757_,12.7
_10358_,12.7
u_sram.mem\[32\]\[1\],12.7
net1008,12.7
net2291,12.7
net2589,12.7
net3274,12.7
net4500,12.7
_01159_,12.685
_03305_,12.685
_08298_,12.685
_05429_,12.68
_07364_,12.68
_07594_,12.68
_07914_,12.68
_11302_,12.68
u_cpu.cpuregs\[18\]\[30\],12.68
u_sram.mem\[34\]\[4\],12.68
u_sram.mem\[38\]\[22\],12.68
net1630,12.68
_00963_,12.66
_08470_,12.66
_08556_,12.66
_14005_,12.66
_14241_,12.66
u_cpu.count_cycle\[10\],12.66
u_cpu.cpuregs\[18\]\[21\],12.66
u_cpu.cpuregs\[1\]\[10\],12.66
u_cpu.cpuregs\[20\]\[14\],12.66
u_cpu.cpuregs\[28\]\[16\],12.66
u_cpu.cpuregs\[30\]\[22\],12.66
u_cpu.cpuregs\[4\]\[30\],12.66
u_cpu.pcpi_rs1\[14\],12.66
u_sram.mem\[13\]\[11\],12.66
u_sram.mem\[17\]\[29\],12.66
u_sram.mem\[33\]\[29\],12.66
u_sram.mem\[35\]\[26\],12.66
u_sram.mem\[5\]\[31\],12.66
net3337,12.66
net3444,12.66
net3681,12.66
_03018_,12.64
_03019_,12.64
_04608_,12.64
_04662_,12.64
_05857_,12.64
_07602_,12.64
_08388_,12.64
_12135_,12.64
_13572_,12.64
_13573_,12.64
u_cpu.cpuregs\[9\]\[20\],12.64
u_interconnect.s2_axi_rdata\[6\],12.64
u_sram.mem\[57\]\[30\],12.64
net1184,12.64
_01659_,12.625
net285,12.625
_03854_,12.62
_04587_,12.62
_05460_,12.62
_05668_,12.62
_06018_,12.62
_06953_,12.62
_08061_,12.62
_10216_,12.62
_11430_,12.62
u_cpu.cpuregs\[5\]\[23\],12.62
u_sram.mem\[12\]\[22\],12.62
u_sram.mem\[46\]\[11\],12.62
u_sram.mem\[47\]\[11\],12.62
net2254,12.62
net2347,12.62
net3098,12.62
net3739,12.62
_03673_,12.605
_04399_,12.6
_04566_,12.6
_04778_,12.6
_06195_,12.6
u_cpu.cpuregs\[18\]\[24\],12.6
u_interconnect.m_axi_awaddr\[15\],12.6
u_sram.mem\[28\]\[31\],12.6
net3086,12.6
net4880,12.6
net795,12.585
_05848_,12.58
_06084_,12.58
_06767_,12.58
_08159_,12.58
_09571_,12.58
_09666_,12.58
_11233_,12.58
_11479_,12.58
u_cpu.count_cycle\[21\],12.58
u_cpu.cpuregs\[18\]\[9\],12.58
u_cpu.cpuregs\[19\]\[24\],12.58
u_cpu.cpuregs\[29\]\[27\],12.58
u_cpu.cpuregs\[2\]\[13\],12.58
u_sram.mem\[40\]\[11\],12.58
u_sram.mem\[61\]\[16\],12.58
net1792,12.58
net3012,12.58
_05701_,12.56
_06307_,12.56
_06386_,12.56
_09138_,12.56
u_cpu.cpuregs\[0\]\[30\],12.56
u_cpu.cpuregs\[26\]\[17\],12.56
_06761_,12.54
_11649_,12.54
_13589_,12.54
u_cpu.cpuregs\[18\]\[11\],12.54
u_cpu.cpuregs\[23\]\[27\],12.54
u_sram.mem\[60\]\[9\],12.54
net785,12.54
net1051,12.54
net1653,12.54
net2612,12.54
net3582,12.54
net1510,12.53
net624,12.525
_09671_,12.52
_09725_,12.52
_10462_,12.52
_13275_,12.52
u_cpu.count_instr\[26\],12.52
u_cpu.cpuregs\[10\]\[27\],12.52
u_sram.mem\[29\]\[29\],12.52
u_uart.w_got,12.52
net74,12.52
net3176,12.52
net3864,12.52
net894,12.505
_05272_,12.5
_08208_,12.5
_09713_,12.5
_13109_,12.5
_13643_,12.5
_14310_,12.5
_14583_,12.5
u_sram.mem\[61\]\[7\],12.5
net1102,12.5
net3257,12.5
net4965,12.5
_05785_,12.495
net1155,12.49
_03938_,12.48
_05163_,12.48
_07894_,12.48
_08165_,12.48
_12213_,12.48
_14267_,12.48
u_cpu.cpuregs\[1\]\[24\],12.48
u_sram.mem\[17\]\[17\],12.48
u_sram.mem\[56\]\[11\],12.48
net1785,12.48
net2062,12.48
net3676,12.48
net4092,12.48
net4808,12.48
net3851,12.465
_04594_,12.46
_04600_,12.46
_05114_,12.46
_07898_,12.46
_08194_,12.46
_09076_,12.46
_09169_,12.46
_10777_,12.46
_14035_,12.46
_14316_,12.46
u_cpu.cpuregs\[12\]\[15\],12.46
u_cpu.cpuregs\[29\]\[26\],12.46
u_sram.mem\[30\]\[21\],12.46
u_sram.mem\[35\]\[15\],12.46
u_sram.mem\[62\]\[26\],12.46
net340,12.46
net2519,12.46
net3759,12.46
_03251_,12.445
net719,12.445
_04269_,12.44
_09060_,12.44
_10185_,12.44
_14115_,12.44
net132,12.44
net1788,12.44
net2714,12.44
net3470,12.44
net3559,12.44
net2332,12.425
_04595_,12.42
_08107_,12.42
_10574_,12.42
_13561_,12.42
_13868_,12.42
_14107_,12.42
_14174_,12.42
u_cpu.cpuregs\[17\]\[24\],12.42
net2864,12.42
_01651_,12.405
_04001_,12.405
_11151_,12.4
_14379_,12.4
u_sram.mem\[48\]\[29\],12.4
u_uart.tx_data\[4\],12.4
net4607,12.4
u_interconnect.s0_axi_rdata\[1\],12.39
u_uart.u_rx.rx_s,12.39
_04867_,12.38
_05605_,12.38
_06691_,12.38
_08119_,12.38
_09046_,12.38
_12031_,12.38
u_cpu.reg_out\[28\],12.38
u_sram.mem\[12\]\[24\],12.38
u_sram.mem\[15\]\[13\],12.38
u_sram.mem\[3\]\[6\],12.38
u_sram.mem\[40\]\[13\],12.38
net5078,12.38
net897,12.365
_00786_,12.36
_05082_,12.36
_09913_,12.36
_13750_,12.36
u_cpu.cpuregs\[29\]\[13\],12.36
u_cpu.mem_rdata_q\[6\],12.36
u_sram.mem\[51\]\[17\],12.36
u_sram.mem\[51\]\[7\],12.36
u_sram.mem\[55\]\[20\],12.36
net1826,12.36
net1516,12.35
_04900_,12.34
_05705_,12.34
_06743_,12.34
_07670_,12.34
_08200_,12.34
_11879_,12.34
u_cpu.cpuregs\[12\]\[0\],12.34
u_cpu.cpuregs\[23\]\[25\],12.34
u_cpu.cpuregs\[30\]\[23\],12.34
u_sram.mem\[46\]\[19\],12.34
u_sram.mem\[7\]\[20\],12.34
net207,12.34
net602,12.34
net751,12.34
net1970,12.34
net2220,12.34
net4215,12.34
net4329,12.34
_04346_,12.32
_07962_,12.32
_11960_,12.32
u_cpu.is_lb_lh_lw_lbu_lhu,12.32
u_interconnect.m_axi_araddr\[15\],12.32
u_sram.mem\[49\]\[27\],12.32
net2234,12.32
_02482_,12.305
_03223_,12.305
net3818,12.305
net4119,12.305
_05062_,12.3
_05202_,12.3
_10087_,12.3
_13987_,12.3
u_cpu.cpuregs\[12\]\[14\],12.3
u_cpu.cpuregs\[13\]\[20\],12.3
u_cpu.cpuregs\[16\]\[22\],12.3
u_cpu.cpuregs\[26\]\[29\],12.3
u_sram.mem\[20\]\[22\],12.3
u_sram.mem\[30\]\[4\],12.3
u_sram.mem\[41\]\[0\],12.3
u_sram.mem\[41\]\[17\],12.3
net970,12.3
_08795_,12.29
net4593,12.285
_04108_,12.28
_06758_,12.28
_12010_,12.28
_13685_,12.28
_14443_,12.28
net863,12.28
net2544,12.28
net2970,12.28
net3859,12.28
_01046_,12.26
_04363_,12.26
_06072_,12.26
_07301_,12.26
_10593_,12.26
_14513_,12.26
u_cpu.cpuregs\[31\]\[22\],12.26
u_cpu.reg_out\[18\],12.26
u_sram.mem\[36\]\[25\],12.26
u_sram.mem\[41\]\[5\],12.26
net580,12.26
net3766,12.26
_01104_,12.245
_04391_,12.24
_05028_,12.24
_06510_,12.24
_06803_,12.24
_11722_,12.24
_13081_,12.24
_14094_,12.24
u_cpu.cpuregs\[10\]\[21\],12.24
u_interconnect.m_axi_wdata\[17\],12.24
u_sram.mem\[16\]\[5\],12.24
u_sram.mem\[46\]\[16\],12.24
u_sram.mem\[60\]\[11\],12.24
net1770,12.24
net4862,12.24
_04444_,12.22
_05052_,12.22
_09626_,12.22
u_cpu.cpuregs\[17\]\[9\],12.22
u_sram.mem\[34\]\[31\],12.22
net593,12.22
net2129,12.22
_01476_,12.205
net1593,12.205
_06239_,12.2
_07134_,12.2
_08676_,12.2
_13157_,12.2
u_cpu.cpuregs\[15\]\[19\],12.2
u_cpu.cpuregs\[17\]\[10\],12.2
u_cpu.cpuregs\[27\]\[30\],12.2
u_cpu.cpuregs\[31\]\[28\],12.2
u_cpu.cpuregs\[3\]\[15\],12.2
u_cpu.cpuregs\[4\]\[22\],12.2
u_cpu.cpuregs\[8\]\[13\],12.2
u_sram.mem\[13\]\[19\],12.2
u_sram.mem\[16\]\[10\],12.2
u_sram.mem\[26\]\[27\],12.2
u_sram.mem\[3\]\[30\],12.2
u_sram.mem\[45\]\[15\],12.2
u_sram.mem\[62\]\[31\],12.2
net849,12.2
net1261,12.2
net1305,12.2
net1337,12.2
net3190,12.2
net3322,12.2
_04912_,12.18
_05675_,12.18
_10267_,12.18
_10339_,12.18
_11758_,12.18
u_cpu.cpuregs\[14\]\[4\],12.18
u_sram.mem\[22\]\[24\],12.18
u_sram.mem\[23\]\[21\],12.18
u_sram.mem\[37\]\[27\],12.18
u_sram.mem\[7\]\[22\],12.18
_03111_,12.16
_04508_,12.16
_05849_,12.16
_07814_,12.16
_10854_,12.16
_12125_,12.16
_14354_,12.16
u_sram.mem\[20\]\[18\],12.16
u_sram.mem\[21\]\[18\],12.16
u_sram.mem\[47\]\[31\],12.16
net541,12.16
net1690,12.16
net1697,12.16
net3006,12.16
u_sram.mem\[36\]\[22\],12.155
_03864_,12.14
_07372_,12.14
_11215_,12.14
net2538,12.14
_05704_,12.13
_10171_,12.13
_01031_,12.12
_03161_,12.12
_04386_,12.12
_04970_,12.12
_08635_,12.12
_08868_,12.12
_14161_,12.12
u_sram.mem\[57\]\[27\],12.12
u_sram.w_data_r\[18\],12.12
net1186,12.12
net2643,12.12
net3077,12.12
net4210,12.12
_06101_,12.1
_07668_,12.1
_13880_,12.1
u_cpu.cpuregs\[14\]\[27\],12.1
u_cpu.cpuregs\[17\]\[3\],12.1
u_cpu.cpuregs\[6\]\[21\],12.1
u_interconnect.m_axi_wstrb\[1\],12.1
u_sram.mem\[13\]\[9\],12.1
u_sram.mem\[14\]\[29\],12.1
u_sram.mem\[4\]\[27\],12.1
net2841,12.085
net5114,12.085
_08117_,12.08
_08551_,12.08
_11091_,12.08
u_cpu.cpuregs\[14\]\[1\],12.08
u_cpu.cpuregs\[17\]\[31\],12.08
u_cpu.cpuregs\[21\]\[19\],12.08
u_cpu.cpuregs\[21\]\[20\],12.08
u_sram.mem\[37\]\[23\],12.08
u_sram.mem\[57\]\[18\],12.08
net2439,12.08
net2928,12.08
_03319_,12.065
_03730_,12.06
_11744_,12.06
_13159_,12.06
u_cpu.cpuregs\[25\]\[15\],12.06
net2281,12.06
_03313_,12.055
net4517,12.045
_00457_,12.04
_04635_,12.04
_05223_,12.04
_09947_,12.04
_10336_,12.04
_10975_,12.04
u_sram.w_data_r\[4\],12.04
net1174,12.04
net1475,12.04
net2645,12.04
net3538,12.04
net3957,12.04
_01795_,12.02
_02505_,12.02
_09191_,12.02
_14436_,12.02
u_cpu.cpuregs\[5\]\[9\],12.02
u_sram.mem\[13\]\[30\],12.02
u_sram.mem\[60\]\[14\],12.02
net1311,12.02
net3264,12.02
net3341,12.02
net3610,12.02
_01410_,12.005
net5103,12.005
_00189_,12
_01200_,12
_06345_,12
_13061_,12
u_cpu.cpuregs\[2\]\[18\],12
net2464,12
_00899_,11.985
net2183,11.985
net4423,11.985
net4877,11.985
net5106,11.985
_09474_,11.98
_09914_,11.98
_11000_,11.98
_14111_,11.98
net1308,11.98
net2029,11.98
net4115,11.98
net4351,11.975
_02021_,11.965
_02064_,11.965
_03492_,11.965
_00103_,11.96
_00969_,11.96
_05174_,11.96
_12003_,11.96
_14357_,11.96
u_cpu.cpuregs\[1\]\[0\],11.96
u_cpu.cpuregs\[22\]\[8\],11.96
u_sram.mem\[24\]\[27\],11.96
net2774,11.96
net3034,11.96
_03690_,11.955
_08755_,11.955
u_cpu.cpuregs\[21\]\[7\],11.955
_02628_,11.945
net2539,11.945
net3561,11.945
_10921_,11.94
_11098_,11.94
_14131_,11.94
_14242_,11.94
u_cpu.cpuregs\[20\]\[1\],11.94
u_sram.mem\[36\]\[6\],11.94
u_sram.mem\[6\]\[12\],11.94
net3857,11.94
u_cpu.cpuregs\[5\]\[6\],11.935
u_sram.mem\[2\]\[7\],11.925
net2112,11.925
_04524_,11.92
_04882_,11.92
_06340_,11.92
_06383_,11.92
_07982_,11.92
_08126_,11.92
_08382_,11.92
_09505_,11.92
_11970_,11.92
_12917_,11.92
u_uart.u_tx.bit_cnt\[0\],11.92
u_uart.w_byte\[3\],11.92
net406,11.92
net999,11.92
net1362,11.92
net2558,11.92
net4019,11.92
u_sram.mem\[7\]\[16\],11.915
net361,11.905
net3537,11.905
_04593_,11.9
_08588_,11.9
_13467_,11.9
u_cpu.cpuregs\[12\]\[5\],11.9
u_cpu.cpuregs\[5\]\[20\],11.9
net3499,11.9
net3541,11.9
net3820,11.9
_06057_,11.88
_06391_,11.88
_06495_,11.88
_07900_,11.88
_09005_,11.88
_10618_,11.88
_13674_,11.88
u_cpu.cpuregs\[17\]\[4\],11.88
u_cpu.cpuregs\[25\]\[30\],11.88
u_sram.mem\[28\]\[28\],11.88
u_sram.mem\[49\]\[2\],11.88
u_sram.mem\[49\]\[5\],11.88
net116,11.88
net888,11.88
net1729,11.88
_03443_,11.865
_06801_,11.86
_09181_,11.86
u_cpu.cpuregs\[22\]\[18\],11.86
u_cpu.cpuregs\[3\]\[23\],11.86
u_sram.mem\[19\]\[31\],11.86
net398,11.86
net3846,11.86
_00161_,11.85
_01433_,11.845
_01739_,11.84
_04003_,11.84
_04021_,11.84
_05078_,11.84
_08578_,11.84
_09616_,11.84
_13645_,11.84
_14584_,11.84
u_cpu.cpuregs\[11\]\[7\],11.84
u_cpu.cpuregs\[13\]\[19\],11.84
u_cpu.cpuregs\[31\]\[26\],11.84
u_sram.mem\[57\]\[11\],11.84
u_sram.mem\[6\]\[8\],11.84
net4010,11.84
net4751,11.84
net1018,11.83
_03990_,11.825
net1545,11.825
net3861,11.825
_04371_,11.82
_06127_,11.82
_06569_,11.82
_09653_,11.82
_10068_,11.82
_11139_,11.82
_11333_,11.82
_13623_,11.82
_14245_,11.82
u_cpu.cpuregs\[20\]\[15\],11.82
u_sram.mem\[4\]\[5\],11.82
u_sram.mem\[4\]\[9\],11.82
net1573,11.82
net2092,11.82
net3345,11.82
net3627,11.82
net4184,11.82
net4717,11.82
_04637_,11.8
_05260_,11.8
_06760_,11.8
_07607_,11.8
_10248_,11.8
_10310_,11.8
_13916_,11.8
_14321_,11.8
_14441_,11.8
u_cpu.cpuregs\[0\]\[8\],11.8
net809,11.8
net1301,11.8
net1937,11.8
_01489_,11.785
_01548_,11.78
_04832_,11.78
_06162_,11.78
_07100_,11.78
_10196_,11.78
_10534_,11.78
u_cpu.cpuregs\[11\]\[14\],11.78
u_cpu.cpuregs\[15\]\[10\],11.78
u_cpu.cpuregs\[15\]\[31\],11.78
u_cpu.cpuregs\[5\]\[21\],11.78
u_cpu.cpuregs\[9\]\[30\],11.78
u_sram.mem\[11\]\[14\],11.78
u_sram.mem\[13\]\[25\],11.78
net1022,11.78
net1161,11.78
net2608,11.78
net3035,11.78
net3128,11.78
net3877,11.78
net4137,11.78
u_sram.mem\[14\]\[3\],11.775
_03021_,11.76
_05871_,11.76
u_cpu.cpuregs\[17\]\[12\],11.76
u_cpu.cpuregs\[18\]\[0\],11.76
u_cpu.cpuregs\[23\]\[22\],11.76
u_sram.mem\[24\]\[15\],11.76
u_sram.mem\[41\]\[7\],11.76
u_sram.mem\[8\]\[15\],11.76
net4237,11.76
net5012,11.76
_00860_,11.745
_02454_,11.745
_03226_,11.745
net1352,11.745
net3938,11.745
_05476_,11.74
_13639_,11.74
_13886_,11.74
u_cpu.cpuregs\[12\]\[1\],11.74
u_cpu.cpuregs\[14\]\[10\],11.74
u_cpu.cpuregs\[21\]\[31\],11.74
u_cpu.cpuregs\[30\]\[1\],11.74
u_sram.mem\[12\]\[27\],11.74
u_sram.mem\[13\]\[4\],11.74
u_sram.mem\[19\]\[11\],11.74
u_sram.mem\[26\]\[29\],11.74
u_sram.mem\[46\]\[4\],11.74
net1192,11.74
_00013_,11.72
_04402_,11.72
_05215_,11.72
_05413_,11.72
_06070_,11.72
_06092_,11.72
_11192_,11.72
_13657_,11.72
_13755_,11.72
u_cpu.cpuregs\[12\]\[19\],11.72
u_sram.mem\[23\]\[18\],11.72
u_sram.mem\[25\]\[20\],11.72
u_sram.mem\[39\]\[13\],11.72
u_sram.mem\[40\]\[17\],11.72
u_sram.mem\[63\]\[4\],11.72
u_uart.tx_data\[5\],11.72
net4088,11.72
_01478_,11.705
_04809_,11.7
_05477_,11.7
_05519_,11.7
_07747_,11.7
_10095_,11.7
_10382_,11.7
_10522_,11.7
_10942_,11.7
_14204_,11.7
u_cpu.cpuregs\[16\]\[6\],11.7
u_cpu.cpuregs\[17\]\[30\],11.7
net2356,11.7
net3338,11.7
net4284,11.7
_04759_,11.68
_06547_,11.68
_08364_,11.68
_11669_,11.68
_13410_,11.68
u_cpu.cpuregs\[15\]\[5\],11.68
u_cpu.is_compare,11.68
u_sram.mem\[13\]\[15\],11.68
net1403,11.68
net1873,11.68
net4156,11.68
net4033,11.665
_04451_,11.66
_04651_,11.66
_04828_,11.66
_05008_,11.66
_05538_,11.66
_05868_,11.66
_06745_,11.66
_09288_,11.66
_10916_,11.66
_12114_,11.66
_13098_,11.66
_13917_,11.66
u_cpu.cpuregs\[0\]\[28\],11.66
u_cpu.cpuregs\[18\]\[10\],11.66
u_cpu.cpuregs\[31\]\[30\],11.66
u_cpu.cpuregs\[31\]\[4\],11.66
u_sram.mem\[13\]\[2\],11.66
u_sram.mem\[33\]\[31\],11.66
u_sram.mem\[54\]\[10\],11.66
u_sram.mem\[7\]\[24\],11.66
net604,11.66
net776,11.66
net1160,11.66
net1262,11.66
net2084,11.66
net2384,11.66
net2481,11.66
net2609,11.66
net2615,11.66
net2846,11.66
net4024,11.66
net4148,11.66
net4233,11.66
_00014_,11.64
_05154_,11.64
_06381_,11.64
_08254_,11.64
_08362_,11.64
u_sram.mem\[22\]\[10\],11.64
u_sram.mem\[3\]\[2\],11.64
net2796,11.64
_01265_,11.625
_01474_,11.625
_08623_,11.625
net3765,11.625
net4169,11.625
_04421_,11.62
_05531_,11.62
_06534_,11.62
_08401_,11.62
_10364_,11.62
_11635_,11.62
_11748_,11.62
_13929_,11.62
_14331_,11.62
u_cpu.cpuregs\[11\]\[25\],11.62
u_cpu.cpuregs\[24\]\[26\],11.62
u_cpu.cpuregs\[28\]\[12\],11.62
u_interconnect.s0_axi_rdata\[14\],11.62
u_sram.mem\[26\]\[30\],11.62
u_sram.mem\[28\]\[16\],11.62
net1674,11.62
net4901,11.62
_04072_,11.605
_01470_,11.6
_04434_,11.6
_11141_,11.6
_11637_,11.6
u_cpu.cpuregs\[14\]\[13\],11.6
u_sram.mem\[32\]\[24\],11.6
u_sram.mem\[33\]\[22\],11.6
u_sram.mem\[3\]\[13\],11.6
net1871,11.6
net4780,11.6
_06346_,11.595
_00062_,11.59
_01812_,11.585
_02539_,11.585
net3847,11.585
net4320,11.585
_04848_,11.58
_04873_,11.58
_04946_,11.58
_05635_,11.58
_05779_,11.58
_06402_,11.58
_06632_,11.58
_06638_,11.58
_09606_,11.58
_09832_,11.58
_13557_,11.58
_14260_,11.58
u_cpu.cpuregs\[21\]\[16\],11.58
net1082,11.58
net1461,11.58
net2506,11.58
_01014_,11.575
_03252_,11.575
_04401_,11.56
_04438_,11.56
_05776_,11.56
_11559_,11.56
u_cpu.cpuregs\[24\]\[7\],11.56
u_interconnect.s2_axi_rdata\[7\],11.56
net99,11.56
net3440,11.56
_02402_,11.545
u_sram.mem\[2\]\[18\],11.545
net3161,11.545
net4049,11.545
_04581_,11.54
_05140_,11.54
_06467_,11.54
_09304_,11.54
_11122_,11.54
_13197_,11.54
u_cpu.cpuregs\[11\]\[8\],11.54
u_cpu.cpuregs\[27\]\[29\],11.54
u_cpu.cpuregs\[8\]\[23\],11.54
u_cpu.cpuregs\[9\]\[21\],11.54
u_sram.mem\[41\]\[2\],11.54
u_sram.mem\[46\]\[29\],11.54
u_sram.mem\[60\]\[1\],11.54
net1520,11.54
net2141,11.54
net2543,11.54
net2782,11.54
net3342,11.54
net3730,11.54
_01260_,11.525
_02100_,11.525
net140,11.525
net1344,11.525
net3710,11.525
net3960,11.525
net3995,11.525
_04440_,11.52
_06357_,11.52
_08199_,11.52
_09130_,11.52
_09147_,11.52
_10396_,11.52
_11592_,11.52
_11745_,11.52
_13306_,11.52
u_cpu.cpuregs\[26\]\[16\],11.52
net1066,11.52
net3089,11.52
u_cpu.cpuregs\[2\]\[19\],11.515
_08592_,11.5
_11286_,11.5
_14184_,11.5
u_cpu.cpuregs\[11\]\[22\],11.5
u_cpu.cpuregs\[7\]\[26\],11.5
u_sram.mem\[39\]\[26\],11.5
u_sram.mem\[4\]\[19\],11.5
net2838,11.5
net3813,11.5
_05559_,11.495
net5125,11.485
_05574_,11.48
_09852_,11.48
_09965_,11.48
_10071_,11.48
_10833_,11.48
_10930_,11.48
_11056_,11.48
_11100_,11.48
_11159_,11.48
_12097_,11.48
_12257_,11.48
_13843_,11.48
u_sram.mem\[13\]\[24\],11.48
net515,11.48
net4778,11.48
net4863,11.48
_08825_,11.475
_01524_,11.46
_04654_,11.46
_04690_,11.46
_06990_,11.46
_08130_,11.46
_13063_,11.46
u_sram.mem\[16\]\[13\],11.46
u_sram.mem\[17\]\[11\],11.46
u_sram.mem\[32\]\[2\],11.46
u_sram.mem\[48\]\[15\],11.46
net165,11.46
net617,11.46
net1474,11.46
net2843,11.46
net3743,11.46
net4792,11.46
_10175_,11.44
_10236_,11.44
net592,11.44
net1331,11.44
net1708,11.44
_00086_,11.43
_05949_,11.42
_08591_,11.42
_09950_,11.42
_12084_,11.42
u_cpu.cpuregs\[0\]\[26\],11.42
u_cpu.cpuregs\[18\]\[18\],11.42
u_cpu.cpuregs\[18\]\[3\],11.42
u_cpu.cpuregs\[19\]\[27\],11.42
u_cpu.cpuregs\[20\]\[2\],11.42
u_cpu.cpuregs\[24\]\[23\],11.42
u_cpu.cpuregs\[5\]\[16\],11.42
u_sram.mem\[41\]\[23\],11.42
u_sram.mem\[43\]\[3\],11.42
net1060,11.42
net1574,11.42
net2591,11.42
net3753,11.42
net3778,11.42
net4276,11.42
_00664_,11.405
net1838,11.405
_04344_,11.4
_04855_,11.4
_08557_,11.4
_09144_,11.4
_09342_,11.4
_11719_,11.4
u_sram.mem\[60\]\[19\],11.4
net1488,11.4
net2405,11.4
net2452,11.4
net2622,11.4
_00234_,11.39
_14179_,11.39
_04008_,11.385
_05107_,11.38
_05866_,11.38
_07310_,11.38
_09213_,11.38
_09272_,11.38
_12004_,11.38
_14017_,11.38
_14423_,11.38
u_cpu.cpuregs\[10\]\[20\],11.38
u_cpu.cpuregs\[23\]\[30\],11.38
net1379,11.38
net2563,11.38
net3343,11.38
net3477,11.38
net3570,11.38
net3816,11.38
net3901,11.38
net3944,11.38
net4060,11.38
net4176,11.38
net4371,11.38
_12997_,11.37
_00973_,11.36
_08494_,11.36
_10094_,11.36
_10938_,11.36
_10979_,11.36
_14227_,11.36
_14373_,11.36
u_cpu.instr_slt,11.36
u_sram.mem\[16\]\[7\],11.36
u_sram.mem\[52\]\[16\],11.36
net16,11.36
net679,11.36
net772,11.36
net978,11.36
net997,11.36
net1442,11.36
net1554,11.36
net2119,11.36
net2407,11.36
net2600,11.36
net3202,11.36
net3578,11.36
net5037,11.36
_01043_,11.34
_02346_,11.34
_06184_,11.34
_06523_,11.34
_08429_,11.34
_10569_,11.34
_11177_,11.34
u_sram.mem\[12\]\[11\],11.34
u_sram.mem\[45\]\[17\],11.34
net920,11.34
net1294,11.34
net2010,11.34
_07000_,11.33
net1084,11.325
_01109_,11.32
_04300_,11.32
_05612_,11.32
_06444_,11.32
_06663_,11.32
_07655_,11.32
_07854_,11.32
_09753_,11.32
_10791_,11.32
_11323_,11.32
_13523_,11.32
u_cpu.cpuregs\[13\]\[25\],11.32
u_cpu.cpuregs\[14\]\[5\],11.32
u_cpu.cpuregs\[28\]\[22\],11.32
u_cpu.cpuregs\[2\]\[4\],11.32
u_cpu.cpuregs\[7\]\[13\],11.32
u_sram.mem\[16\]\[6\],11.32
u_sram.mem\[32\]\[25\],11.32
clknet_leaf_276_clk,11.32
net2116,11.32
net2361,11.32
net3751,11.32
net3872,11.32
net3968,11.32
net4398,11.32
_10912_,11.31
_02647_,11.305
_00032_,11.3
_01317_,11.3
_06716_,11.3
u_cpu.cpuregs\[19\]\[19\],11.3
u_cpu.cpuregs\[23\]\[14\],11.3
net1565,11.3
net3882,11.3
_06650_,11.29
_00489_,11.285
_01206_,11.285
_02704_,11.285
net1716,11.285
_05751_,11.28
_08924_,11.28
_11596_,11.28
_13819_,11.28
u_cpu.cpuregs\[14\]\[7\],11.28
u_cpu.cpuregs\[6\]\[22\],11.28
u_cpu.cpuregs\[9\]\[29\],11.28
u_sram.mem\[19\]\[15\],11.28
u_sram.mem\[22\]\[20\],11.28
u_sram.mem\[28\]\[27\],11.28
u_sram.mem\[44\]\[9\],11.28
u_sram.mem\[45\]\[13\],11.28
u_sram.mem\[4\]\[6\],11.28
u_sram.mem\[50\]\[0\],11.28
net2248,11.28
net3091,11.28
_03580_,11.265
_04506_,11.26
_05204_,11.26
_05746_,11.26
_08086_,11.26
_13604_,11.26
u_cpu.cpuregs\[28\]\[4\],11.26
u_sram.mem\[42\]\[17\],11.26
u_sram.mem\[53\]\[10\],11.26
_00058_,11.25
_01106_,11.245
_01883_,11.245
_03290_,11.245
_03321_,11.245
_03478_,11.245
_03535_,11.245
_03553_,11.245
net4150,11.245
net4689,11.245
_04829_,11.24
_04909_,11.24
_05061_,11.24
_05512_,11.24
_06944_,11.24
_07135_,11.24
_07371_,11.24
_08368_,11.24
_10325_,11.24
_11007_,11.24
_11131_,11.24
_11760_,11.24
_12060_,11.24
_13369_,11.24
u_sram.mem\[40\]\[22\],11.24
net892,11.24
net1568,11.24
net3315,11.24
net4046,11.24
net4978,11.24
_01048_,11.22
_06440_,11.22
_08734_,11.22
_08938_,11.22
_10722_,11.22
u_sram.mem\[15\]\[30\],11.22
u_sram.mem\[15\]\[9\],11.22
u_sram.mem\[26\]\[19\],11.22
u_sram.mem\[36\]\[27\],11.22
u_sram.mem\[3\]\[28\],11.22
net830,11.22
net1663,11.22
_10601_,11.21
_04476_,11.205
net1815,11.205
_00744_,11.2
_00856_,11.2
_04899_,11.2
_11494_,11.2
_11826_,11.2
_13621_,11.2
u_cpu.cpuregs\[10\]\[30\],11.2
u_cpu.cpuregs\[13\]\[1\],11.2
u_cpu.cpuregs\[20\]\[4\],11.2
u_cpu.cpuregs\[27\]\[11\],11.2
u_sram.mem\[25\]\[29\],11.2
u_sram.mem\[55\]\[11\],11.2
net169,11.2
net1198,11.2
net1221,11.2
net1244,11.2
net1794,11.2
net3382,11.2
_09102_,11.18
u_sram.mem\[19\]\[21\],11.18
u_sram.mem\[29\]\[23\],11.18
u_sram.mem\[34\]\[0\],11.18
u_sram.mem\[38\]\[14\],11.18
u_sram.mem\[58\]\[26\],11.18
net1343,11.18
net2257,11.18
_02024_,11.165
_03684_,11.165
net335,11.165
net4129,11.165
_05469_,11.16
_05730_,11.16
_07320_,11.16
_10165_,11.16
_13704_,11.16
_14365_,11.16
u_cpu.cpuregs\[17\]\[20\],11.16
u_cpu.cpuregs\[18\]\[19\],11.16
u_cpu.cpuregs\[7\]\[16\],11.16
u_cpu.cpuregs\[8\]\[1\],11.16
u_sram.mem\[36\]\[4\],11.16
u_sram.mem\[37\]\[18\],11.16
u_sram.mem\[55\]\[17\],11.16
u_sram.mem\[8\]\[12\],11.16
net1341,11.16
_06709_,11.14
_07722_,11.14
_08616_,11.14
_09275_,11.14
_09625_,11.14
_11418_,11.14
_13730_,11.14
u_cpu.cpuregs\[18\]\[14\],11.14
u_sram.mem\[3\]\[15\],11.14
u_sram.mem\[48\]\[20\],11.14
net1041,11.14
net3521,11.14
net3754,11.14
_02681_,11.125
net1289,11.125
net4447,11.125
_05369_,11.12
_06494_,11.12
_09764_,11.12
_10989_,11.12
_11275_,11.12
_11793_,11.12
_14322_,11.12
u_sram.mem\[55\]\[27\],11.12
net660,11.12
net680,11.12
net697,11.12
net1393,11.12
net2582,11.12
_11576_,11.11
_08835_,11.1
_10436_,11.1
u_sram.mem\[51\]\[5\],11.1
net527,11.1
net941,11.1
net4570,11.1
net989,11.085
_06199_,11.08
_08373_,11.08
_09426_,11.08
u_cpu.cpuregs\[11\]\[10\],11.08
u_cpu.cpuregs\[29\]\[17\],11.08
u_cpu.cpuregs\[8\]\[0\],11.08
u_sram.mem\[11\]\[15\],11.08
u_sram.mem\[39\]\[17\],11.08
u_sram.mem\[41\]\[20\],11.08
u_sram.mem\[49\]\[25\],11.08
u_sram.mem\[55\]\[22\],11.08
net1179,11.08
net1537,11.08
net2038,11.08
net2444,11.08
net2555,11.08
net4777,11.08
_03820_,11.065
_04118_,11.065
net644,11.065
net4465,11.065
_04852_,11.06
_06172_,11.06
_10811_,11.06
u_cpu.cpuregs\[25\]\[8\],11.06
u_cpu.cpuregs\[26\]\[12\],11.06
u_sram.mem\[4\]\[12\],11.06
net4601,11.06
_01606_,11.045
_04942_,11.04
u_cpu.cpuregs\[21\]\[13\],11.04
u_sram.mem\[4\]\[0\],11.04
u_sram.mem\[6\]\[16\],11.04
u_uart.rx_buf_data\[4\],11.04
net968,11.04
net1702,11.04
net3458,11.04
net5098,11.04
_00704_,11.035
reset,11.03
_01209_,11.025
_04910_,11.02
_05739_,11.02
_09454_,11.02
_10901_,11.02
net984,11.02
net3713,11.02
_00146_,11.01
_03339_,11.005
_04370_,11
_10668_,11
_11548_,11
_13155_,11
_13170_,11
u_cpu.cpuregs\[16\]\[4\],11
u_sram.mem\[14\]\[6\],11
u_sram.mem\[57\]\[16\],11
u_sram.mem\[61\]\[20\],11
net1030,11
net1433,11
net3607,11
net5150,11
_03403_,10.985
net1087,10.985
net1804,10.985
net3801,10.985
_04381_,10.98
u_sram.mem\[18\]\[2\],10.98
u_sram.mem\[32\]\[16\],10.98
u_sram.mem\[50\]\[8\],10.98
net1483,10.98
net1570,10.98
net2079,10.97
net4437,10.97
_01350_,10.965
_01466_,10.965
_00043_,10.96
_06132_,10.96
_06347_,10.96
_06551_,10.96
_07676_,10.96
_09808_,10.96
_13515_,10.96
_14296_,10.96
_14456_,10.96
u_cpu.count_cycle\[1\],10.96
u_cpu.cpuregs\[10\]\[0\],10.96
u_cpu.cpuregs\[16\]\[14\],10.96
u_cpu.cpuregs\[4\]\[2\],10.96
u_sram.mem\[4\]\[4\],10.96
u_sram.mem\[61\]\[24\],10.96
net459,10.96
net465,10.96
net1271,10.96
net1917,10.96
net2495,10.96
net2851,10.96
_04886_,10.94
_08560_,10.94
_09570_,10.94
u_cpu.cpuregs\[8\]\[6\],10.94
u_sram.mem\[39\]\[15\],10.94
u_sram.mem\[56\]\[20\],10.94
u_sram.mem\[62\]\[16\],10.94
net1070,10.94
net1320,10.94
_00443_,10.925
_05173_,10.92
_05461_,10.92
_08514_,10.92
_09791_,10.92
_11033_,10.92
_11284_,10.92
_13563_,10.92
_14072_,10.92
_14542_,10.92
u_cpu.count_instr\[9\],10.92
u_sram.mem\[38\]\[16\],10.92
u_sram.mem\[54\]\[25\],10.92
_00386_,10.91
_01101_,10.905
_02548_,10.905
_02553_,10.905
_03401_,10.905
net160,10.905
net4882,10.905
_02394_,10.9
_04943_,10.9
_13629_,10.9
_14477_,10.9
u_sram.mem\[62\]\[9\],10.9
net486,10.9
net656,10.9
net858,10.9
net951,10.9
net1096,10.9
net2634,10.9
net2969,10.9
net3068,10.9
net3457,10.9
net4020,10.9
net4227,10.9
net4955,10.9
net1756,10.885
_05394_,10.88
_06450_,10.88
_06637_,10.88
_08650_,10.88
_08658_,10.88
_09002_,10.88
_09198_,10.88
_11073_,10.88
_14479_,10.88
u_sram.mem\[25\]\[26\],10.88
net138,10.88
net329,10.88
net1108,10.88
net3853,10.88
_04318_,10.86
_04500_,10.86
_06580_,10.86
_09493_,10.86
_12923_,10.86
_13808_,10.86
cpu_mem_wdata\[5\],10.86
u_cpu.cpuregs\[30\]\[24\],10.86
u_cpu.instr_lhu,10.86
u_sram.mem\[19\]\[13\],10.86
u_sram.mem\[27\]\[2\],10.86
u_sram.mem\[33\]\[27\],10.86
u_sram.mem\[40\]\[6\],10.86
net1020,10.86
net1626,10.86
net2738,10.86
net3729,10.86
net4990,10.86
_06646_,10.85
net1632,10.85
_00041_,10.84
_00964_,10.84
_02251_,10.84
_03083_,10.84
_05391_,10.84
_06855_,10.84
_10371_,10.84
_11589_,10.84
_13120_,10.84
u_cpu.cpuregs\[21\]\[8\],10.84
u_cpu.cpuregs\[27\]\[0\],10.84
u_sram.mem\[14\]\[7\],10.84
u_sram.mem\[7\]\[12\],10.84
_00111_,10.83
_01483_,10.825
net445,10.825
net576,10.825
net1533,10.825
net4249,10.825
_04378_,10.82
_06044_,10.82
_06455_,10.82
_11639_,10.82
_13128_,10.82
u_cpu.alu_out_q\[30\],10.82
u_cpu.cpuregs\[14\]\[12\],10.82
u_cpu.cpuregs\[27\]\[5\],10.82
u_cpu.cpuregs\[2\]\[2\],10.82
u_sram.mem\[19\]\[6\],10.82
u_sram.mem\[20\]\[8\],10.82
u_sram.mem\[51\]\[13\],10.82
u_sram.mem\[57\]\[19\],10.82
u_sram.mem\[59\]\[0\],10.82
net2236,10.82
net4950,10.82
u_sram.mem\[1\]\[30\],10.81
_01281_,10.805
_01007_,10.8
_05103_,10.8
_07850_,10.8
_08000_,10.8
_08276_,10.8
_09161_,10.8
_10292_,10.8
_11567_,10.8
_14257_,10.8
u_sram.mem\[40\]\[23\],10.8
u_sram.mem\[54\]\[29\],10.8
_04257_,10.785
net3227,10.785
_01020_,10.78
_01028_,10.78
_04630_,10.78
_04773_,10.78
_05993_,10.78
_08183_,10.78
_08882_,10.78
_10177_,10.78
_12000_,10.78
_13781_,10.78
_14512_,10.78
_14541_,10.78
_14591_,10.78
cpu_mem_addr\[14\],10.78
u_cpu.mem_rdata_q\[28\],10.78
u_sram.mem\[24\]\[3\],10.78
u_uart.u_rx.clk_cnt\[1\],10.78
net178,10.78
net834,10.78
net961,10.78
net2510,10.78
net3478,10.78
net4928,10.78
_04644_,10.76
_05444_,10.76
_08084_,10.76
_08236_,10.76
u_cpu.count_instr\[13\],10.76
u_sram.mem\[45\]\[11\],10.76
net1780,10.76
net3986,10.76
_13970_,10.75
_05113_,10.74
_05925_,10.74
_05989_,10.74
_07865_,10.74
_07886_,10.74
_07928_,10.74
_08070_,10.74
_08522_,10.74
_08542_,10.74
_08955_,10.74
_09168_,10.74
_09796_,10.74
_10022_,10.74
_14233_,10.74
_14250_,10.74
_14303_,10.74
u_cpu.cpuregs\[12\]\[29\],10.74
u_cpu.cpuregs\[15\]\[17\],10.74
u_cpu.cpuregs\[25\]\[26\],10.74
u_cpu.cpuregs\[28\]\[26\],10.74
u_cpu.cpuregs\[30\]\[10\],10.74
u_cpu.cpuregs\[3\]\[29\],10.74
u_cpu.cpuregs\[5\]\[24\],10.74
u_cpu.cpuregs\[8\]\[7\],10.74
u_sram.mem\[12\]\[1\],10.74
u_sram.mem\[29\]\[15\],10.74
u_sram.mem\[61\]\[26\],10.74
u_sram.mem\[7\]\[6\],10.74
u_sram.mem\[8\]\[5\],10.74
net443,10.74
net1031,10.74
net1448,10.74
net1482,10.74
net1591,10.74
net1594,10.74
net1940,10.74
net2200,10.74
net3121,10.74
net3350,10.74
net3510,10.74
_10257_,10.725
_05014_,10.72
_08900_,10.72
_10606_,10.72
_14112_,10.72
u_cpu.cpuregs\[22\]\[28\],10.72
u_cpu.cpuregs\[23\]\[13\],10.72
u_cpu.cpuregs\[31\]\[20\],10.72
u_sram.mem\[13\]\[13\],10.72
u_sram.mem\[13\]\[14\],10.72
u_sram.mem\[29\]\[27\],10.72
u_sram.mem\[29\]\[30\],10.72
u_sram.mem\[48\]\[10\],10.72
u_sram.mem\[48\]\[8\],10.72
u_sram.mem\[50\]\[25\],10.72
u_sram.mem\[6\]\[14\],10.72
_01246_,10.705
_03374_,10.705
net2190,10.705
net2290,10.705
net4191,10.705
_00271_,10.7
_04385_,10.7
_04907_,10.7
_06384_,10.7
_07663_,10.7
_08434_,10.7
_09694_,10.7
_11037_,10.7
_13043_,10.7
_13642_,10.7
_13948_,10.7
_14236_,10.7
u_cpu.cpuregs\[11\]\[30\],10.7
u_cpu.cpuregs\[27\]\[17\],10.7
u_cpu.cpuregs\[28\]\[28\],10.7
u_sram.mem\[37\]\[20\],10.7
u_sram.mem\[37\]\[21\],10.7
_04554_,10.68
_04881_,10.68
_08063_,10.68
_10528_,10.68
_11314_,10.68
_13469_,10.68
u_sram.mem\[0\]\[5\],10.68
u_sram.mem\[36\]\[9\],10.68
u_sram.mem\[49\]\[10\],10.68
u_sram.mem\[49\]\[12\],10.68
net768,10.68
net1057,10.68
net1778,10.68
net2157,10.68
net2792,10.68
net2912,10.68
_00544_,10.665
_01225_,10.665
net250,10.665
net2357,10.665
_06578_,10.66
_06919_,10.66
_10069_,10.66
_11083_,10.66
_11171_,10.66
_11175_,10.66
_12961_,10.66
_13945_,10.66
u_sram.mem\[56\]\[30\],10.66
net389,10.66
net1733,10.66
net2311,10.66
net3096,10.66
net3408,10.66
net3945,10.66
_00610_,10.645
_03566_,10.645
_01436_,10.64
_01578_,10.64
_04361_,10.64
_06840_,10.64
_09369_,10.64
_09931_,10.64
_10160_,10.64
_10415_,10.64
_11417_,10.64
_11686_,10.64
_14248_,10.64
u_sram.mem\[11\]\[0\],10.64
u_sram.mem\[12\]\[28\],10.64
u_sram.mem\[33\]\[25\],10.64
u_sram.mem\[3\]\[3\],10.64
u_sram.mem\[62\]\[29\],10.64
net1045,10.64
net4045,10.64
_01479_,10.625
net2426,10.625
net4273,10.625
net4749,10.625
_05181_,10.62
_07932_,10.62
_08539_,10.62
_09089_,10.62
_09341_,10.62
_13146_,10.62
_14360_,10.62
_14564_,10.62
u_sram.mem\[27\]\[24\],10.62
u_sram.mem\[42\]\[7\],10.62
u_sram.mem\[54\]\[16\],10.62
net1083,10.62
net1584,10.62
net1976,10.62
net2712,10.62
net3015,10.62
net3392,10.62
net1149,10.605
net1456,10.605
net2314,10.605
_02039_,10.6
_04879_,10.6
_08307_,10.6
u_sram.mem\[30\]\[19\],10.6
net1921,10.6
net1939,10.6
net1963,10.6
net2151,10.6
_05086_,10.58
_05144_,10.58
_06035_,10.58
_06955_,10.58
_08553_,10.58
_13124_,10.58
_13984_,10.58
u_cpu.cpuregs\[25\]\[18\],10.58
u_cpu.cpuregs\[4\]\[24\],10.58
u_sram.mem\[29\]\[0\],10.58
u_sram.mem\[60\]\[18\],10.58
net297,10.58
net2256,10.58
net2594,10.58
_08899_,10.57
_02809_,10.565
net889,10.565
net928,10.565
net976,10.565
net1423,10.565
net1842,10.565
net2050,10.565
net2201,10.565
net3926,10.565
net4013,10.565
_01153_,10.56
_03423_,10.56
_05935_,10.56
_08475_,10.56
_13547_,10.56
_13613_,10.56
net473,10.56
net700,10.56
net716,10.56
net1618,10.56
net2219,10.56
net2766,10.56
net2939,10.56
net2960,10.56
net4812,10.56
_01163_,10.555
_00885_,10.54
_04801_,10.54
_06250_,10.54
_13065_,10.54
_13529_,10.54
net2566,10.54
net3181,10.54
net522,10.525
net1833,10.525
net2171,10.525
net2341,10.525
_05343_,10.52
u_sram.mem\[17\]\[9\],10.52
u_sram.mem\[32\]\[23\],10.52
net1942,10.52
net2502,10.52
net3262,10.52
net3830,10.52
net4096,10.52
net4243,10.52
net5136,10.52
_09849_,10.515
_00615_,10.505
_02191_,10.505
_02192_,10.505
_02193_,10.505
_03728_,10.505
_05593_,10.5
_05883_,10.5
_06432_,10.5
_08238_,10.5
_12006_,10.5
u_cpu.cpuregs\[23\]\[23\],10.5
u_cpu.cpuregs\[30\]\[21\],10.5
u_cpu.cpuregs\[8\]\[9\],10.5
u_sram.mem\[29\]\[24\],10.5
u_sram.mem\[38\]\[24\],10.5
u_sram.mem\[46\]\[5\],10.5
u_uart.u_rx.clk_cnt\[0\],10.5
net1140,10.5
net1218,10.5
net2274,10.5
net2327,10.5
net2631,10.5
net2837,10.5
net3633,10.5
net3755,10.5
_07464_,10.49
net92,10.485
_03304_,10.48
_04029_,10.48
_04652_,10.48
_01776_,10.46
_04039_,10.46
_06586_,10.46
_08727_,10.46
_10064_,10.46
_10480_,10.46
_10761_,10.46
_13683_,10.46
_14230_,10.46
u_cpu.cpuregs\[24\]\[15\],10.46
u_sram.mem\[14\]\[28\],10.46
u_sram.mem\[25\]\[28\],10.46
u_sram.mem\[26\]\[25\],10.46
u_sram.mem\[36\]\[11\],10.46
u_sram.mem\[40\]\[1\],10.46
u_sram.mem\[54\]\[8\],10.46
net2455,10.46
net2884,10.46
net2890,10.46
_00119_,10.45
_04905_,10.45
_03293_,10.445
_00807_,10.44
_03944_,10.44
_06424_,10.44
_10504_,10.44
_10619_,10.44
_10695_,10.44
_11178_,10.44
_12142_,10.44
_14416_,10.44
u_sram.mem\[37\]\[14\],10.44
net41,10.44
net199,10.44
net757,10.44
net1236,10.44
net1444,10.44
net1972,10.44
net2324,10.44
net2551,10.44
net3184,10.44
net3330,10.44
net3501,10.44
net3784,10.44
net4282,10.44
net4482,10.44
_06515_,10.42
_09118_,10.42
_10012_,10.42
net1463,10.42
net2354,10.42
net2598,10.42
net4141,10.42
net4254,10.42
_01951_,10.415
_08758_,10.415
_00747_,10.4
_00863_,10.4
_04203_,10.4
_04622_,10.4
_05110_,10.4
_06353_,10.4
_07204_,10.4
_10154_,10.4
_10960_,10.4
u_cpu.cpuregs\[11\]\[15\],10.4
u_cpu.cpuregs\[13\]\[30\],10.4
u_cpu.cpuregs\[19\]\[26\],10.4
u_cpu.cpuregs\[26\]\[22\],10.4
u_sram.mem\[11\]\[5\],10.4
u_sram.mem\[14\]\[1\],10.4
u_sram.mem\[4\]\[11\],10.4
u_sram.mem\[60\]\[26\],10.4
u_sram.mem\[62\]\[7\],10.4
net14,10.4
net699,10.4
net1700,10.4
net3705,10.4
net3824,10.4
net4786,10.4
_01682_,10.385
_02803_,10.385
net4669,10.385
_03152_,10.38
_04027_,10.38
_04854_,10.38
_05535_,10.38
_06570_,10.38
_08856_,10.38
_11456_,10.38
_12242_,10.38
_13419_,10.38
u_cpu.cpuregs\[11\]\[31\],10.38
u_cpu.cpuregs\[12\]\[23\],10.38
u_cpu.cpuregs\[19\]\[10\],10.38
u_cpu.cpuregs\[22\]\[4\],10.38
u_cpu.cpuregs\[25\]\[0\],10.38
u_sram.mem\[11\]\[23\],10.38
u_sram.mem\[42\]\[31\],10.38
net3567,10.38
_00632_,10.365
_02456_,10.365
_02471_,10.365
net1139,10.365
net1303,10.365
net3154,10.365
_02250_,10.36
_08175_,10.36
_09601_,10.36
_12127_,10.36
_13514_,10.36
_13655_,10.36
u_cpu.count_cycle\[22\],10.36
u_cpu.cpuregs\[1\]\[15\],10.36
u_cpu.cpuregs\[20\]\[3\],10.36
u_cpu.cpuregs\[21\]\[9\],10.36
u_cpu.cpuregs\[24\]\[18\],10.36
u_cpu.cpuregs\[24\]\[2\],10.36
u_sram.mem\[14\]\[11\],10.36
u_sram.mem\[14\]\[13\],10.36
u_sram.mem\[42\]\[28\],10.36
u_sram.mem\[62\]\[17\],10.36
net1654,10.36
net2581,10.36
_09021_,10.34
_11414_,10.34
_11469_,10.34
_13478_,10.34
_13772_,10.34
_14482_,10.34
u_sram.mem\[17\]\[18\],10.34
u_sram.mem\[19\]\[10\],10.34
u_sram.mem\[20\]\[3\],10.34
u_sram.mem\[24\]\[26\],10.34
u_sram.mem\[39\]\[0\],10.34
u_sram.mem\[46\]\[23\],10.34
net1116,10.34
_02748_,10.325
_03386_,10.325
net1202,10.325
net2432,10.325
_00983_,10.32
_01908_,10.32
_03163_,10.32
_03851_,10.32
_04369_,10.32
_04420_,10.32
_04482_,10.32
_04534_,10.32
_04831_,10.32
_05195_,10.32
_05244_,10.32
_06212_,10.32
_06644_,10.32
_07388_,10.32
_08532_,10.32
_09033_,10.32
_10526_,10.32
_11101_,10.32
_11254_,10.32
_14199_,10.32
_14411_,10.32
_14527_,10.32
_14581_,10.32
u_sram.mem\[52\]\[30\],10.32
net31,10.32
net762,10.32
net1398,10.32
net1176,10.31
_03974_,10.305
_06068_,10.3
_06361_,10.3
_06409_,10.3
_09183_,10.3
_09565_,10.3
_09795_,10.3
_13100_,10.3
u_cpu.cpuregs\[11\]\[0\],10.3
u_sram.mem\[26\]\[17\],10.3
u_sram.mem\[45\]\[26\],10.3
net1857,10.3
net3253,10.3
net4746,10.3
_01614_,10.285
u_sram.mem\[2\]\[23\],10.285
_00746_,10.28
_03112_,10.28
_05410_,10.28
_05898_,10.28
_05947_,10.28
_06171_,10.28
_07848_,10.28
_08705_,10.28
_10234_,10.28
_11673_,10.28
_13486_,10.28
_14084_,10.28
u_cpu.cpuregs\[1\]\[31\],10.28
u_interconnect.m_axi_wdata\[4\],10.28
u_sram.mem\[19\]\[14\],10.28
u_sram.mem\[41\]\[9\],10.28
u_sram.mem\[42\]\[29\],10.28
u_sram.mem\[44\]\[24\],10.28
u_sram.w_data_r\[0\],10.28
net404,10.28
net534,10.28
net996,10.28
net1040,10.28
net1237,10.28
net1515,10.28
net2138,10.28
net3214,10.28
net3263,10.28
net3353,10.28
net3856,10.28
_01485_,10.265
net4094,10.265
_10417_,10.26
_12133_,10.26
_13160_,10.26
u_cpu.count_cycle\[14\],10.26
u_cpu.cpuregs\[0\]\[29\],10.26
u_cpu.instr_sltiu,10.26
u_sram.mem\[12\]\[17\],10.26
u_sram.mem\[29\]\[28\],10.26
u_sram.mem\[35\]\[22\],10.26
u_sram.mem\[41\]\[6\],10.26
u_sram.mem\[46\]\[24\],10.26
_02342_,10.245
_02642_,10.245
_04861_,10.24
_05021_,10.24
_06426_,10.24
_06635_,10.24
_09577_,10.24
_10030_,10.24
u_cpu.cpuregs\[23\]\[12\],10.24
u_sram.mem\[36\]\[30\],10.24
u_sram.mem\[42\]\[25\],10.24
u_sram.mem\[56\]\[27\],10.24
net844,10.24
net1947,10.235
_11462_,10.23
u_sram.mem\[1\]\[0\],10.23
u_sram.mem\[1\]\[22\],10.23
_02318_,10.225
_02712_,10.22
_02903_,10.22
_03013_,10.22
_05121_,10.22
_06809_,10.22
_07175_,10.22
_08968_,10.22
_08998_,10.22
_09811_,10.22
_11182_,10.22
_11890_,10.22
_14068_,10.22
u_sram.mem\[16\]\[16\],10.22
u_sram.mem\[17\]\[15\],10.22
u_sram.mem\[18\]\[28\],10.22
u_sram.mem\[18\]\[29\],10.22
u_sram.mem\[3\]\[18\],10.22
u_sram.mem\[48\]\[24\],10.22
u_sram.mem\[52\]\[5\],10.22
net632,10.22
net1987,10.22
net2797,10.22
net3113,10.22
net3404,10.22
net3494,10.22
net4539,10.22
net333,10.21
_03769_,10.205
net1377,10.205
_04983_,10.2
_05686_,10.2
_06217_,10.2
_06251_,10.2
_06837_,10.2
_07632_,10.2
_07957_,10.2
_08767_,10.2
_10145_,10.2
_11387_,10.2
u_cpu.cpuregs\[20\]\[26\],10.2
u_sram.mem\[39\]\[19\],10.2
net90,10.2
net122,10.2
net724,10.2
net944,10.2
net1728,10.2
net3050,10.2
net3555,10.2
u_sram.mem\[41\]\[15\],10.195
_09173_,10.19
_06117_,10.18
_06137_,10.18
_08934_,10.18
_10477_,10.18
net853,10.18
net1309,10.18
net1665,10.18
net1979,10.18
net2317,10.18
net2351,10.18
net2479,10.18
net2703,10.18
net2725,10.18
net3427,10.18
net3429,10.18
_01484_,10.165
net4396,10.165
net4493,10.165
_04842_,10.16
_05656_,10.16
_06298_,10.16
_06812_,10.16
_07127_,10.16
u_cpu.cpuregs\[13\]\[17\],10.16
u_sram.mem\[18\]\[25\],10.16
u_sram.mem\[39\]\[23\],10.16
net1538,10.16
net2057,10.16
net2748,10.16
u_sram.mem\[62\]\[2\],10.155
_03448_,10.145
u_sram.mem\[1\]\[18\],10.145
net650,10.145
net659,10.145
net733,10.145
net1390,10.145
net1707,10.145
net2229,10.145
net4463,10.145
net4544,10.145
_00555_,10.14
_01248_,10.14
_05182_,10.14
_08573_,10.14
_09039_,10.14
_10447_,10.14
_11912_,10.14
_12058_,10.14
_13254_,10.14
net1067,10.14
_03195_,10.125
_09528_,10.12
_10783_,10.12
_13729_,10.12
_14152_,10.12
_14182_,10.12
u_cpu.cpuregs\[1\]\[17\],10.12
u_sram.mem\[11\]\[7\],10.12
u_sram.mem\[40\]\[20\],10.12
net76,10.12
net3288,10.12
net3717,10.12
_08140_,10.11
_00433_,10.105
_00530_,10.105
_02675_,10.105
_02776_,10.105
_05524_,10.1
_09327_,10.1
_11829_,10.1
_13775_,10.1
_14105_,10.1
u_sram.mem\[45\]\[4\],10.1
net965,10.1
net3204,10.1
net4771,10.1
_00159_,10.09
_10956_,10.09
_05298_,10.08
_10006_,10.08
_13002_,10.08
_14256_,10.08
u_cpu.cpuregs\[4\]\[3\],10.08
u_sram.mem\[15\]\[10\],10.08
u_sram.mem\[51\]\[29\],10.08
net272,10.08
net1270,10.08
net2924,10.08
net4443,10.08
u_sram.mem\[1\]\[6\],10.075
_11497_,10.07
_00502_,10.065
net2613,10.065
_02828_,10.06
_06121_,10.06
_12237_,10.06
u_cpu.cpuregs\[11\]\[4\],10.06
u_cpu.instr_xori,10.06
u_sram.mem\[3\]\[7\],10.06
net2121,10.06
net3021,10.06
net3447,10.06
net4356,10.06
_02889_,10.045
_03726_,10.045
net1878,10.045
net2576,10.045
net4383,10.045
net4549,10.045
net4615,10.045
_01419_,10.04
_05297_,10.04
_07038_,10.04
_09559_,10.04
_10694_,10.04
_13709_,10.04
u_cpu.cpuregs\[13\]\[21\],10.04
u_cpu.cpuregs\[16\]\[23\],10.04
u_cpu.cpuregs\[16\]\[29\],10.04
u_cpu.cpuregs\[18\]\[2\],10.04
u_cpu.cpuregs\[20\]\[6\],10.04
u_cpu.cpuregs\[23\]\[0\],10.04
u_cpu.cpuregs\[6\]\[19\],10.04
u_cpu.cpuregs\[8\]\[8\],10.04
u_sram.mem\[28\]\[4\],10.04
u_sram.mem\[30\]\[0\],10.04
u_sram.mem\[35\]\[19\],10.04
u_sram.mem\[41\]\[25\],10.04
u_sram.mem\[44\]\[28\],10.04
u_sram.mem\[49\]\[3\],10.04
net790,10.04
net4693,10.04
u_sram.mem\[1\]\[12\],10.03
_04294_,10.02
_13512_,10.02
_14516_,10.02
_03312_,10.005
_01639_,10
_04510_,10
_10136_,10
_10285_,10
_11044_,10
u_sram.mem\[7\]\[10\],10
net1447,10
net1863,10
net4568,10
_05703_,9.995
_06759_,9.99
_02162_,9.985
net4134,9.985
net4667,9.985
_03886_,9.98
_04120_,9.98
_05214_,9.98
_08744_,9.98
_09699_,9.98
_09882_,9.98
_10296_,9.98
_10714_,9.98
_13423_,9.98
u_cpu.count_instr\[31\],9.98
u_interconnect.m_axi_araddr\[25\],9.98
u_interconnect.m_axi_awaddr\[14\],9.98
u_sram.mem\[13\]\[1\],9.98
u_sram.mem\[21\]\[16\],9.98
u_sram.mem\[45\]\[7\],9.98
u_sram.mem\[62\]\[12\],9.98
u_sram.mem\[9\]\[11\],9.98
u_uart.u_tx.clk_cnt\[3\],9.98
net349,9.98
net537,9.98
net675,9.98
net2818,9.98
net3500,9.98
net4116,9.98
net4232,9.98
_05003_,9.96
_06694_,9.96
_06784_,9.96
_07621_,9.96
_08849_,9.96
_09259_,9.96
_10479_,9.96
_13413_,9.96
u_cpu.cpuregs\[29\]\[31\],9.96
u_cpu.cpuregs\[30\]\[25\],9.96
u_interconnect.s0_axi_rdata\[19\],9.96
u_sram.mem\[14\]\[31\],9.96
u_sram.mem\[49\]\[11\],9.96
net665,9.96
net802,9.96
net1315,9.945
_08142_,9.94
_08523_,9.94
_11097_,9.94
_13712_,9.94
_13955_,9.94
_14543_,9.94
u_cpu.cpuregs\[15\]\[1\],9.94
u_cpu.cpuregs\[18\]\[26\],9.94
u_cpu.cpuregs\[5\]\[15\],9.94
u_interconnect.rd_sel_r\[1\],9.94
u_sram.mem\[17\]\[22\],9.94
u_sram.mem\[17\]\[5\],9.94
u_sram.mem\[44\]\[6\],9.94
u_sram.mem\[51\]\[10\],9.94
u_sram.mem\[60\]\[24\],9.94
net2272,9.94
net2398,9.94
net3240,9.94
net4942,9.94
_02071_,9.925
net470,9.925
net4251,9.925
_01823_,9.92
_05856_,9.92
_09825_,9.92
_10492_,9.92
cpu_mem_wstrb\[0\],9.92
u_cpu.cpuregs\[18\]\[22\],9.92
u_cpu.cpuregs\[2\]\[14\],9.92
u_sram.mem\[15\]\[24\],9.92
u_sram.mem\[32\]\[19\],9.92
u_sram.w_data_r\[2\],9.92
net1715,9.92
_08754_,9.91
_01873_,9.905
_02392_,9.905
_02401_,9.905
_03997_,9.905
net557,9.905
net1821,9.905
net2253,9.905
_01802_,9.9
_01990_,9.9
_02964_,9.9
_04365_,9.9
_04856_,9.9
_08598_,9.9
_09040_,9.9
_10632_,9.9
_11989_,9.9
_13582_,9.9
_13947_,9.9
u_cpu.cpuregs\[20\]\[21\],9.9
u_sram.mem\[18\]\[19\],9.9
u_sram.mem\[32\]\[8\],9.9
u_sram.mem\[44\]\[29\],9.9
u_sram.mem\[46\]\[21\],9.9
u_sram.mem\[50\]\[3\],9.9
u_sram.mem\[56\]\[4\],9.9
u_sram.mem\[59\]\[15\],9.9
u_sram.mem\[63\]\[11\],9.9
net4246,9.9
_04536_,9.895
net1956,9.89
net4672,9.89
_05036_,9.88
_07793_,9.88
_07963_,9.88
_09785_,9.88
_09919_,9.88
_11776_,9.88
_12005_,9.88
_12227_,9.88
_14190_,9.88
u_sram.mem\[19\]\[28\],9.88
u_sram.mem\[56\]\[10\],9.88
u_sram.mem\[56\]\[25\],9.88
net2437,9.88
net2987,9.88
net3325,9.88
_00295_,9.87
_00553_,9.865
_01953_,9.865
_02228_,9.865
_02038_,9.86
_04047_,9.86
_04144_,9.86
_04647_,9.86
_05687_,9.86
_06612_,9.86
_07833_,9.86
_08799_,9.86
_08933_,9.86
_10032_,9.86
_10824_,9.86
_11680_,9.86
_13261_,9.86
_13807_,9.86
_14393_,9.86
_14428_,9.86
u_sram.mem\[11\]\[20\],9.86
u_sram.mem\[33\]\[28\],9.86
u_sram.mem\[52\]\[11\],9.86
u_sram.mem\[7\]\[7\],9.86
u_uart.w_byte\[5\],9.86
net40,9.86
net121,9.86
net245,9.86
net256,9.86
net517,9.86
net2021,9.86
net2653,9.86
net2927,9.86
net3775,9.86
net4336,9.86
_02118_,9.855
_08617_,9.855
_11766_,9.85
_03394_,9.84
_05291_,9.84
_08289_,9.84
_08584_,9.84
_08764_,9.84
_14138_,9.84
cpu_mem_wdata\[23\],9.84
u_cpu.cpuregs\[29\]\[29\],9.84
u_sram.mem\[14\]\[14\],9.84
_07593_,9.835
net4651,9.835
_00501_,9.825
_01648_,9.825
_04638_,9.82
_05521_,9.82
_05859_,9.82
_06210_,9.82
_06703_,9.82
_06817_,9.82
_09209_,9.82
_09285_,9.82
_11868_,9.82
_12117_,9.82
_12929_,9.82
_13016_,9.82
_13576_,9.82
_13711_,9.82
_13989_,9.82
_14087_,9.82
u_cpu.cpuregs\[14\]\[2\],9.82
u_cpu.cpuregs\[6\]\[20\],9.82
u_cpu.reg_out\[11\],9.82
u_sram.mem\[0\]\[19\],9.82
u_sram.mem\[2\]\[4\],9.82
u_sram.mem\[8\]\[29\],9.82
net1387,9.82
net1725,9.82
net1908,9.82
net2946,9.82
net2974,9.82
net2988,9.82
net3233,9.82
net3553,9.82
net4043,9.82
net4055,9.82
net4670,9.82
net4922,9.82
_09065_,9.815
net1144,9.815
_03641_,9.805
_11630_,9.8
_14171_,9.8
u_cpu.cpuregs\[22\]\[7\],9.8
u_cpu.cpuregs\[28\]\[29\],9.8
u_cpu.cpuregs\[3\]\[17\],9.8
u_interconnect.m_axi_awaddr\[26\],9.8
u_sram.mem\[12\]\[25\],9.8
u_sram.mem\[30\]\[26\],9.8
u_sram.mem\[32\]\[29\],9.8
u_sram.mem\[37\]\[15\],9.8
u_sram.mem\[57\]\[12\],9.8
u_sram.mem\[6\]\[26\],9.8
_00698_,9.785
_01207_,9.785
_02545_,9.785
_03487_,9.785
net3688,9.785
net4588,9.785
_06933_,9.78
_08601_,9.78
_09481_,9.78
_09703_,9.78
_10099_,9.78
_11653_,9.78
_11685_,9.78
_11949_,9.78
u_cpu.cpuregs\[29\]\[7\],9.78
net1812,9.78
net2597,9.78
_06342_,9.77
_10804_,9.77
_01166_,9.76
_02189_,9.76
_03469_,9.76
_07658_,9.76
_10937_,9.76
_11174_,9.76
_12019_,9.76
u_sram.mem\[13\]\[29\],9.76
u_sram.mem\[34\]\[26\],9.76
net118,9.76
net814,9.76
net966,9.76
net2186,9.76
net2523,9.76
net4637,9.76
net4730,9.76
net4794,9.76
_01009_,9.745
net1649,9.745
_04660_,9.74
_04738_,9.74
_05256_,9.74
_06033_,9.74
_06700_,9.74
_09048_,9.74
_10496_,9.74
_10869_,9.74
_11836_,9.74
_12161_,9.74
_13975_,9.74
u_sram.mem\[19\]\[30\],9.74
u_sram.mem\[45\]\[1\],9.74
net278,9.74
net1178,9.74
net2346,9.74
net3529,9.74
net3871,9.74
_00570_,9.725
_01227_,9.725
_02904_,9.72
_04974_,9.72
_05020_,9.72
_06977_,9.72
_09535_,9.72
_09736_,9.72
u_cpu.cpuregs\[0\]\[7\],9.72
u_sram.mem\[40\]\[0\],9.72
u_sram.mem\[41\]\[24\],9.72
u_sram.mem\[51\]\[9\],9.72
net538,9.72
net1017,9.72
net2191,9.72
net2230,9.72
net3072,9.72
net3556,9.72
net3862,9.72
net3904,9.72
_08710_,9.715
u_sram.mem\[2\]\[13\],9.705
net208,9.705
net491,9.705
net1370,9.705
net1676,9.705
net4147,9.705
net4390,9.705
net4418,9.705
net4556,9.705
net4558,9.705
net4686,9.705
net4701,9.705
_04408_,9.7
_04527_,9.7
_06556_,9.7
_07903_,9.7
_08073_,9.7
_08192_,9.7
_09240_,9.7
_13359_,9.7
u_cpu.cpuregs\[11\]\[13\],9.7
u_cpu.cpuregs\[3\]\[16\],9.7
u_cpu.cpuregs\[9\]\[3\],9.7
u_sram.mem\[16\]\[23\],9.7
u_sram.mem\[46\]\[13\],9.7
u_sram.mem\[60\]\[10\],9.7
u_uart.u_tx.state\[2\],9.7
net167,9.7
net911,9.7
net1231,9.7
net2054,9.7
net3782,9.7
net5117,9.7
_00877_,9.685
_01239_,9.685
_02760_,9.685
net236,9.685
net735,9.685
net811,9.685
net1143,9.685
net1787,9.685
net3105,9.685
net3779,9.685
_05079_,9.68
_10707_,9.68
_10838_,9.68
_11009_,9.68
_12171_,9.68
_12253_,9.68
u_cpu.instr_fence,9.68
u_sram.mem\[33\]\[24\],9.68
u_sram.mem\[56\]\[29\],9.68
net2204,9.68
net2360,9.68
net3266,9.68
u_cpu.alu_out\[14\],9.675
_08229_,9.67
_02117_,9.665
_02655_,9.665
_00341_,9.66
_04889_,9.66
_10517_,9.66
_11149_,9.66
_13138_,9.66
_13178_,9.66
_13531_,9.66
u_sram.mem\[6\]\[11\],9.66
net303,9.66
net1052,9.66
net1714,9.66
net2039,9.66
net2081,9.66
net2140,9.66
net2342,9.66
net2414,9.66
net2985,9.66
net3027,9.66
net3046,9.66
net3781,9.66
u_cpu.cpuregs\[6\]\[16\],9.65
_00575_,9.645
net850,9.645
net1105,9.645
net2570,9.645
net4076,9.645
_05786_,9.64
_05937_,9.64
_06443_,9.64
_08078_,9.64
_09587_,9.64
_09672_,9.64
_11274_,9.64
_11396_,9.64
net462,9.64
net532,9.64
net4120,9.64
_03819_,9.635
_00294_,9.63
_05568_,9.62
_06442_,9.62
_06988_,9.62
_10988_,9.62
_11794_,9.62
_12192_,9.62
_13163_,9.62
_14191_,9.62
u_uart.u_rx.shift_reg\[4\],9.62
net61,9.62
net1208,9.62
net1272,9.62
net1521,9.62
net2910,9.62
_02535_,9.605
net807,9.605
_05985_,9.6
_10360_,9.6
_11451_,9.6
_13330_,9.6
_14363_,9.6
net3549,9.6
net3664,9.6
net4652,9.6
_06813_,9.59
net124,9.585
net708,9.585
net1425,9.585
net1509,9.585
net1627,9.585
net1907,9.585
net2000,9.585
net2817,9.585
_03133_,9.58
_06814_,9.58
_08150_,9.58
_08410_,9.58
_08820_,9.58
_13782_,9.58
_14103_,9.58
u_cpu.cpuregs\[21\]\[23\],9.58
u_cpu.cpuregs\[25\]\[17\],9.58
u_cpu.cpuregs\[8\]\[29\],9.58
u_sram.mem\[3\]\[8\],9.58
u_sram.mem\[42\]\[15\],9.58
u_sram.mem\[43\]\[18\],9.58
net2642,9.58
_01075_,9.565
net212,9.565
net1027,9.565
net1168,9.565
net1363,9.565
net1480,9.565
net3736,9.565
_05977_,9.56
_12177_,9.56
_13071_,9.56
u_sram.mem\[56\]\[24\],9.56
_01847_,9.545
_02354_,9.545
_00073_,9.54
_04895_,9.54
_05033_,9.54
_05948_,9.54
_10163_,9.54
_11198_,9.54
_13076_,9.54
_13521_,9.54
u_cpu.cpuregs\[4\]\[5\],9.54
net1619,9.54
net1880,9.54
net2829,9.54
net3100,9.54
net3189,9.54
net4639,9.54
_01215_,9.525
net635,9.525
_00152_,9.52
_01338_,9.52
_06462_,9.52
_06844_,9.52
_07927_,9.52
_08842_,9.52
_09579_,9.52
_11258_,9.52
_11380_,9.52
_12918_,9.52
_14557_,9.52
u_cpu.cpuregs\[5\]\[4\],9.52
u_cpu.cpuregs\[7\]\[3\],9.52
u_sram.mem\[15\]\[31\],9.52
u_sram.mem\[28\]\[30\],9.52
u_sram.mem\[44\]\[10\],9.52
net13,9.52
net570,9.52
net756,9.52
net882,9.52
net1110,9.52
net1137,9.52
net1886,9.52
net2075,9.52
net2101,9.52
net2329,9.52
net2390,9.52
net2428,9.52
net2509,9.52
net3355,9.52
net3689,9.52
net4057,9.52
net4809,9.52
net5002,9.52
net5044,9.52
_05589_,9.51
net2174,9.505
_06238_,9.5
_11409_,9.5
_12091_,9.5
_13994_,9.5
_14386_,9.5
cpu_mem_wdata\[20\],9.5
u_cpu.cpuregs\[10\]\[8\],9.5
u_sram.mem\[28\]\[14\],9.5
u_sram.mem\[37\]\[17\],9.5
net93,9.5
net211,9.5
net1345,9.5
net1414,9.5
net1612,9.5
net4038,9.5
net4384,9.5
net4574,9.5
_01358_,9.485
_02002_,9.485
_03825_,9.485
_01178_,9.48
_04205_,9.48
_04485_,9.48
_04680_,9.48
_06473_,9.48
_06951_,9.48
_08420_,9.48
_09306_,9.48
_09746_,9.48
_10147_,9.48
_10157_,9.48
_10397_,9.48
_11994_,9.48
u_cpu.cpuregs\[15\]\[24\],9.48
u_cpu.cpuregs\[23\]\[8\],9.48
u_cpu.cpuregs\[24\]\[8\],9.48
u_cpu.cpuregs\[25\]\[28\],9.48
u_sram.mem\[10\]\[22\],9.48
u_sram.mem\[18\]\[26\],9.48
u_sram.mem\[22\]\[17\],9.48
u_sram.mem\[23\]\[24\],9.48
u_sram.mem\[38\]\[10\],9.48
u_sram.mem\[38\]\[20\],9.48
u_sram.mem\[3\]\[4\],9.48
u_sram.mem\[49\]\[6\],9.48
u_sram.mem\[55\]\[9\],9.48
net881,9.48
net1761,9.48
net2443,9.48
net3516,9.48
net3609,9.48
net3769,9.48
_00817_,9.46
_01167_,9.46
_02564_,9.46
_03419_,9.46
_06395_,9.46
_08148_,9.46
_08242_,9.46
u_cpu.cpuregs\[12\]\[17\],9.46
net1104,9.46
_07338_,9.455
_01558_,9.445
_03543_,9.445
net1004,9.445
net1033,9.445
net1130,9.445
net1408,9.445
net1791,9.445
net4201,9.445
net4656,9.445
_04149_,9.44
_04281_,9.44
_04382_,9.44
_04523_,9.44
_05623_,9.44
_07909_,9.44
_13064_,9.44
u_interconnect.m_axi_araddr\[8\],9.44
u_sram.mem\[0\]\[4\],9.44
u_sram.mem\[17\]\[1\],9.44
u_sram.mem\[32\]\[18\],9.44
u_sram.mem\[46\]\[3\],9.44
u_sram.mem\[61\]\[13\],9.44
_07883_,9.42
_07949_,9.42
_10198_,9.42
_11947_,9.42
_14274_,9.42
u_sram.mem\[18\]\[30\],9.42
u_sram.mem\[26\]\[22\],9.42
net667,9.42
net4305,9.42
_00446_,9.405
_00563_,9.405
net156,9.405
net616,9.405
net1037,9.405
net1298,9.405
net2076,9.405
net4066,9.405
net4104,9.405
_00781_,9.4
_01323_,9.4
_03806_,9.4
_07619_,9.4
_08501_,9.4
_10083_,9.4
_10987_,9.4
_13356_,9.4
_13670_,9.4
_14079_,9.4
u_interconnect.m_axi_araddr\[18\],9.4
u_sram.mem\[29\]\[4\],9.4
u_sram.mem\[49\]\[30\],9.4
u_sram.mem\[52\]\[19\],9.4
u_sram.mem\[52\]\[3\],9.4
u_sram.mem\[57\]\[31\],9.4
net447,9.4
net1360,9.4
net1709,9.4
net2753,9.4
net2972,9.4
net3177,9.4
net3339,9.4
net3550,9.4
net3843,9.4
net4152,9.4
net4163,9.4
net4696,9.4
net5049,9.4
_02783_,9.38
_03032_,9.38
_04045_,9.38
_06407_,9.38
_06780_,9.38
_06827_,9.38
_08127_,9.38
_08881_,9.38
_08951_,9.38
u_sram.mem\[25\]\[15\],9.38
u_sram.mem\[32\]\[10\],9.38
u_sram.mem\[32\]\[31\],9.38
u_uart.u_rx.shift_reg\[0\],9.38
net847,9.38
net1229,9.38
_00038_,9.365
_01353_,9.365
_02770_,9.365
_01628_,9.36
_04431_,9.36
_07062_,9.36
_07941_,9.36
_08386_,9.36
_09222_,9.36
_09438_,9.36
_10245_,9.36
_11718_,9.36
_11739_,9.36
_11833_,9.36
_11859_,9.36
_13329_,9.36
u_cpu.cpuregs\[1\]\[8\],9.36
u_cpu.cpuregs\[21\]\[25\],9.36
u_cpu.cpuregs\[27\]\[23\],9.36
u_cpu.cpuregs\[7\]\[28\],9.36
u_sram.mem\[38\]\[8\],9.36
u_sram.mem\[39\]\[2\],9.36
u_sram.mem\[39\]\[9\],9.36
u_sram.mem\[42\]\[18\],9.36
u_sram.mem\[61\]\[3\],9.36
u_sram.mem\[6\]\[23\],9.36
net232,9.36
net418,9.36
net485,9.36
net630,9.36
net784,9.36
net1662,9.36
net1677,9.36
net1736,9.36
net2696,9.36
net2896,9.36
net3481,9.36
net3502,9.36
net3546,9.36
_04010_,9.355
_04424_,9.34
_06023_,9.34
_06370_,9.34
_06566_,9.34
_07350_,9.34
_11747_,9.34
_11932_,9.34
_14299_,9.34
u_cpu.cpuregs\[31\]\[2\],9.34
u_sram.mem\[2\]\[26\],9.34
u_sram.mem\[34\]\[23\],9.34
u_sram.mem\[45\]\[10\],9.34
u_sram.mem\[55\]\[25\],9.34
_01288_,9.325
_02312_,9.325
net1615,9.325
_00906_,9.32
_04955_,9.32
_05210_,9.32
_08495_,9.32
_08796_,9.32
_10015_,9.32
_11438_,9.32
_11731_,9.32
_12912_,9.32
u_cpu.cpuregs\[21\]\[10\],9.32
u_sram.mem\[36\]\[29\],9.32
u_sram.mem\[40\]\[26\],9.32
net9,9.32
net854,9.32
_01839_,9.3
_04872_,9.3
_05507_,9.3
_06290_,9.3
_09964_,9.3
_11102_,9.3
_13169_,9.3
_14309_,9.3
u_sram.mem\[13\]\[7\],9.3
u_sram.mem\[2\]\[21\],9.3
u_sram.mem\[32\]\[0\],9.3
net108,9.3
net150,9.3
net563,9.3
net723,9.3
net1019,9.3
net1068,9.3
net1245,9.3
net1279,9.3
net1465,9.3
net1790,9.3
net1920,9.3
net2226,9.3
net2267,9.3
net2286,9.3
net2436,9.3
net2934,9.3
net3209,9.3
net3400,9.3
net3528,9.3
_03432_,9.295
_00204_,9.29
net906,9.285
net940,9.285
net964,9.285
net983,9.285
net1411,9.285
_06286_,9.28
_10980_,9.28
_14014_,9.28
u_cpu.cpuregs\[19\]\[12\],9.28
u_cpu.cpuregs\[26\]\[10\],9.28
u_sram.mem\[39\]\[21\],9.28
u_sram.mem\[50\]\[17\],9.28
net383,9.28
net3741,9.28
net3745,9.28
net5061,9.28
net5162,9.28
_13172_,9.275
_00537_,9.26
_06344_,9.26
_09467_,9.26
_11225_,9.26
u_cpu.cpuregs\[30\]\[7\],9.26
u_sram.mem\[14\]\[0\],9.26
u_sram.mem\[40\]\[16\],9.26
net495,9.26
net508,9.26
net1597,9.26
net1722,9.26
net2026,9.26
net2122,9.26
net2686,9.26
net3099,9.26
net3115,9.26
net3180,9.26
net3393,9.26
net3660,9.26
_00380_,9.25
net55,9.245
net202,9.245
net328,9.245
net436,9.245
net474,9.245
net908,9.245
net946,9.245
net1092,9.245
net1117,9.245
net1445,9.245
net1467,9.245
net1478,9.245
net1517,9.245
net1569,9.245
net2209,9.245
net2442,9.245
net2508,9.245
net2671,9.245
net2682,9.245
net2997,9.245
net3293,9.245
net3422,9.245
net3669,9.245
net3908,9.245
net3989,9.245
net4003,9.245
net4044,9.245
net4183,9.245
net4214,9.245
net4218,9.245
net4295,9.245
net4353,9.245
net4362,9.245
net4411,9.245
net4513,9.245
net4530,9.245
net4590,9.245
net4608,9.245
net4681,9.245
net4793,9.245
net5079,9.245
_05506_,9.24
_08184_,9.24
_08721_,9.24
_08987_,9.24
_12081_,9.24
_13151_,9.24
u_cpu.cpuregs\[27\]\[26\],9.24
u_cpu.cpuregs\[29\]\[0\],9.24
u_interconnect.rd_sel_r\[2\],9.24
u_sram.mem\[12\]\[29\],9.24
net2967,9.24
_00163_,9.23
_00535_,9.225
_01486_,9.225
_02003_,9.225
_02838_,9.225
net86,9.225
net428,9.225
net901,9.225
net949,9.225
net1797,9.225
net2887,9.225
_07792_,9.22
_10884_,9.22
_11054_,9.22
_11194_,9.22
_11916_,9.22
u_cpu.cpuregs\[9\]\[4\],9.22
net588,9.22
_01376_,9.205
_03222_,9.205
_00186_,9.2
_11245_,9.2
_11366_,9.2
_14421_,9.2
u_sram.mem\[37\]\[28\],9.2
net1285,9.2
net2170,9.2
net2759,9.2
net2870,9.2
net3040,9.2
net3053,9.2
net3066,9.2
net3079,9.2
net3159,9.2
net3378,9.2
net3680,9.2
net4070,9.2
net4718,9.2
_06111_,9.19
_03585_,9.185
net684,9.185
net2085,9.185
net2100,9.185
net3533,9.185
net4515,9.185
_00195_,9.18
_06887_,9.18
_07813_,9.18
_08989_,9.18
_13080_,9.18
b_state\[1\],9.18
net511,9.18
net1435,9.18
net2036,9.18
net2277,9.18
net2693,9.18
net2827,9.18
net2857,9.18
net4759,9.17
net671,9.165
_06622_,9.16
_06684_,9.16
_09843_,9.16
_10242_,9.16
_11652_,9.16
_11750_,9.16
_13631_,9.16
u_cpu.cpuregs\[15\]\[15\],9.16
u_cpu.cpuregs\[3\]\[31\],9.16
u_sram.mem\[48\]\[28\],9.16
u_uart.rx_data_raw\[1\],9.16
net154,9.16
net306,9.16
net670,9.16
net1182,9.16
net1808,9.16
net4933,9.16
net2511,9.145
_01435_,9.14
_07689_,9.14
_08095_,9.14
_09075_,9.14
_10944_,9.14
_11936_,9.14
u_sram.mem\[39\]\[28\],9.14
u_sram.mem\[8\]\[30\],9.14
net1188,9.14
net1368,9.14
net2145,9.14
net2578,9.14
net3049,9.14
net4039,9.14
_00315_,9.13
_01203_,9.125
_01697_,9.125
_06243_,9.12
_06508_,9.12
_08960_,9.12
_10349_,9.12
_13292_,9.12
_13889_,9.12
_14415_,9.12
u_cpu.cpuregs\[14\]\[30\],9.12
u_cpu.cpuregs\[2\]\[3\],9.12
u_sram.mem\[13\]\[5\],9.12
u_sram.mem\[41\]\[11\],9.12
u_sram.mem\[44\]\[23\],9.12
net5107,9.11
_00645_,9.105
_02114_,9.105
_02612_,9.105
net4026,9.105
_00179_,9.1
_07092_,9.1
_08745_,9.1
_10203_,9.1
net1720,9.1
_00729_,9.08
_00806_,9.08
_01783_,9.08
_04571_,9.08
_04788_,9.08
_08643_,9.08
_09718_,9.08
_09977_,9.08
_11282_,9.08
_11975_,9.08
_12118_,9.08
_13201_,9.08
_13354_,9.08
_13471_,9.08
_13806_,9.08
u_cpu.mem_rdata_q\[1\],9.08
u_sram.mem\[41\]\[3\],9.08
u_sram.mem\[7\]\[15\],9.08
net238,9.08
net1278,9.08
_00655_,9.065
_03456_,9.065
_03460_,9.065
_03623_,9.065
net432,9.065
net1541,9.065
net1753,9.065
_00818_,9.06
_01039_,9.06
_01332_,9.06
_01757_,9.06
_02896_,9.06
_03892_,9.06
_04012_,9.06
_04794_,9.06
_05255_,9.06
_08083_,9.06
_10206_,9.06
_11869_,9.06
_13362_,9.06
_14029_,9.06
u_cpu.count_cycle\[19\],9.06
u_sram.mem\[0\]\[27\],9.06
u_sram.mem\[61\]\[6\],9.06
u_sram.mem\[9\]\[13\],9.06
u_sram.mem\[9\]\[9\],9.06
net30,9.06
net193,9.06
net377,9.06
net479,9.06
net704,9.06
net729,9.06
net1185,9.06
net1854,9.06
net2321,9.06
net2419,9.06
net3573,9.06
net4705,9.06
net4811,9.06
_10560_,9.05
_02871_,9.045
_05439_,9.04
_06389_,9.04
_06430_,9.04
_08068_,9.04
_08569_,9.04
_08685_,9.04
_09886_,9.04
_12069_,9.04
_13447_,9.04
_14319_,9.04
u_sram.mem\[36\]\[18\],9.04
net204,9.04
net1269,9.04
net2793,9.04
net4913,9.04
net4785,9.035
_00247_,9.03
_00310_,9.03
_01102_,9.025
_01345_,9.025
_00420_,9.02
_00840_,9.02
_01633_,9.02
_01742_,9.02
_02110_,9.02
_03070_,9.02
_03073_,9.02
_04435_,9.02
_04629_,9.02
_05950_,9.02
_06064_,9.02
_08503_,9.02
_09810_,9.02
_10365_,9.02
_10424_,9.02
_13679_,9.02
u_cpu.cpuregs\[22\]\[12\],9.02
u_cpu.cpuregs\[9\]\[26\],9.02
u_interconnect.m_axi_araddr\[14\],9.02
u_sram.mem\[11\]\[26\],9.02
u_sram.mem\[22\]\[8\],9.02
u_sram.mem\[29\]\[3\],9.02
u_sram.mem\[44\]\[2\],9.02
u_sram.mem\[45\]\[12\],9.02
u_sram.mem\[46\]\[2\],9.02
u_sram.mem\[48\]\[16\],9.02
u_sram.mem\[48\]\[23\],9.02
u_sram.mem\[50\]\[15\],9.02
u_sram.mem\[52\]\[6\],9.02
u_sram.mem\[55\]\[23\],9.02
u_sram.mem\[57\]\[15\],9.02
u_sram.mem\[9\]\[3\],9.02
net1166,9.02
net2504,9.02
net2856,9.02
_06582_,9.015
net1380,9.005
_04266_,9
_05706_,9
_05912_,9
_07712_,9
_11014_,9
_03648_,8.995
_05650_,8.99
_00884_,8.985
_01190_,8.985
_01262_,8.985
_01571_,8.985
_01715_,8.985
_02626_,8.985
_02757_,8.985
net1277,8.985
net3205,8.985
net3376,8.985
_01010_,8.98
_03827_,8.98
_04504_,8.98
_05087_,8.98
_05756_,8.98
_08189_,8.98
_08286_,8.98
_08291_,8.98
_08597_,8.98
_12234_,8.98
_14120_,8.98
u_interconnect.m_axi_araddr\[16\],8.98
u_sram.mem\[11\]\[31\],8.98
u_sram.mem\[30\]\[11\],8.98
u_sram.mem\[49\]\[31\],8.98
u_sram.mem\[52\]\[26\],8.98
u_sram.mem\[1\]\[19\],8.965
_04324_,8.96
_04521_,8.96
_07841_,8.96
_08135_,8.96
_10002_,8.96
_10575_,8.96
_13187_,8.96
uart_tx,8.96
net3078,8.96
_00459_,8.945
_00636_,8.945
_00716_,8.945
_00954_,8.945
net1234,8.945
net1421,8.945
net1601,8.945
net3756,8.945
_00831_,8.94
_04107_,8.94
_04863_,8.94
_06141_,8.94
_06833_,8.94
_07322_,8.94
_08840_,8.94
_08889_,8.94
_10186_,8.94
_13720_,8.94
_14198_,8.94
u_cpu.reg_next_pc\[16\],8.94
u_sram.mem\[10\]\[3\],8.94
net21,8.94
net363,8.94
net1085,8.94
net1519,8.94
net2074,8.94
net2323,8.94
net2446,8.94
net2849,8.94
net3473,8.94
net3796,8.94
net4359,8.94
net5138,8.94
net832,8.935
_08226_,8.93
_12977_,8.93
_03885_,8.92
_04265_,8.92
_04994_,8.92
_05205_,8.92
_06094_,8.92
_06303_,8.92
_06847_,8.92
_07110_,8.92
_09151_,8.92
_09207_,8.92
u_sram.mem\[12\]\[9\],8.92
u_sram.mem\[29\]\[26\],8.92
u_sram.mem\[34\]\[17\],8.92
u_sram.mem\[42\]\[30\],8.92
u_sram.mem\[42\]\[3\],8.92
net2596,8.92
net4421,8.92
_13110_,8.915
_04771_,8.905
net4166,8.905
_05075_,8.9
_05227_,8.9
_06232_,8.9
_06659_,8.9
_06950_,8.9
_07606_,8.9
_08492_,8.9
_08558_,8.9
_08891_,8.9
_09124_,8.9
_09506_,8.9
_10353_,8.9
_10471_,8.9
_10554_,8.9
cpu_mem_wdata\[24\],8.9
u_cpu.cpuregs\[27\]\[14\],8.9
u_sram.mem\[23\]\[5\],8.9
u_sram.mem\[25\]\[0\],8.9
u_sram.mem\[36\]\[13\],8.9
u_sram.mem\[39\]\[27\],8.9
u_sram.mem\[41\]\[4\],8.9
u_sram.mem\[45\]\[9\],8.9
u_sram.mem\[61\]\[14\],8.9
net22,8.9
net32,8.9
net293,8.9
net374,8.9
net698,8.9
net1424,8.9
net3160,8.9
net3234,8.9
net3620,8.9
net3704,8.9
_03276_,8.895
_00849_,8.885
_01287_,8.885
_05094_,8.88
_13714_,8.88
u_sram.mem\[18\]\[21\],8.88
u_sram.mem\[3\]\[12\],8.88
u_sram.mem\[48\]\[0\],8.88
u_sram.mem\[4\]\[23\],8.88
u_sram.mem\[62\]\[1\],8.88
u_uart.rx_data_raw\[3\],8.88
net1896,8.88
u_sram.mem\[55\]\[15\],8.875
_00511_,8.865
_02680_,8.865
net878,8.865
net955,8.865
net1159,8.865
net2056,8.865
net4209,8.865
net5127,8.865
_04850_,8.86
_08348_,8.86
_09548_,8.86
_11203_,8.86
_12163_,8.86
_13139_,8.86
_13774_,8.86
_13885_,8.86
_14562_,8.86
u_sram.mem\[24\]\[14\],8.86
u_sram.mem\[56\]\[31\],8.86
net4606,8.86
net1386,8.85
_02373_,8.845
_02439_,8.845
_03331_,8.845
_01786_,8.84
_04498_,8.84
_05423_,8.84
_05721_,8.84
u_sram.mem\[50\]\[9\],8.84
net433,8.84
net513,8.84
net525,8.84
net540,8.84
net696,8.84
net801,8.84
net1327,8.84
net1754,8.84
net2216,8.84
net2268,8.84
net2663,8.84
net2935,8.84
net2991,8.84
net3038,8.84
net3130,8.84
net4264,8.84
net4704,8.84
net5100,8.84
_01443_,8.825
_02661_,8.825
net166,8.825
net262,8.825
net614,8.825
net666,8.825
net722,8.825
net1006,8.825
net2096,8.825
net3827,8.825
_06006_,8.82
_06781_,8.82
_07212_,8.82
_08217_,8.82
_08272_,8.82
_08285_,8.82
_09092_,8.82
_09217_,8.82
_13593_,8.82
_14284_,8.82
u_sram.mem\[32\]\[14\],8.82
u_sram.mem\[49\]\[24\],8.82
net192,8.82
net354,8.82
net556,8.82
net1290,8.82
net3211,8.82
_01446_,8.805
_04242_,8.805
_05729_,8.8
_07626_,8.8
_07919_,8.8
_08574_,8.8
_08971_,8.8
_11440_,8.8
u_cpu.cpuregs\[17\]\[18\],8.8
u_sram.mem\[19\]\[4\],8.8
u_sram.w_data_r\[1\],8.8
net510,8.8
net780,8.8
net796,8.8
net1429,8.8
net1490,8.8
net1645,8.8
net2296,8.8
net2485,8.8
net2517,8.8
net2657,8.8
net2798,8.8
_10551_,8.79
_02099_,8.785
_00837_,8.78
_04477_,8.78
_05728_,8.78
_05933_,8.78
_06475_,8.78
_06742_,8.78
_08534_,8.78
_09264_,8.78
_10148_,8.78
_12057_,8.78
_13542_,8.78
u_cpu.cpuregs\[21\]\[22\],8.78
u_sram.mem\[36\]\[15\],8.78
u_sram.mem\[45\]\[31\],8.78
net1373,8.78
net2300,8.78
u_sram.mem\[2\]\[15\],8.775
_00569_,8.765
_01449_,8.765
_02120_,8.765
_03402_,8.765
_13084_,8.765
net11,8.765
net550,8.765
net1856,8.765
net3967,8.765
net4136,8.765
net4314,8.765
_04532_,8.76
_04609_,8.76
_05186_,8.76
_09904_,8.76
_10320_,8.76
_10818_,8.76
_12938_,8.76
_13135_,8.76
_13954_,8.76
u_sram.mem\[3\]\[14\],8.76
u_sram.mem\[40\]\[3\],8.76
u_sram.mem\[4\]\[25\],8.76
net2547,8.76
net4960,8.76
_03311_,8.745
_03595_,8.745
_00355_,8.74
_06284_,8.74
_10604_,8.74
_14292_,8.74
u_cpu.mem_rdata_q\[29\],8.74
net365,8.74
net688,8.74
net739,8.74
net855,8.74
net995,8.74
net1150,8.74
net1359,8.74
net1558,8.74
net2635,8.74
net2672,8.74
net2713,8.74
net2804,8.74
net2850,8.74
net2875,8.74
net2918,8.74
net3011,8.74
net3043,8.74
net3144,8.74
net3218,8.74
net3307,8.74
net3418,8.74
net3565,8.74
net4072,8.74
net4313,8.74
net4528,8.74
net4773,8.74
net4836,8.74
uart_rx,8.73
_00444_,8.725
_00592_,8.725
_00648_,8.725
_01887_,8.725
net1375,8.725
net1462,8.725
net1745,8.725
net2522,8.725
net3583,8.725
_05911_,8.72
_09934_,8.72
_11189_,8.72
_11729_,8.72
_13953_,8.72
_13998_,8.72
_14324_,8.72
net1274,8.72
net3028,8.72
net3323,8.72
net3335,8.72
net3441,8.72
net4194,8.72
_01285_,8.7
_03398_,8.7
_04815_,8.7
_07048_,8.7
_08064_,8.7
_08115_,8.7
_08732_,8.7
_09120_,8.7
_09333_,8.7
_13013_,8.7
_13855_,8.7
u_cpu.cpuregs\[7\]\[24\],8.7
u_sram.mem\[13\]\[6\],8.7
u_sram.mem\[14\]\[2\],8.7
u_sram.mem\[40\]\[10\],8.7
u_sram.mem\[61\]\[11\],8.7
net56,8.7
net286,8.7
net352,8.7
net760,8.7
net2094,8.7
net2872,8.7
net3711,8.7
net4340,8.7
_08908_,8.695
net1235,8.695
_11999_,8.69
u_sram.mem\[51\]\[2\],8.69
_07377_,8.68
_14434_,8.68
u_cpu.cpuregs\[31\]\[21\],8.68
u_sram.mem\[16\]\[27\],8.68
u_sram.mem\[46\]\[28\],8.68
u_sram.mem\[8\]\[16\],8.68
net205,8.68
net266,8.68
net277,8.68
net437,8.68
net900,8.68
net2271,8.68
_12086_,8.67
_01261_,8.665
_01283_,8.665
_02240_,8.665
_05301_,8.66
_05992_,8.66
_06236_,8.66
_06549_,8.66
_06550_,8.66
_06594_,8.66
_06614_,8.66
_10553_,8.66
_12966_,8.66
u_cpu.cpuregs\[21\]\[29\],8.66
u_cpu.cpuregs\[29\]\[25\],8.66
u_interconnect.m_axi_awaddr\[11\],8.66
u_sram.mem\[22\]\[19\],8.66
u_sram.mem\[40\]\[28\],8.66
u_sram.mem\[55\]\[13\],8.66
net4596,8.66
_02116_,8.645
_02374_,8.645
_02649_,8.645
net4489,8.645
_00256_,8.64
_00402_,8.64
_00887_,8.64
_06038_,8.64
u_cpu.cpuregs\[22\]\[29\],8.64
u_sram.mem\[32\]\[9\],8.64
u_sram.mem\[35\]\[2\],8.64
_01027_,8.62
_01724_,8.62
_04276_,8.62
_05991_,8.62
_07047_,8.62
_08193_,8.62
_08593_,8.62
_11086_,8.62
_11651_,8.62
_11703_,8.62
_13849_,8.62
u_sram.mem\[56\]\[19\],8.62
u_uart.buf_data\[4\],8.62
net384,8.62
net471,8.62
_00441_,8.615
_02072_,8.605
net79,8.605
net501,8.605
net1180,8.605
_00755_,8.6
_00766_,8.6
_00799_,8.6
_01636_,8.6
_01722_,8.6
_03069_,8.6
_04289_,8.6
_04354_,8.6
_04658_,8.6
_05101_,8.6
_05274_,8.6
_07679_,8.6
_08816_,8.6
_09105_,8.6
_10250_,8.6
_10500_,8.6
_11584_,8.6
u_cpu.cpuregs\[4\]\[23\],8.6
u_sram.mem\[10\]\[5\],8.6
u_sram.mem\[42\]\[6\],8.6
u_sram.mem\[49\]\[28\],8.6
u_sram.mem\[63\]\[5\],8.6
u_uart.u_rx.clk_cnt\[9\],8.6
net12,8.6
net24,8.6
net149,8.6
net402,8.6
net629,8.6
net1064,8.6
net1224,8.6
net1335,8.6
net1364,8.6
net1547,8.6
net1727,8.6
net1899,8.6
net2098,8.6
net2754,8.6
net2787,8.6
net2825,8.6
net2893,8.6
net3365,8.6
net3484,8.6
net3574,8.6
net3932,8.6
net4034,8.6
net4242,8.6
net5024,8.6
_00084_,8.59
_05503_,8.58
_06131_,8.58
_06142_,8.58
_07142_,8.58
_10899_,8.58
_11522_,8.58
_13669_,8.58
u_sram.mem\[38\]\[11\],8.58
net321,8.58
net1191,8.58
net1314,8.58
net1600,8.58
net2767,8.58
net2942,8.58
_09282_,8.57
_02744_,8.565
_01110_,8.56
_01491_,8.56
_01728_,8.56
_03754_,8.56
_04148_,8.56
_04932_,8.56
_05627_,8.56
_05769_,8.56
_05790_,8.56
_05957_,8.56
_06216_,8.56
_08351_,8.56
_08449_,8.56
_08450_,8.56
_08590_,8.56
_08779_,8.56
_09007_,8.56
_13245_,8.56
_13983_,8.56
_14066_,8.56
u_cpu.cpuregs\[15\]\[12\],8.56
u_cpu.cpuregs\[24\]\[0\],8.56
u_cpu.mem_rdata_q\[10\],8.56
u_interconnect.m_axi_awaddr\[20\],8.56
u_sram.mem\[13\]\[12\],8.56
u_sram.mem\[14\]\[12\],8.56
u_sram.mem\[48\]\[1\],8.56
u_sram.mem\[4\]\[3\],8.56
u_sram.mem\[51\]\[12\],8.56
u_sram.mem\[59\]\[9\],8.56
net35,8.56
net648,8.56
net2812,8.56
net3168,8.56
net3475,8.56
net5020,8.56
u_sram.mem\[9\]\[30\],8.55
_02939_,8.54
_03065_,8.54
_04086_,8.54
_07174_,8.54
_07650_,8.54
u_sram.mem\[59\]\[22\],8.54
u_sram.w_data_r\[6\],8.54
net101,8.54
net3768,8.54
net4125,8.54
_06008_,8.535
_00428_,8.525
_00541_,8.525
_01118_,8.525
_02500_,8.525
_02576_,8.525
_02788_,8.525
_03406_,8.525
_03461_,8.525
net519,8.525
net1969,8.525
net2265,8.525
net4469,8.525
net4842,8.525
net5095,8.525
_01747_,8.52
_01829_,8.52
_02997_,8.52
_04923_,8.52
_04968_,8.52
_05063_,8.52
_05567_,8.52
_05986_,8.52
_07363_,8.52
_09842_,8.52
_10043_,8.52
_10828_,8.52
_11210_,8.52
_11979_,8.52
u_sram.mem\[3\]\[17\],8.52
u_sram.mem\[52\]\[9\],8.52
u_uart.u_tx.shift_reg\[3\],8.52
u_uart.w_byte\[2\],8.52
_01721_,8.5
_04384_,8.5
_05561_,8.5
_06798_,8.5
_07892_,8.5
u_sram.mem\[56\]\[14\],8.5
_09953_,8.49
u_sram.mem\[60\]\[22\],8.49
_00875_,8.485
_03636_,8.485
_03958_,8.485
net326,8.485
net342,8.485
net548,8.485
net674,8.485
net1336,8.485
net1357,8.485
net1365,8.485
net1585,8.485
net1606,8.485
net1730,8.485
net1817,8.485
net1918,8.485
net2126,8.485
net2185,8.485
net2213,8.485
net2278,8.485
net2328,8.485
net3883,8.485
_06439_,8.48
_06825_,8.48
_07633_,8.48
_07817_,8.48
_09604_,8.48
_09820_,8.48
_10130_,8.48
_10135_,8.48
_10183_,8.48
_10193_,8.48
_11085_,8.48
_11303_,8.48
_11587_,8.48
_13433_,8.48
_13689_,8.48
_13695_,8.48
net203,8.48
net219,8.48
net228,8.48
net366,8.48
net413,8.48
net1095,8.48
net1698,8.48
net1820,8.48
net2144,8.48
net2252,8.48
net2421,8.48
net2732,8.48
net3022,8.48
net3133,8.48
net4223,8.48
_04014_,8.46
_04134_,8.46
_04225_,8.46
_04972_,8.46
_08161_,8.46
_08219_,8.46
_08257_,8.46
_08567_,8.46
_08730_,8.46
_09608_,8.46
u_cpu.cpu_state\[2\],8.46
u_sram.mem\[16\]\[29\],8.46
u_sram.mem\[26\]\[23\],8.46
u_sram.mem\[44\]\[11\],8.46
u_sram.mem\[61\]\[4\],8.46
net958,8.46
net1072,8.46
net2259,8.46
_10369_,8.45
_03978_,8.445
_00727_,8.44
_02992_,8.44
_04726_,8.44
_06671_,8.44
_06860_,8.44
_08097_,8.44
_08279_,8.44
_08812_,8.44
_09084_,8.44
_09833_,8.44
_09878_,8.44
_10041_,8.44
_10049_,8.44
_10568_,8.44
_11598_,8.44
_12130_,8.44
_13875_,8.44
_14224_,8.44
_14240_,8.44
u_cpu.cpuregs\[19\]\[11\],8.44
u_cpu.cpuregs\[23\]\[5\],8.44
u_cpu.cpuregs\[8\]\[22\],8.44
u_sram.mem\[42\]\[24\],8.44
net3032,8.44
net3886,8.44
net4800,8.44
_01294_,8.435
_04516_,8.42
_04755_,8.42
_04999_,8.42
_06699_,8.42
_06770_,8.42
_08439_,8.42
_10158_,8.42
u_cpu.instr_sw,8.42
u_sram.mem\[44\]\[5\],8.42
u_sram.mem\[4\]\[7\],8.42
u_sram.mem\[51\]\[1\],8.42
_00277_,8.41
_02384_,8.405
_02600_,8.405
_02753_,8.405
_03688_,8.405
net2336,8.405
net4079,8.405
net4611,8.405
_00197_,8.4
_01044_,8.4
_01686_,8.4
_04463_,8.4
_11817_,8.4
_14588_,8.4
u_sram.mem\[40\]\[12\],8.4
_01665_,8.395
_08171_,8.39
_04306_,8.38
_04403_,8.38
_06028_,8.38
_06581_,8.38
_06707_,8.38
_08109_,8.38
_10031_,8.38
_10361_,8.38
_12159_,8.38
net48,8.38
net58,8.38
net367,8.38
net393,8.38
net765,8.38
net827,8.38
net971,8.38
net1147,8.38
net1299,8.38
net1497,8.38
net1860,8.38
net2227,8.38
net2515,8.38
net2646,8.38
net2709,8.38
net2790,8.38
net2842,8.38
net2883,8.38
net3044,8.38
net3139,8.38
net3147,8.38
net3203,8.38
net3208,8.38
net3225,8.38
net3451,8.38
net3513,8.38
net869,8.37
_01172_,8.365
_02502_,8.365
_03970_,8.365
net553,8.365
net843,8.365
net1620,8.365
_00760_,8.36
_01341_,8.36
_05019_,8.36
_05157_,8.36
_05463_,8.36
_05680_,8.36
_06981_,8.36
_07349_,8.36
_08527_,8.36
_08942_,8.36
_09627_,8.36
_11988_,8.36
_13073_,8.36
u_sram.mem\[61\]\[17\],8.36
u_sram.mem\[9\]\[19\],8.36
net655,8.36
net742,8.36
net1015,8.36
net1470,8.36
net1476,8.36
net1566,8.36
net2269,8.36
net2577,8.36
net2858,8.36
net3411,8.36
net4283,8.36
_08500_,8.35
net1177,8.35
_03680_,8.345
_01447_,8.34
_02089_,8.34
_03542_,8.34
_05145_,8.34
_05761_,8.34
_06077_,8.34
_06397_,8.34
_07056_,8.34
_07849_,8.34
_10991_,8.34
_11671_,8.34
_11902_,8.34
_14118_,8.34
u_cpu.cpuregs\[25\]\[21\],8.34
u_sram.mem\[39\]\[10\],8.34
net110,8.34
net151,8.34
net307,8.34
net313,8.34
net350,8.34
net1076,8.34
net1265,8.34
net1487,8.34
net2133,8.34
net3149,8.34
net3313,8.34
net3798,8.34
net3837,8.34
_00181_,8.33
_02170_,8.325
_01321_,8.32
_04274_,8.32
_04394_,8.32
_04537_,8.32
_04772_,8.32
_05514_,8.32
_07143_,8.32
_09017_,8.32
u_cpu.cpuregs\[12\]\[7\],8.32
u_cpu.cpuregs\[22\]\[14\],8.32
u_sram.mem\[29\]\[11\],8.32
net3237,8.32
net4304,8.32
_00637_,8.305
_02381_,8.305
_03490_,8.305
_03745_,8.305
_03981_,8.305
_02679_,8.3
_05240_,8.3
_05654_,8.3
_07840_,8.3
_07864_,8.3
_09435_,8.3
_11425_,8.3
_11965_,8.3
_12973_,8.3
u_sram.mem\[3\]\[29\],8.3
net3794,8.3
_01712_,8.285
_02643_,8.285
_03657_,8.285
net1912,8.285
_07948_,8.28
_07997_,8.28
_10374_,8.28
_11929_,8.28
_13619_,8.28
_13664_,8.28
net633,8.28
net1902,8.28
net2401,8.28
net2527,8.28
net2553,8.28
net3283,8.28
net3706,8.28
net3933,8.28
net4173,8.28
_00595_,8.275
_00868_,8.265
_01954_,8.265
_03347_,8.265
_03557_,8.265
_05707_,8.265
net148,8.265
net461,8.265
net1100,8.265
net1103,8.265
net1765,8.265
net2073,8.265
net2167,8.265
net4132,8.265
net4318,8.265
_05011_,8.26
_11373_,8.26
_11436_,8.26
_12100_,8.26
net397,8.26
net1090,8.26
net1267,8.26
net3303,8.26
net4936,8.26
net4999,8.26
_04390_,8.24
_09609_,8.24
_11267_,8.24
_11368_,8.24
u_cpu.cpuregs\[0\]\[27\],8.24
u_cpu.cpuregs\[21\]\[27\],8.24
u_sram.mem\[19\]\[9\],8.24
u_sram.mem\[45\]\[27\],8.24
u_sram.mem\[61\]\[23\],8.24
net318,8.24
net356,8.24
net705,8.24
net1893,8.24
net2343,8.24
net2853,8.24
net4290,8.24
net4967,8.24
u_sram.mem\[1\]\[25\],8.23
_01123_,8.225
_01208_,8.225
_01850_,8.225
_03392_,8.225
_03470_,8.225
net1313,8.225
_06779_,8.22
_07032_,8.22
_11300_,8.22
_13008_,8.22
_13062_,8.22
u_sram.mem\[12\]\[14\],8.22
u_sram.mem\[13\]\[0\],8.22
u_sram.mem\[19\]\[22\],8.22
u_sram.mem\[34\]\[22\],8.22
u_sram.mem\[44\]\[19\],8.22
u_sram.mem\[55\]\[26\],8.22
net3052,8.22
net3866,8.22
_01668_,8.205
_02222_,8.205
_02676_,8.205
_00201_,8.2
_00375_,8.2
_04643_,8.2
_06371_,8.2
_08431_,8.2
_09030_,8.2
_10260_,8.2
_11714_,8.2
_11848_,8.2
_14129_,8.2
u_cpu.cpuregs\[18\]\[29\],8.2
u_cpu.cpuregs\[20\]\[20\],8.2
u_sram.mem\[12\]\[5\],8.2
u_sram.mem\[17\]\[6\],8.2
u_sram.mem\[37\]\[19\],8.2
u_sram.mem\[41\]\[28\],8.2
u_sram.mem\[46\]\[9\],8.2
u_sram.mem\[61\]\[30\],8.2
net419,8.2
net1546,8.2
net1636,8.2
net2366,8.2
net4453,8.195
_02616_,8.185
_02782_,8.185
net434,8.185
net4289,8.185
_04589_,8.18
_06766_,8.18
_10572_,8.18
_12028_,8.18
_13644_,8.18
_14251_,8.18
u_sram.mem\[24\]\[21\],8.18
net4259,8.18
_02367_,8.165
_00723_,8.16
_00775_,8.16
_00834_,8.16
_01041_,8.16
_01151_,8.16
_01748_,8.16
_04215_,8.16
_06280_,8.16
_06682_,8.16
_07810_,8.16
_08716_,8.16
_09661_,8.16
_10441_,8.16
_13710_,8.16
_14582_,8.16
net130,8.16
net945,8.16
net1170,8.16
net1802,8.16
net2871,8.16
net5148,8.16
_02174_,8.155
_03410_,8.155
net1925,8.15
_00574_,8.145
_01573_,8.145
net358,8.145
net689,8.145
net703,8.145
net741,8.145
net746,8.145
net852,8.145
net876,8.145
net1211,8.145
net1543,8.145
net2188,8.145
net4028,8.145
net4654,8.145
_00739_,8.14
_00763_,8.14
_00979_,8.14
_01152_,8.14
_02442_,8.14
_03106_,8.14
_04288_,8.14
_04930_,8.14
_05405_,8.14
_05456_,8.14
_07651_,8.14
_08234_,8.14
_08303_,8.14
_08416_,8.14
_09927_,8.14
_10848_,8.14
_10853_,8.14
_12246_,8.14
_13682_,8.14
_14147_,8.14
cpu_mem_addr\[4\],8.14
cpu_mem_wdata\[18\],8.14
u_cpu.cpuregs\[28\]\[27\],8.14
u_cpu.pcpi_rs1\[27\],8.14
u_cpu.reg_out\[7\],8.14
u_sram.mem\[10\]\[15\],8.14
u_sram.mem\[42\]\[10\],8.14
u_sram.mem\[63\]\[30\],8.14
u_sram.mem\[9\]\[4\],8.14
net85,8.14
net255,8.14
net265,8.14
net387,8.14
net618,8.14
net736,8.14
net782,8.14
net798,8.14
net922,8.14
net1181,8.14
net1560,8.14
net1834,8.14
net2913,8.14
net3031,8.14
net3372,8.14
net4638,8.14
net4813,8.14
_03544_,8.125
net4643,8.125
_00010_,8.12
_01344_,8.12
_04445_,8.12
_04616_,8.12
_04851_,8.12
_06304_,8.12
_06546_,8.12
_07111_,8.12
_07316_,8.12
_08125_,8.12
_08565_,8.12
_08771_,8.12
_08794_,8.12
_08909_,8.12
_09483_,8.12
_10367_,8.12
_11449_,8.12
_12998_,8.12
_13188_,8.12
_13488_,8.12
_13602_,8.12
u_cpu.cpuregs\[1\]\[13\],8.12
u_sram.mem\[41\]\[8\],8.12
net276,8.12
net1204,8.12
net1240,8.12
net2564,8.12
net2995,8.12
net4078,8.12
_09243_,8.115
_02070_,8.105
_02537_,8.105
_00732_,8.1
_01038_,8.1
_01737_,8.1
_01815_,8.1
_01991_,8.1
_03008_,8.1
_03095_,8.1
_03842_,8.1
_05674_,8.1
_05734_,8.1
_05867_,8.1
_06372_,8.1
_06810_,8.1
_07046_,8.1
_08387_,8.1
_08524_,8.1
_08940_,8.1
_09515_,8.1
_10321_,8.1
_10635_,8.1
_11133_,8.1
_11893_,8.1
_12891_,8.1
_13137_,8.1
_13665_,8.1
_13911_,8.1
_14356_,8.1
_14385_,8.1
cpu_mem_rdata\[3\],8.1
cpu_mem_ready,8.1
u_cpu.count_cycle\[18\],8.1
u_cpu.cpuregs\[0\]\[31\],8.1
u_cpu.cpuregs\[21\]\[11\],8.1
u_cpu.cpuregs\[27\]\[15\],8.1
u_cpu.cpuregs\[3\]\[2\],8.1
u_cpu.reg_out\[17\],8.1
u_cpu.reg_out\[2\],8.1
u_cpu.reg_out\[5\],8.1
u_interconnect.m_axi_wdata\[16\],8.1
u_sram.mem\[36\]\[24\],8.1
u_sram.mem\[45\]\[0\],8.1
u_sram.mem\[6\]\[25\],8.1
net162,8.1
net190,8.1
net1382,8.1
net2402,8.1
net3585,8.1
net3595,8.1
_02485_,8.095
_00978_,8.08
_01108_,8.08
_02942_,8.08
_03035_,8.08
_04494_,8.08
_06134_,8.08
_11216_,8.08
u_sram.mem\[28\]\[5\],8.08
u_sram.mem\[36\]\[28\],8.08
u_sram.mem\[61\]\[19\],8.08
_00629_,8.065
_01129_,8.065
_01365_,8.065
_01565_,8.065
net487,8.065
net1637,8.065
net1685,8.065
net4731,8.065
_02916_,8.06
_03609_,8.06
_04095_,8.06
_04284_,8.06
_04740_,8.06
_05789_,8.06
_07666_,8.06
_09363_,8.06
_09534_,8.06
_09706_,8.06
_10161_,8.06
_10796_,8.06
_13600_,8.06
_14082_,8.06
u_cpu.cpuregs\[7\]\[22\],8.06
u_sram.mem\[22\]\[9\],8.06
u_sram.mem\[2\]\[24\],8.06
u_sram.mem\[53\]\[14\],8.06
net234,8.06
net2835,8.06
net3102,8.06
_00833_,8.04
_05385_,8.04
_09149_,8.04
_09228_,8.04
_10218_,8.04
_10269_,8.04
_10836_,8.04
_13176_,8.04
_13353_,8.04
_14271_,8.04
net504,8.04
net750,8.04
_01993_,8.025
_02207_,8.025
_03198_,8.025
net972,8.025
net1062,8.025
net2241,8.025
net4262,8.025
_05152_,8.02
_05974_,8.02
_06452_,8.02
_06500_,8.02
_06533_,8.02
_06818_,8.02
_07043_,8.02
_07924_,8.02
_07987_,8.02
_08645_,8.02
_08824_,8.02
_09233_,8.02
_09652_,8.02
_09680_,8.02
_09684_,8.02
_10167_,8.02
_10225_,8.02
_10273_,8.02
_10428_,8.02
_10639_,8.02
_10919_,8.02
_10999_,8.02
_11518_,8.02
_14409_,8.02
u_cpu.cpuregs\[21\]\[14\],8.02
u_cpu.instr_lbu,8.02
u_cpu.reg_out\[30\],8.02
u_sram.mem\[24\]\[6\],8.02
u_sram.mem\[39\]\[12\],8.02
u_sram.mem\[49\]\[21\],8.02
u_sram.w_pend,8.02
net59,8.02
net213,8.02
net347,8.02
net417,8.02
net598,8.02
net1223,8.02
net1997,8.02
net2529,8.02
net2688,8.02
net2775,8.02
net3007,8.02
net3248,8.02
net3367,8.02
net3394,8.02
net3450,8.02
net3514,8.02
net3548,8.02
net4263,8.02
net4713,8.02
_03783_,8.005
_00293_,8
_01186_,8
_05098_,8
_05504_,8
_06258_,8
_08377_,8
_08837_,8
_08980_,8
_09029_,8
_09720_,8
_12136_,8
_13066_,8
u_cpu.cpuregs\[30\]\[31\],8
u_sram.mem\[16\]\[12\],8
u_sram.mem\[43\]\[24\],8
u_sram.mem\[49\]\[20\],8
net3004,8
net3010,8
net1500,7.995
u_sram.mem\[2\]\[17\],7.985
_04415_,7.98
_04511_,7.98
_05580_,7.98
_06301_,7.98
_06729_,7.98
_06765_,7.98
_06925_,7.98
_08538_,7.98
_09056_,7.98
_09103_,7.98
_09277_,7.98
_09284_,7.98
_09980_,7.98
_09998_,7.98
_10217_,7.98
_10283_,7.98
_10552_,7.98
_12001_,7.98
_12219_,7.98
_13555_,7.98
_13946_,7.98
_14531_,7.98
_14561_,7.98
u_cpu.cpuregs\[21\]\[26\],7.98
u_cpu.cpuregs\[30\]\[16\],7.98
u_cpu.instr_sub,7.98
u_sram.mem\[24\]\[9\],7.98
u_sram.mem\[25\]\[11\],7.98
u_sram.mem\[43\]\[1\],7.98
u_sram.mem\[57\]\[1\],7.98
u_sram.mem\[60\]\[30\],7.98
u_sram.mem\[8\]\[17\],7.98
net197,7.98
net634,7.98
net1407,7.98
net1523,7.98
net1694,7.98
net3247,7.98
net3540,7.98
net4761,7.98
net5134,7.98
net5159,7.98
_03549_,7.965
_08466_,7.96
_10373_,7.96
u_sram.mem\[12\]\[0\],7.96
u_sram.mem\[18\]\[6\],7.96
u_sram.mem\[48\]\[12\],7.96
u_sram.mem\[4\]\[30\],7.96
net2312,7.96
_00160_,7.95
_02281_,7.945
_02900_,7.945
_03765_,7.945
net49,7.945
net865,7.945
_00123_,7.94
_02987_,7.94
_04568_,7.94
_05261_,7.94
_07493_,7.94
_08407_,7.94
_08443_,7.94
_09305_,7.94
_10263_,7.94
_13101_,7.94
_14333_,7.94
_14335_,7.94
_14547_,7.94
u_sram.mem\[53\]\[20\],7.94
_10913_,7.93
_03057_,7.92
_03496_,7.92
_05050_,7.92
_09815_,7.92
_10089_,7.92
_10287_,7.92
_12203_,7.92
_12920_,7.92
_13366_,7.92
u_sram.mem\[2\]\[27\],7.92
net141,7.92
net305,7.92
net456,7.92
net549,7.92
net595,7.92
net767,7.92
net1495,7.92
net2105,7.92
net2106,7.92
net2187,7.92
net2367,7.92
net2477,7.92
net2497,7.92
net2636,7.92
net2702,7.92
net2729,7.92
net2971,7.92
net3155,7.92
net3373,7.92
net3435,7.92
net3445,7.92
net3723,7.92
net3947,7.92
net4741,7.92
_00235_,7.91
_04615_,7.9
_05425_,7.9
_06373_,7.9
_06800_,7.9
_06826_,7.9
_08110_,7.9
_09709_,7.9
_11218_,7.9
_11289_,7.9
_12247_,7.9
_13114_,7.9
u_cpu.cpuregs\[26\]\[20\],7.9
u_sram.mem\[34\]\[7\],7.9
u_sram.mem\[40\]\[18\],7.9
net170,7.9
net806,7.9
net1107,7.9
net1243,7.9
net1514,7.9
net3385,7.9
net3718,7.9
u_sram.mem\[9\]\[17\],7.89
_01329_,7.885
_02550_,7.88
_05124_,7.88
_05981_,7.88
_06712_,7.88
_07975_,7.88
_08525_,7.88
_09974_,7.88
_10100_,7.88
u_sram.mem\[30\]\[14\],7.88
u_sram.mem\[34\]\[19\],7.88
u_sram.mem\[35\]\[5\],7.88
u_sram.mem\[38\]\[25\],7.88
u_sram.mem\[50\]\[29\],7.88
net69,7.88
net283,7.88
net1048,7.88
net1276,7.88
net2425,7.88
net3074,7.88
net3223,7.88
net3386,7.88
net3588,7.88
net3719,7.88
_01880_,7.865
_01037_,7.86
_08454_,7.86
_09789_,7.86
_10567_,7.86
_12072_,7.86
u_sram.mem\[35\]\[24\],7.86
u_sram.mem\[57\]\[4\],7.86
u_sram.mem\[7\]\[9\],7.86
net3772,7.86
net4392,7.86
_01255_,7.845
_01270_,7.845
_01856_,7.845
_01982_,7.845
_02176_,7.845
_02181_,7.845
_02833_,7.845
_03320_,7.845
_03337_,7.845
_04006_,7.845
_08888_,7.845
net569,7.845
net584,7.845
net1599,7.845
net1807,7.845
net3286,7.845
net4673,7.845
_09696_,7.84
_10503_,7.84
_12147_,7.84
_13543_,7.84
_13612_,7.84
_04624_,7.835
_00631_,7.825
_10784_,7.82
_13816_,7.82
net574,7.82
net664,7.82
net726,7.82
net728,7.82
net1307,7.82
net1640,7.82
net1713,7.82
net2120,7.82
net2828,7.82
net3379,7.82
net5038,7.82
net5059,7.82
_00016_,7.805
_00520_,7.805
_00628_,7.805
_01444_,7.805
_01949_,7.805
_03994_,7.805
net181,7.805
net246,7.805
net411,7.805
net439,7.805
net478,7.805
net607,7.805
net777,7.805
net789,7.805
net833,7.805
net1306,7.805
net1395,7.805
net1404,7.805
net1502,7.805
net1933,7.805
net1938,7.805
net2006,7.805
net2283,7.805
net2500,7.805
net5166,7.805
_00638_,7.8
_00917_,7.8
_03102_,7.8
_07365_,7.8
_08666_,7.8
_09902_,7.8
_10721_,7.8
_10768_,7.8
_11058_,7.8
net158,7.8
net1167,7.8
net1250,7.8
net3067,7.8
net3486,7.8
net3554,7.8
_00405_,7.79
_00107_,7.78
_06078_,7.78
_06133_,7.78
_06516_,7.78
_08800_,7.78
_09172_,7.78
_11209_,7.78
_11358_,7.78
_14264_,7.78
u_cpu.cpuregs\[3\]\[25\],7.78
u_sram.mem\[18\]\[24\],7.78
u_sram.mem\[34\]\[1\],7.78
u_sram.mem\[46\]\[12\],7.78
net950,7.78
net982,7.78
net2255,7.78
net3428,7.78
net3433,7.78
net3467,7.78
_06125_,7.775
net980,7.775
_09108_,7.77
_00425_,7.765
_00508_,7.765
_00910_,7.765
_02184_,7.765
_02533_,7.765
_03353_,7.765
_03666_,7.765
_03743_,7.765
_00816_,7.76
_05142_,7.76
_06281_,7.76
_11985_,7.76
u_sram.mem\[14\]\[19\],7.76
u_sram.mem\[36\]\[19\],7.76
u_sram.mem\[50\]\[30\],7.76
net829,7.76
net3732,7.76
net5028,7.76
_03501_,7.745
_03551_,7.745
_00393_,7.74
_06204_,7.74
_06474_,7.74
_07201_,7.74
_07696_,7.74
_08108_,7.74
_08118_,7.74
_08355_,7.74
_08412_,7.74
_11126_,7.74
_11660_,7.74
_13601_,7.74
_14083_,7.74
u_sram.mem\[10\]\[6\],7.74
u_sram.mem\[25\]\[21\],7.74
u_sram.mem\[29\]\[10\],7.74
u_sram.mem\[34\]\[24\],7.74
net53,7.74
net3524,7.74
_03235_,7.725
_03352_,7.725
_03985_,7.725
net564,7.725
net1990,7.725
net3849,7.725
_00249_,7.72
_07006_,7.72
_07334_,7.72
_07978_,7.72
_14340_,7.72
_02161_,7.705
_03000_,7.7
_07112_,7.7
_08733_,7.7
_09984_,7.7
_11263_,7.7
net740,7.7
net1054,7.7
net4820,7.7
u_sram.mem\[16\]\[28\],7.695
_04055_,7.685
net4113,7.685
_01460_,7.68
_01641_,7.68
_02254_,7.68
_02466_,7.68
_04732_,7.68
_05631_,7.68
_06013_,7.68
_06583_,7.68
_06690_,7.68
_07151_,7.68
_07976_,7.68
_08549_,7.68
_08570_,7.68
_09077_,7.68
_09707_,7.68
_10131_,7.68
_10228_,7.68
_10403_,7.68
_12090_,7.68
_13495_,7.68
_13999_,7.68
_14189_,7.68
u_cpu.cpuregs\[1\]\[2\],7.68
u_cpu.cpuregs\[27\]\[18\],7.68
u_cpu.reg_next_pc\[31\],7.68
u_interconnect.m_axi_awaddr\[31\],7.68
u_interconnect.m_axi_wdata\[9\],7.68
u_interconnect.s0_axi_rdata\[17\],7.68
u_sram.mem\[0\]\[28\],7.68
u_sram.mem\[21\]\[3\],7.68
u_sram.mem\[2\]\[2\],7.68
u_sram.mem\[58\]\[5\],7.68
net125,7.68
net247,7.68
net295,7.68
net332,7.68
net390,7.68
net464,7.68
net492,7.68
net786,7.68
net1003,7.68
net1086,7.68
net1330,7.68
net1454,7.68
net1608,7.68
net1890,7.68
net2027,7.68
net2463,7.68
net2958,7.68
net3260,7.68
net3490,7.68
net3655,7.68
net3805,7.68
net3842,7.68
net3920,7.68
net4349,7.68
net4797,7.68
_00872_,7.665
_00199_,7.66
_00745_,7.66
_05525_,7.66
_06514_,7.66
_06838_,7.66
_07158_,7.66
_07375_,7.66
_08076_,7.66
_08521_,7.66
_09271_,7.66
_09298_,7.66
_11452_,7.66
_13140_,7.66
u_cpu.cpuregs\[31\]\[29\],7.66
u_cpu.reg_next_pc\[29\],7.66
u_sram.mem\[10\]\[13\],7.66
u_sram.mem\[41\]\[21\],7.66
u_sram.mem\[56\]\[17\],7.66
u_sram.mem\[61\]\[0\],7.66
u_sram.mem\[6\]\[0\],7.66
net3638,7.66
_03340_,7.645
_01834_,7.64
_02370_,7.64
_02956_,7.64
_02986_,7.64
_03078_,7.64
_04028_,7.64
_04141_,7.64
_04285_,7.64
_04573_,7.64
_04981_,7.64
_06497_,7.64
_06621_,7.64
_06802_,7.64
_06973_,7.64
_07076_,7.64
_07561_,7.64
_07688_,7.64
_08001_,7.64
_08335_,7.64
_08596_,7.64
_08724_,7.64
_08865_,7.64
_09780_,7.64
_09893_,7.64
_10199_,7.64
_10215_,7.64
_10512_,7.64
_10932_,7.64
_11337_,7.64
_11433_,7.64
_13470_,7.64
_13780_,7.64
_14577_,7.64
u_cpu.cpuregs\[25\]\[12\],7.64
u_cpu.instr_sh,7.64
u_cpu.mem_wordsize\[2\],7.64
u_interconnect.m_axi_wdata\[8\],7.64
u_sram.mem\[2\]\[11\],7.64
u_sram.mem\[35\]\[8\],7.64
u_sram.mem\[41\]\[10\],7.64
u_sram.mem\[41\]\[26\],7.64
u_sram.mem\[62\]\[23\],7.64
u_sram.mem\[9\]\[6\],7.64
u_uart.u_rx.clk_cnt\[6\],7.64
net907,7.64
net985,7.64
net1101,7.64
net3377,7.64
net4604,7.64
net4853,7.64
net4929,7.64
net5056,7.64
_01934_,7.635
_00116_,7.63
_02187_,7.625
_03054_,7.62
_06696_,7.62
_07027_,7.62
_08404_,7.62
u_interconnect.s0_axi_rdata\[29\],7.62
net4498,7.62
_00661_,7.605
_02004_,7.605
_02732_,7.605
_02762_,7.605
_02763_,7.605
_02912_,7.605
_03391_,7.605
_03453_,7.605
_03476_,7.605
_03574_,7.605
net3174,7.605
net3952,7.605
_00825_,7.6
_01743_,7.6
_02944_,7.6
_03872_,7.6
_03939_,7.6
_04780_,7.6
_04908_,7.6
_08221_,7.6
_09818_,7.6
_10072_,7.6
_10096_,7.6
_10723_,7.6
_11381_,7.6
_12170_,7.6
_13482_,7.6
_13650_,7.6
_13965_,7.6
_14488_,7.6
u_sram.mem\[22\]\[23\],7.6
u_sram.mem\[29\]\[13\],7.6
u_sram.mem\[9\]\[28\],7.6
u_sram.mem\[9\]\[5\],7.6
u_uart.rx_data_raw\[0\],7.6
net2134,7.6
_05434_,7.58
_06507_,7.58
_06639_,7.58
_09194_,7.58
_09727_,7.58
_11035_,7.58
_11996_,7.58
net916,7.58
net5174,7.58
net155,7.57
_02496_,7.565
_02791_,7.565
_04068_,7.565
net1900,7.565
net2344,7.565
_04404_,7.56
_05024_,7.56
_05710_,7.56
_05936_,7.56
_06525_,7.56
_06629_,7.56
_07358_,7.56
_07537_,7.56
_07851_,7.56
_08490_,7.56
_09162_,7.56
_09583_,7.56
_10351_,7.56
_10435_,7.56
_11272_,7.56
_11316_,7.56
_11365_,7.56
_12172_,7.56
u_cpu.mem_rdata_q\[7\],7.56
u_sram.mem\[16\]\[25\],7.56
u_sram.mem\[21\]\[1\],7.56
u_sram.mem\[24\]\[22\],7.56
u_sram.mem\[56\]\[12\],7.56
net67,7.56
net147,7.56
net241,7.56
net252,7.56
net319,7.56
net685,7.56
net812,7.56
net902,7.56
net1133,7.56
net1217,7.56
net1292,7.56
net1446,7.56
net1532,7.56
net1586,7.56
net1686,7.56
net1775,7.56
net1978,7.56
net2182,7.56
net2548,7.56
net3145,7.56
net3282,7.56
net3708,7.56
net4266,7.56
net4884,7.56
_03333_,7.545
_02646_,7.54
_08747_,7.54
_09549_,7.54
_10219_,7.54
u_sram.mem\[12\]\[31\],7.54
u_sram.mem\[17\]\[7\],7.54
u_sram.mem\[29\]\[6\],7.54
u_sram.mem\[35\]\[1\],7.54
u_sram.mem\[35\]\[25\],7.54
u_sram.mem\[4\]\[13\],7.54
net4779,7.525
_04631_,7.52
_05131_,7.52
_06015_,7.52
_06062_,7.52
_06505_,7.52
_06695_,7.52
_08340_,7.52
_08528_,7.52
_08599_,7.52
_08679_,7.52
_09070_,7.52
_09897_,7.52
_09938_,7.52
_10928_,7.52
_11693_,7.52
_12131_,7.52
_12193_,7.52
_13537_,7.52
_13938_,7.52
_14556_,7.52
u_cpu.count_cycle\[29\],7.52
u_cpu.cpuregs\[10\]\[12\],7.52
u_sram.mem\[25\]\[10\],7.52
u_sram.mem\[33\]\[23\],7.52
u_sram.mem\[57\]\[10\],7.52
u_sram.mem\[57\]\[29\],7.52
u_sram.mem\[57\]\[3\],7.52
net885,7.52
net891,7.52
net1175,7.52
net1518,7.52
net1684,7.52
net1864,7.52
net4328,7.52
net4683,7.52
_00621_,7.505
_00850_,7.505
_01932_,7.505
_01956_,7.505
_02595_,7.505
_03315_,7.505
_01635_,7.5
_11563_,7.5
_13951_,7.5
u_cpu.count_cycle\[13\],7.5
u_sram.mem\[29\]\[14\],7.5
u_sram.mem\[30\]\[23\],7.5
u_sram.mem\[44\]\[13\],7.5
_00507_,7.485
_01385_,7.485
_02059_,7.485
_03400_,7.485
net1563,7.485
net3103,7.485
net4197,7.485
net4308,7.485
_08213_,7.48
_09937_,7.48
_12034_,7.48
_12957_,7.48
_13341_,7.48
_14347_,7.48
_03687_,7.465
_00867_,7.46
_01836_,7.46
_02246_,7.46
_03151_,7.46
_04958_,7.46
_05287_,7.46
_05762_,7.46
_07912_,7.46
_09326_,7.46
_10683_,7.46
_10771_,7.46
_11271_,7.46
_11632_,7.46
_11735_,7.46
_11870_,7.46
_13192_,7.46
net73,7.46
net119,7.46
net273,7.46
net368,7.46
net400,7.46
net484,7.46
net494,7.46
net573,7.46
net933,7.46
net948,7.46
net1206,7.46
net1642,7.46
net1711,7.46
net1796,7.46
net2032,7.46
net2035,7.46
net2282,7.46
net2355,7.46
net2580,7.46
net2602,7.46
net2689,7.46
net2781,7.46
net2932,7.46
net2933,7.46
net2999,7.46
net3057,7.46
net3060,7.46
net3108,7.46
net3232,7.46
net3302,7.46
net3369,7.46
net3462,7.46
net3948,7.46
net3963,7.46
_00339_,7.45
net1021,7.445
_04106_,7.44
_06065_,7.44
_06192_,7.44
_06398_,7.44
_06561_,7.44
_06679_,7.44
_08062_,7.44
_08422_,7.44
_09137_,7.44
_09332_,7.44
_09596_,7.44
_10024_,7.44
_10805_,7.44
_11496_,7.44
_11725_,7.44
_12045_,7.44
_14059_,7.44
u_cpu.cpuregs\[17\]\[26\],7.44
u_cpu.cpuregs\[27\]\[22\],7.44
u_cpu.cpuregs\[31\]\[3\],7.44
u_sram.mem\[16\]\[9\],7.44
u_sram.mem\[23\]\[2\],7.44
u_sram.mem\[28\]\[7\],7.44
u_sram.mem\[30\]\[12\],7.44
u_sram.mem\[43\]\[13\],7.44
net986,7.44
net1227,7.44
net1850,7.44
net2302,7.44
net2534,7.44
net4781,7.44
_01392_,7.425
_02893_,7.425
_00688_,7.42
_01585_,7.42
_05279_,7.42
_06098_,7.42
_08496_,7.42
_09730_,7.42
_10067_,7.42
_10511_,7.42
_10664_,7.42
_11206_,7.42
net425,7.42
net583,7.42
net1013,7.42
net1744,7.42
net2064,7.42
net2593,7.42
net3300,7.42
net3966,7.42
net4388,7.42
net4665,7.42
net4972,7.42
_02261_,7.415
_12048_,7.415
_05386_,7.4
_13783_,7.4
u_cpu.cpuregs\[30\]\[3\],7.4
u_sram.mem\[43\]\[12\],7.4
net2088,7.4
_00435_,7.385
_01187_,7.385
_01289_,7.385
_01566_,7.385
_02204_,7.385
_02674_,7.385
_03334_,7.385
net188,7.385
net1154,7.385
net2599,7.385
net4409,7.385
_04268_,7.38
_07400_,7.38
net3652,7.38
net4958,7.38
_00614_,7.365
_01700_,7.365
_03417_,7.365
_04161_,7.36
_13809_,7.36
net371,7.36
net373,7.36
net498,7.36
net520,7.36
net1007,7.36
net1440,7.36
net1548,7.36
net1897,7.36
net2162,7.36
net2179,7.36
net3663,7.36
net4165,7.36
net4523,7.36
net4564,7.36
net4849,7.36
net5030,7.36
_02901_,7.355
_00447_,7.345
_00888_,7.345
_02801_,7.345
_03514_,7.345
net317,7.345
net524,7.345
net781,7.345
net1430,7.345
net2535,7.345
_01394_,7.34
_03316_,7.34
_13728_,7.34
_13747_,7.34
net115,7.34
net1498,7.34
net1503,7.34
net1983,7.34
net2178,7.34
net2386,7.34
net2731,7.34
net2761,7.34
net3193,7.34
net4795,7.34
_09693_,7.335
_00815_,7.32
_07119_,7.32
_07299_,7.32
_08640_,7.32
_08729_,7.32
_08768_,7.32
_11809_,7.32
u_cpu.cpuregs\[10\]\[17\],7.32
u_sram.mem\[28\]\[25\],7.32
u_sram.mem\[34\]\[28\],7.32
u_sram.mem\[3\]\[25\],7.32
u_sram.mem\[41\]\[14\],7.32
u_sram.mem\[41\]\[19\],7.32
u_uart.u_tx.shift_reg\[1\],7.32
net267,7.32
net282,7.32
u_sram.mem\[9\]\[20\],7.31
net2894,7.31
_02472_,7.305
_03441_,7.305
_00735_,7.3
_03150_,7.3
_03165_,7.3
_04748_,7.3
_07226_,7.3
_11419_,7.3
_11420_,7.3
_13476_,7.3
u_sram.mem\[14\]\[17\],7.3
u_sram.mem\[18\]\[23\],7.3
net291,7.3
net828,7.3
net3762,7.3
net3903,7.3
net4004,7.3
net4255,7.3
net4840,7.3
_03635_,7.295
_08162_,7.295
net5179,7.295
_01562_,7.285
_06410_,7.28
_11877_,7.28
_13688_,7.28
u_sram.mem\[12\]\[4\],7.28
u_sram.mem\[22\]\[25\],7.28
u_sram.mem\[30\]\[5\],7.28
u_sram.mem\[32\]\[20\],7.28
u_sram.mem\[38\]\[6\],7.28
u_sram.mem\[60\]\[13\],7.28
u_sram.mem\[6\]\[7\],7.28
net4648,7.28
_01673_,7.275
_04005_,7.275
net1081,7.275
_02278_,7.265
_02836_,7.265
_03532_,7.265
net771,7.265
_00151_,7.26
_00567_,7.255
_03824_,7.245
net1862,7.245
net3639,7.245
net4441,7.245
_01029_,7.24
_03218_,7.24
_04079_,7.24
_05235_,7.24
_05855_,7.24
_07055_,7.24
_07196_,7.24
_08274_,7.24
_09107_,7.24
_09610_,7.24
_10027_,7.24
_10478_,7.24
_10897_,7.24
_11040_,7.24
_11769_,7.24
_13099_,7.24
_14417_,7.24
net1369,7.24
net1666,7.24
_03598_,7.225
_03954_,7.225
net1526,7.225
net2037,7.225
_01618_,7.22
_04013_,7.22
_04277_,7.22
_04893_,7.22
_05151_,7.22
_05212_,7.22
_05243_,7.22
_05997_,7.22
_06107_,7.22
_06332_,7.22
_06477_,7.22
_06720_,7.22
_08927_,7.22
_09686_,7.22
_09926_,7.22
_10386_,7.22
_10463_,7.22
_10489_,7.22
_11082_,7.22
_11104_,7.22
_11595_,7.22
_12216_,7.22
u_cpu.reg_next_pc\[5\],7.22
u_interconnect.m_axi_wdata\[2\],7.22
u_sram.mem\[15\]\[28\],7.22
u_sram.mem\[22\]\[15\],7.22
u_sram.mem\[58\]\[2\],7.22
u_sram.mem\[63\]\[1\],7.22
u_uart.aw_got,7.22
net72,7.22
net343,7.22
net380,7.22
net715,7.22
net731,7.22
net1158,7.22
net1212,7.22
net1338,7.22
net1484,7.22
net1624,7.22
net1650,7.22
net1723,7.22
net1757,7.22
net1953,7.22
net2002,7.22
net2368,7.22
net2503,7.22
net2788,7.22
net3654,7.22
net3750,7.22
net3814,7.22
net4380,7.22
net4756,7.22
net4856,7.22
net4911,7.22
net5120,7.22
_01022_,7.2
_03431_,7.2
_04743_,7.2
_06244_,7.2
_08786_,7.2
_13480_,7.2
_14587_,7.2
u_interconnect.m_axi_awaddr\[19\],7.2
u_sram.mem\[38\]\[18\],7.2
u_sram.mem\[40\]\[9\],7.2
u_sram.mem\[58\]\[24\],7.2
net2998,7.2
net5099,7.2
_07410_,7.19
_02171_,7.185
_02543_,7.185
_02666_,7.185
_01901_,7.18
_03052_,7.18
_03132_,7.18
_04271_,7.18
_04395_,7.18
_04686_,7.18
_04978_,7.18
_05740_,7.18
_06320_,7.18
_06677_,7.18
_08389_,7.18
_08462_,7.18
_08464_,7.18
_08702_,7.18
_09367_,7.18
_09507_,7.18
_09848_,7.18
_10003_,7.18
_11119_,7.18
_11167_,7.18
_12268_,7.18
_14074_,7.18
cpu_mem_wdata\[2\],7.18
u_cpu.instr_lb,7.18
u_cpu.mem_rdata_q\[0\],7.18
u_cpu.reg_out\[9\],7.18
u_interconnect.s1_axi_rdata\[0\],7.18
u_sram.mem\[11\]\[30\],7.18
u_sram.mem\[26\]\[31\],7.18
u_sram.mem\[30\]\[30\],7.18
u_sram.mem\[34\]\[27\],7.18
u_sram.mem\[42\]\[5\],7.18
u_sram.mem\[44\]\[16\],7.18
u_sram.mem\[47\]\[21\],7.18
u_sram.mem\[50\]\[22\],7.18
u_sram.mem\[53\]\[3\],7.18
u_sram.mem\[63\]\[27\],7.18
u_sram.mem\[9\]\[23\],7.18
u_uart.buf_data\[2\],7.18
net693,7.18
net1661,7.18
net2172,7.18
net2408,7.18
net2981,7.18
net3387,7.18
net3507,7.18
net4425,7.18
net4719,7.18
_00145_,7.17
_00616_,7.165
_00894_,7.165
_01057_,7.165
_02186_,7.165
_03014_,7.165
_03284_,7.165
_03379_,7.165
_01006_,7.16
_05692_,7.16
_08457_,7.16
_09286_,7.16
u_sram.mem\[19\]\[16\],7.16
u_sram.mem\[22\]\[16\],7.16
u_sram.mem\[53\]\[27\],7.16
u_sram.mem\[8\]\[19\],7.16
net4878,7.16
net5132,7.16
_00018_,7.145
_00639_,7.145
_00701_,7.145
_01499_,7.145
_01536_,7.145
_02145_,7.145
_02190_,7.145
_02489_,7.145
_02534_,7.145
_02634_,7.145
_02644_,7.145
_03346_,7.145
_03536_,7.145
_03559_,7.145
net1552,7.145
net1699,7.145
net2304,7.145
net2691,7.145
net4480,7.145
net4628,7.145
net4630,7.145
_00862_,7.14
_01337_,7.14
_02298_,7.14
_03056_,7.14
_03674_,7.14
_03903_,7.14
_03907_,7.14
_04336_,7.14
_05939_,7.14
_06415_,7.14
_06749_,7.14
_09840_,7.14
_10607_,7.14
_11593_,7.14
_11804_,7.14
_12030_,7.14
u_sram.mem\[52\]\[23\],7.14
_00017_,7.12
_06584_,7.12
_08587_,7.12
_08706_,7.12
_09556_,7.12
_10475_,7.12
_13839_,7.12
_14566_,7.12
u_sram.mem\[28\]\[1\],7.12
u_sram.mem\[28\]\[21\],7.12
net3504,7.12
_00879_,7.105
_01117_,7.105
_01213_,7.105
_01448_,7.105
_01493_,7.105
_01752_,7.105
_02386_,7.105
_03416_,7.105
_03434_,7.105
_03991_,7.105
net1156,7.105
net1664,7.105
net2697,7.105
_01629_,7.1
_01754_,7.1
_04526_,7.1
_06420_,7.1
_06564_,7.1
_06606_,7.1
_07013_,7.1
_08458_,7.1
_08512_,7.1
_09028_,7.1
_09844_,7.1
_10176_,7.1
_10301_,7.1
_10680_,7.1
_11108_,7.1
_11204_,7.1
_11666_,7.1
_13462_,7.1
_14007_,7.1
_14349_,7.1
u_cpu.cpuregs\[2\]\[10\],7.1
u_cpu.cpuregs\[8\]\[25\],7.1
u_cpu.decoded_rd\[1\],7.1
u_sram.mem\[23\]\[1\],7.1
u_sram.mem\[24\]\[7\],7.1
u_sram.mem\[32\]\[15\],7.1
u_sram.mem\[36\]\[8\],7.1
u_sram.mem\[39\]\[8\],7.1
net1378,7.1
net1384,7.1
net1562,7.1
net1867,7.1
net1968,7.1
net2004,7.1
net2525,7.1
net2758,7.1
net2831,7.1
net2973,7.1
net4193,7.1
net4245,7.1
net4248,7.1
net4772,7.1
net4867,7.1
net4944,7.1
_03038_,7.08
_05510_,7.08
_06106_,7.08
_08430_,7.08
_11109_,7.08
_11127_,7.08
_12183_,7.08
u_sram.mem\[12\]\[12\],7.08
u_sram.mem\[13\]\[28\],7.08
u_sram.mem\[18\]\[11\],7.08
u_sram.mem\[39\]\[22\],7.08
_00523_,7.065
_00757_,7.065
_00756_,7.06
_00988_,7.06
_03157_,7.06
_04388_,7.06
_05216_,7.06
_05273_,7.06
_06393_,7.06
_06537_,7.06
_08120_,7.06
_08372_,7.06
_09533_,7.06
_10326_,7.06
_10527_,7.06
_11017_,7.06
_11197_,7.06
_11306_,7.06
_11407_,7.06
_11642_,7.06
_11741_,7.06
_11892_,7.06
_13164_,7.06
_13641_,7.06
_14195_,7.06
u_cpu.cpuregs\[10\]\[26\],7.06
u_sram.mem\[22\]\[29\],7.06
u_sram.mem\[43\]\[25\],7.06
u_sram.mem\[46\]\[15\],7.06
u_sram.mem\[7\]\[14\],7.06
net134,7.06
net1123,7.06
net1687,7.06
net2194,7.06
net2206,7.06
net2264,7.06
net2802,7.06
net4430,7.06
_01717_,7.045
_01736_,7.045
_01891_,7.045
_02234_,7.045
_03404_,7.045
_04076_,7.045
_06058_,7.04
_06123_,7.04
_06626_,7.04
u_cpu.instr_addi,7.04
u_sram.mem\[12\]\[26\],7.04
u_sram.mem\[33\]\[20\],7.04
_00585_,7.025
_00687_,7.025
_03504_,7.025
_03729_,7.025
_03768_,7.025
_03948_,7.025
_03960_,7.025
_04259_,7.025
net1413,7.025
net1657,7.025
net4457,7.025
net5076,7.025
_02005_,7.005
_02417_,7.005
_00456_,7
_00503_,7
_00528_,7
_02438_,7
_05552_,7
_05755_,7
_05953_,7
_05990_,7
_06572_,7
_09366_,7
_11681_,7
_14057_,7
_14538_,7
u_sram.mem\[16\]\[31\],7
net109,7
net131,7
net274,7
net288,7
net344,7
net369,7
net405,7
net421,7
net423,7
net463,7
net477,7
net816,7
net846,7
net1106,7
net1134,7
net1172,7
net1524,7
net1578,7
net2232,7
net2521,7
net2532,7
net2661,7
net2692,7
net2715,7
net2836,7
net2907,7
net2929,7
net3055,7
net3106,7
net3109,7
net3210,7
net3381,7
net3426,7
net3498,7
net3520,7
net3527,7
net3587,7
net3696,7
net3880,7
net3892,7
net3955,7
net4969,7
_03497_,6.995
_00049_,6.99
_00144_,6.99
_09253_,6.99
_02031_,6.985
_02265_,6.985
_02778_,6.985
_02837_,6.985
_03189_,6.985
net2275,6.985
_00228_,6.98
_06191_,6.98
_06262_,6.98
_06366_,6.98
_06604_,6.98
_07360_,6.98
_08649_,6.98
_08918_,6.98
_08958_,6.98
_09793_,6.98
_10464_,6.98
_13088_,6.98
_14062_,6.98
u_cpu.count_cycle\[15\],6.98
u_sram.mem\[18\]\[13\],6.98
net851,6.98
net1892,6.98
net2245,6.98
net2588,6.98
net3065,6.98
net3915,6.98
net1801,6.975
_02289_,6.96
_02484_,6.96
_03646_,6.96
_05556_,6.96
_05752_,6.96
_05757_,6.96
_06113_,6.96
_06175_,6.96
_06757_,6.96
_09345_,6.96
_09600_,6.96
_10857_,6.96
_11179_,6.96
_11224_,6.96
_11295_,6.96
_11317_,6.96
_11348_,6.96
_11542_,6.96
_11768_,6.96
_11909_,6.96
_12204_,6.96
_14023_,6.96
u_sram.mem\[13\]\[31\],6.96
u_sram.mem\[50\]\[5\],6.96
net308,6.96
net661,6.96
net1534,6.96
net1635,6.96
net1767,6.96
net1911,6.96
net2483,6.96
net2603,6.96
net2694,6.96
net2915,6.96
net3019,6.96
net3802,6.96
_03773_,6.955
net3635,6.955
_06209_,6.945
_02585_,6.94
_04465_,6.94
_07698_,6.94
_08610_,6.94
_09216_,6.94
_10955_,6.94
u_cpu.cpuregs\[19\]\[14\],6.94
u_sram.mem\[18\]\[15\],6.94
u_sram.mem\[40\]\[5\],6.94
u_sram.mem\[49\]\[8\],6.94
u_sram.mem\[62\]\[5\],6.94
net3625,6.94
_00102_,6.93
_00434_,6.925
_00449_,6.925
_00644_,6.925
_01475_,6.925
_02385_,6.925
_02460_,6.925
_03301_,6.925
_03464_,6.925
net1652,6.925
net1747,6.925
net3084,6.925
net3195,6.925
_08769_,6.92
_11585_,6.92
_12195_,6.92
_12241_,6.92
_01519_,6.905
u_sram.mem\[29\]\[5\],6.905
_02609_,6.9
_05979_,6.9
_10194_,6.9
net145,6.9
net264,6.9
net300,6.9
net561,6.9
net1034,6.9
net1035,6.9
net1287,6.9
net1372,6.9
net1556,6.9
net2051,6.9
net2307,6.9
net3241,6.9
net3358,6.9
net3523,6.9
net3566,6.9
net3577,6.9
net3606,6.9
net3628,6.9
net3760,6.9
net4048,6.9
net4726,6.9
net4839,6.9
net4865,6.9
net5017,6.9
_02554_,6.885
_03440_,6.885
_03992_,6.885
net529,6.885
net2325,6.885
_02907_,6.88
_03149_,6.88
_04785_,6.88
_07896_,6.88
_09063_,6.88
_13229_,6.88
net78,6.88
net94,6.88
net877,6.88
net1011,6.88
net1732,6.88
net2306,6.88
net3169,6.88
net3783,6.88
net4171,6.88
net4231,6.88
_00164_,6.87
u_sram.mem\[48\]\[17\],6.87
_00736_,6.86
_01797_,6.86
_02525_,6.86
_05053_,6.86
_06978_,6.86
_07129_,6.86
_07861_,6.86
_08782_,6.86
_08847_,6.86
_09192_,6.86
_09318_,6.86
_10297_,6.86
u_cpu.count_cycle\[17\],6.86
u_interconnect.m_axi_wdata\[14\],6.86
u_sram.mem\[13\]\[18\],6.86
u_sram.mem\[14\]\[25\],6.86
u_sram.mem\[16\]\[14\],6.86
u_sram.mem\[34\]\[9\],6.86
u_sram.mem\[46\]\[0\],6.86
u_sram.mem\[46\]\[25\],6.86
u_sram.mem\[48\]\[14\],6.86
u_sram.mem\[49\]\[4\],6.86
u_sram.mem\[51\]\[0\],6.86
u_sram.mem\[61\]\[10\],6.86
u_sram.mem\[61\]\[12\],6.86
u_sram.w_strb_r\[1\],6.86
net1111,6.86
net1286,6.86
net3551,6.86
net4370,6.86
net1450,6.85
_03610_,6.845
_05356_,6.84
_06560_,6.84
_07905_,6.84
_08169_,6.84
_08969_,6.84
_10599_,6.84
_13465_,6.84
u_sram.mem\[11\]\[25\],6.84
u_sram.mem\[12\]\[19\],6.84
u_sram.mem\[30\]\[22\],6.84
u_sram.mem\[33\]\[10\],6.84
u_sram.mem\[33\]\[14\],6.84
net1138,6.84
_00101_,6.83
_00012_,6.825
_00612_,6.825
_00691_,6.825
_00842_,6.825
_00843_,6.825
_01189_,6.825
_01305_,6.825
_01308_,6.825
_01309_,6.825
_01373_,6.825
_01616_,6.825
_01646_,6.825
_01657_,6.825
_01985_,6.825
_02214_,6.825
_02232_,6.825
_02245_,6.825
_02329_,6.825
_02574_,6.825
_02596_,6.825
_02606_,6.825
_02710_,6.825
_02941_,6.825
_03033_,6.825
_03482_,6.825
_03506_,6.825
_03520_,6.825
_04050_,6.825
_04190_,6.825
_08396_,6.82
_10934_,6.82
_11565_,6.82
_14210_,6.82
u_cpu.mem_rdata_q\[4\],6.82
u_sram.mem\[43\]\[27\],6.82
u_sram.mem\[44\]\[22\],6.82
net3269,6.82
_03576_,6.815
_09139_,6.815
net1806,6.815
_01360_,6.805
_03762_,6.805
_04078_,6.805
_06806_,6.805
_00141_,6.8
_01869_,6.785
_02380_,6.78
_03007_,6.78
_04133_,6.78
_05198_,6.78
_05995_,6.78
_05996_,6.78
_06401_,6.78
_07121_,6.78
_08310_,6.78
_09251_,6.78
_09940_,6.78
_10303_,6.78
_10376_,6.78
_10454_,6.78
_10515_,6.78
_10550_,6.78
_10858_,6.78
_11200_,6.78
_12191_,6.78
_12256_,6.78
net1283,6.78
net1590,6.78
_09225_,6.77
_02431_,6.765
net4581,6.765
_00238_,6.76
_00280_,6.76
_00800_,6.76
_01150_,6.76
_01755_,6.76
_01827_,6.76
_03125_,6.76
_03156_,6.76
_03731_,6.76
_04283_,6.76
_04891_,6.76
_05365_,6.76
_05673_,6.76
_06136_,6.76
_06449_,6.76
_07181_,6.76
_07466_,6.76
_07552_,6.76
_07693_,6.76
_08780_,6.76
_09001_,6.76
_09470_,6.76
_09589_,6.76
_09750_,6.76
_09755_,6.76
_09761_,6.76
_10414_,6.76
_10715_,6.76
_10724_,6.76
_11161_,6.76
_11186_,6.76
_11250_,6.76
_11447_,6.76
_11471_,6.76
_12026_,6.76
_12264_,6.76
_13092_,6.76
_13920_,6.76
u_cpu.count_cycle\[8\],6.76
u_cpu.cpuregs\[22\]\[5\],6.76
u_cpu.instr_and,6.76
u_cpu.reg_next_pc\[24\],6.76
u_interconnect.s0_axi_rdata\[28\],6.76
u_sram.mem\[25\]\[6\],6.76
u_sram.mem\[34\]\[14\],6.76
u_sram.mem\[40\]\[7\],6.76
u_sram.mem\[47\]\[6\],6.76
u_sram.mem\[48\]\[4\],6.76
u_sram.mem\[51\]\[24\],6.76
u_sram.mem\[56\]\[1\],6.76
u_sram.mem\[58\]\[9\],6.76
u_sram.mem\[60\]\[6\],6.76
net84,6.76
net186,6.76
net427,6.76
net546,6.76
net590,6.76
net608,6.76
net775,6.76
net921,6.76
net1099,6.76
net1748,6.76
net1835,6.76
net2381,6.76
net2392,6.76
net2701,6.76
net2716,6.76
net3041,6.76
net3192,6.76
net3430,6.76
net3591,6.76
net3608,6.76
net3613,6.76
net3724,6.76
net3789,6.76
net3879,6.76
net3907,6.76
net3984,6.76
net3987,6.76
net4112,6.76
net4725,6.76
_05633_,6.745
_01482_,6.74
_06218_,6.74
_06454_,6.74
_06512_,6.74
_06642_,6.74
_06702_,6.74
_09188_,6.74
_14025_,6.74
u_cpu.reg_next_pc\[22\],6.74
u_sram.mem\[38\]\[30\],6.74
u_sram.mem\[42\]\[8\],6.74
u_sram.mem\[7\]\[25\],6.74
_08331_,6.735
_02172_,6.725
_00046_,6.72
_00165_,6.72
_00737_,6.72
_00762_,6.72
_01652_,6.72
_02203_,6.72
_02323_,6.72
_02978_,6.72
_02996_,6.72
_03081_,6.72
_03087_,6.72
_03096_,6.72
_03131_,6.72
_03677_,6.72
_03713_,6.72
_03732_,6.72
_03797_,6.72
_03897_,6.72
_04145_,6.72
_04272_,6.72
_04480_,6.72
_05731_,6.72
_06740_,6.72
_06752_,6.72
_06786_,6.72
_06831_,6.72
_07504_,6.72
_07993_,6.72
_08776_,6.72
_09732_,6.72
_10055_,6.72
_10589_,6.72
_10770_,6.72
_10779_,6.72
_11069_,6.72
_11163_,6.72
_12986_,6.72
_13384_,6.72
_14560_,6.72
u_cpu.cpuregs\[18\]\[12\],6.72
u_sram.mem\[14\]\[18\],6.72
u_sram.mem\[24\]\[1\],6.72
u_sram.mem\[41\]\[18\],6.72
u_sram.mem\[43\]\[10\],6.72
u_sram.mem\[44\]\[12\],6.72
u_sram.mem\[53\]\[30\],6.72
u_sram.mem\[57\]\[6\],6.72
u_sram.mem\[59\]\[24\],6.72
u_sram.mem\[62\]\[18\],6.72
u_sram.mem\[7\]\[2\],6.72
u_uart.r_is_stat,6.72
net475,6.72
net774,6.72
net803,6.72
net1284,6.72
net3135,6.72
net3284,6.72
net3443,6.72
net3503,6.72
net4168,6.72
net4206,6.72
_00122_,6.71
_00126_,6.71
_00536_,6.705
_00603_,6.705
_00676_,6.705
_00847_,6.705
_00900_,6.705
_01059_,6.705
_01093_,6.705
_01095_,6.705
_01356_,6.705
_01534_,6.705
_01555_,6.705
_01623_,6.705
_01734_,6.705
_01939_,6.705
_01946_,6.705
_01948_,6.705
_01969_,6.705
_02313_,6.705
_02363_,6.705
_02790_,6.705
_02861_,6.705
_02951_,6.705
_03192_,6.705
_03200_,6.705
_03322_,6.705
_03357_,6.705
_03457_,6.705
_03601_,6.705
_03704_,6.705
_03705_,6.705
_03749_,6.705
_04058_,6.705
_04069_,6.705
_05604_,6.7
u_sram.mem\[11\]\[9\],6.7
u_sram.mem\[30\]\[13\],6.7
u_sram.mem\[37\]\[25\],6.7
_01221_,6.695
_03587_,6.695
_00430_,6.685
_00686_,6.685
_01064_,6.685
_02498_,6.685
_02794_,6.685
_02962_,6.685
_03317_,6.685
_03399_,6.685
_03613_,6.685
_03744_,6.685
_03770_,6.685
_04066_,6.685
net1383,6.685
net3454,6.685
net4204,6.685
_02800_,6.675
_02899_,6.665
_00980_,6.66
_03925_,6.66
_05032_,6.66
_05277_,6.66
_05625_,6.66
_05798_,6.66
_06535_,6.66
_06669_,6.66
_07150_,6.66
_08861_,6.66
_08892_,6.66
_08979_,6.66
_09087_,6.66
_10442_,6.66
_10465_,6.66
_11636_,6.66
_11838_,6.66
_12067_,6.66
_13193_,6.66
u_sram.mem\[25\]\[17\],6.66
u_sram.mem\[25\]\[24\],6.66
u_sram.mem\[25\]\[30\],6.66
net3017,6.66
net4562,6.66
_00385_,6.65
_01073_,6.645
_01105_,6.645
_01119_,6.645
_01218_,6.645
_01440_,6.645
_01663_,6.645
_02699_,6.645
_02721_,6.645
_02921_,6.645
_03342_,6.645
_03668_,6.645
_01318_,6.64
_01331_,6.64
_04040_,6.64
_05281_,6.64
_05823_,6.64
_06081_,6.64
_07004_,6.64
_07053_,6.64
_07846_,6.64
_08482_,6.64
_08540_,6.64
_08939_,6.64
_09242_,6.64
_09522_,6.64
_09617_,6.64
_09682_,6.64
_09739_,6.64
_10017_,6.64
_10141_,6.64
_10212_,6.64
_11166_,6.64
_11320_,6.64
_11493_,6.64
_11583_,6.64
_11953_,6.64
_14214_,6.64
u_cpu.mem_rdata_q\[9\],6.64
u_sram.mem\[39\]\[14\],6.64
u_sram.mem\[4\]\[31\],6.64
u_sram.mem\[58\]\[14\],6.64
u_sram.mem\[59\]\[12\],6.64
u_uart.u_rx.state\[3\],6.64
net301,6.64
net331,6.64
net401,6.64
net702,6.64
net880,6.64
net917,6.64
net1321,6.64
net1975,6.64
net2316,6.64
net2769,6.64
net2805,6.64
net2852,6.64
net3030,6.64
net3172,6.64
net3543,6.64
net3891,6.64
net3896,6.64
net4107,6.64
net4462,6.64
_11173_,6.63
_02734_,6.625
_00231_,6.62
_03936_,6.62
_06405_,6.62
_08510_,6.62
_10076_,6.62
_10305_,6.62
_10851_,6.62
_13785_,6.62
u_interconnect.s0_axi_rdata\[3\],6.62
u_sram.mem\[18\]\[27\],6.62
u_sram.mem\[19\]\[24\],6.62
u_sram.mem\[42\]\[14\],6.62
u_sram.mem\[44\]\[4\],6.62
u_sram.mem\[62\]\[3\],6.62
u_sram.mem\[62\]\[6\],6.62
_02019_,6.615
net4138,6.605
_02936_,6.6
_04214_,6.6
_04309_,6.6
_04570_,6.6
_04939_,6.6
_05398_,6.6
_05717_,6.6
_06603_,6.6
_06608_,6.6
_06668_,6.6
_07118_,6.6
_07660_,6.6
_07824_,6.6
_08103_,6.6
_08261_,6.6
_09167_,6.6
_09835_,6.6
_10106_,6.6
_10208_,6.6
_10247_,6.6
_10259_,6.6
_10291_,6.6
_11051_,6.6
_11369_,6.6
_11483_,6.6
_11516_,6.6
_11786_,6.6
_11810_,6.6
_11854_,6.6
_12116_,6.6
_12186_,6.6
_12188_,6.6
_13430_,6.6
_13579_,6.6
_13684_,6.6
_13737_,6.6
_13794_,6.6
_14352_,6.6
u_cpu.cpuregs\[0\]\[16\],6.6
u_sram.mem\[32\]\[22\],6.6
u_sram.mem\[56\]\[7\],6.6
u_sram.mem\[57\]\[13\],6.6
net1647,6.6
net1930,6.6
_03911_,6.58
_06783_,6.58
_07566_,6.58
u_cpu.mem_rdata_q\[8\],6.58
u_sram.mem\[25\]\[4\],6.58
_00185_,6.57
_00596_,6.565
_00605_,6.565
_01584_,6.565
_02085_,6.565
_02109_,6.565
_02330_,6.565
_02536_,6.565
_02908_,6.565
_03393_,6.565
net75,6.565
net113,6.565
net152,6.565
net1576,6.565
net2059,6.565
net3991,6.565
net4474,6.565
_00534_,6.56
_00708_,6.56
_00874_,6.56
_01199_,6.56
_01522_,6.56
_02269_,6.56
_02668_,6.56
_03360_,6.56
_05548_,6.55
_02042_,6.545
_02867_,6.545
_03924_,6.54
_06352_,6.54
_07947_,6.54
_08137_,6.54
_09049_,6.54
_09552_,6.54
_09930_,6.54
_10050_,6.54
_11138_,6.54
_12233_,6.54
u_sram.mem\[17\]\[24\],6.54
u_sram.mem\[34\]\[10\],6.54
u_sram.mem\[34\]\[5\],6.54
u_sram.mem\[4\]\[18\],6.54
u_sram.mem\[55\]\[10\],6.54
u_sram.mem\[62\]\[0\],6.54
net66,6.54
net117,6.54
net120,6.54
net161,6.54
net248,6.54
net290,6.54
net296,6.54
net467,6.54
net488,6.54
net533,6.54
net1126,6.54
net1233,6.54
net1238,6.54
net1564,6.54
net1617,6.54
net1768,6.54
net2865,6.54
net2962,6.54
net2993,6.54
net3175,6.54
net3178,6.54
net3188,6.54
net3290,6.54
net3327,6.54
net3329,6.54
net3442,6.54
net3605,6.54
net3624,6.54
net3650,6.54
net3701,6.54
net3889,6.54
net4051,6.54
net4103,6.54
net4889,6.54
_05778_,6.535
_00176_,6.53
_13145_,6.53
_00915_,6.525
_01074_,6.525
_01254_,6.525
_01263_,6.525
_01402_,6.525
_01861_,6.525
_02581_,6.525
_02664_,6.525
_02927_,6.525
_01821_,6.52
_06441_,6.52
_06491_,6.52
_06540_,6.52
_09908_,6.52
_12155_,6.52
_13837_,6.52
u_cpu.alu_out_q\[27\],6.52
u_sram.mem\[14\]\[4\],6.52
u_sram.mem\[29\]\[7\],6.52
net2102,6.52
net2820,6.52
net4267,6.52
_01223_,6.5
_01968_,6.5
_02091_,6.5
_04360_,6.5
_07393_,6.5
_07835_,6.5
_09543_,6.5
_10440_,6.5
_10533_,6.5
_10711_,6.5
_11346_,6.5
net298,6.5
net585,6.5
net1119,6.5
net1348,6.5
net1891,6.5
net2424,6.5
net3236,6.5
net3239,6.5
net3547,6.5
net3697,6.5
_10564_,6.49
u_uart.u_rx.rx_sync0,6.49
_00230_,6.48
_00352_,6.48
_01438_,6.48
_06782_,6.48
_07591_,6.48
_08738_,6.48
_11355_,6.48
_12124_,6.48
u_cpu.mem_la_wdata\[6\],6.48
u_interconnect.m_axi_awaddr\[8\],6.48
u_sram.mem\[53\]\[31\],6.48
net3777,6.48
_06166_,6.475
_06069_,6.47
_00599_,6.465
_02267_,6.465
_03445_,6.465
_03454_,6.465
_03678_,6.465
net1695,6.465
net4082,6.465
net4145,6.465
net4485,6.465
net4645,6.465
net4684,6.465
net4694,6.465
net4738,6.465
net4871,6.465
_04364_,6.46
_13668_,6.46
net2420,6.46
_00205_,6.45
_04457_,6.45
net4229,6.445
_03146_,6.44
_03164_,6.44
_04871_,6.44
_05119_,6.44
_11223_,6.44
_11814_,6.44
_11986_,6.44
u_sram.mem\[52\]\[8\],6.44
net114,6.44
net173,6.44
net174,6.44
net240,6.44
net243,6.44
net302,6.44
net826,6.44
net987,6.44
net1542,6.44
net1818,6.44
net1934,6.44
net2427,6.44
net2786,6.44
net2806,6.44
net2819,6.44
net2903,6.44
net2966,6.44
net3165,6.44
net3170,6.44
net3366,6.44
net3482,6.44
net3594,6.44
net3645,6.44
net3884,6.44
net4021,6.44
net4402,6.44
net4603,6.44
net4709,6.44
net4874,6.44
net5064,6.44
_00904_,6.425
_02136_,6.425
_02497_,6.425
_02677_,6.425
u_sram.mem\[1\]\[27\],6.425
net620,6.425
net1779,6.425
net2397,6.425
net2638,6.425
_00059_,6.42
_01210_,6.42
_02180_,6.42
_03303_,6.42
_03539_,6.42
_04823_,6.42
_05069_,6.42
_06471_,6.42
_11604_,6.42
_13468_,6.42
_13778_,6.42
net237,6.42
net269,6.42
net270,6.42
net860,6.42
net975,6.42
net1553,6.42
net3020,6.42
net3272,6.42
net3506,6.42
net4752,6.42
_00125_,6.41
_02163_,6.405
_08087_,6.4
_08648_,6.4
_08739_,6.4
_08872_,6.4
_09106_,6.4
_09827_,6.4
_10173_,6.4
_10637_,6.4
_11004_,6.4
_14403_,6.4
u_sram.mem\[28\]\[24\],6.4
u_sram.mem\[46\]\[1\],6.4
u_sram.mem\[51\]\[15\],6.4
net1786,6.4
net1876,6.4
_02057_,6.385
_00045_,6.38
_03107_,6.38
_04454_,6.38
_04531_,6.38
_04578_,6.38
_05676_,6.38
_07408_,6.38
_07411_,6.38
_07595_,6.38
_11591_,6.38
_13706_,6.38
_14282_,6.38
u_sram.mem\[55\]\[29\],6.38
u_sram.mem\[56\]\[28\],6.38
u_sram.mem\[7\]\[11\],6.38
net3964,6.38
_00225_,6.37
net4707,6.37
_00477_,6.365
_00481_,6.365
_00517_,6.365
_00533_,6.365
_00549_,6.365
_00571_,6.365
_00586_,6.365
_00602_,6.365
_00642_,6.365
_00673_,6.365
_00695_,6.365
_00880_,6.365
_00896_,6.365
_00922_,6.365
_00931_,6.365
_00934_,6.365
_00953_,6.365
_01100_,6.365
_01103_,6.365
_01107_,6.365
_01112_,6.365
_01113_,6.365
_01132_,6.365
_01193_,6.365
_01264_,6.365
_01266_,6.365
_01272_,6.365
_01293_,6.365
_01296_,6.365
_01307_,6.365
_01312_,6.365
_01510_,6.365
_01527_,6.365
_01551_,6.365
_01553_,6.365
_01598_,6.365
_01615_,6.365
_01625_,6.365
_01649_,6.365
_01667_,6.365
_01719_,6.365
_01726_,6.365
_01750_,6.365
_01857_,6.365
_01889_,6.365
_02009_,6.365
_02028_,6.365
_02067_,6.365
_02073_,6.365
_02125_,6.365
_02200_,6.365
_02216_,6.365
_02248_,6.365
_02272_,6.365
_02328_,6.365
_02379_,6.365
_02387_,6.365
_02388_,6.365
_02391_,6.365
_02448_,6.365
_02570_,6.365
_02602_,6.365
_02611_,6.365
_02685_,6.365
_02689_,6.365
_02724_,6.365
_02773_,6.365
_02786_,6.365
_02792_,6.365
_02804_,6.365
_02869_,6.365
_02870_,6.365
_02943_,6.365
_03193_,6.365
_03211_,6.365
_03243_,6.365
_03341_,6.365
_03385_,6.365
_03414_,6.365
_03420_,6.365
_03426_,6.365
_03436_,6.365
_03444_,6.365
_03459_,6.365
_03489_,6.365
_03505_,6.365
_03510_,6.365
_03541_,6.365
_03545_,6.365
_03567_,6.365
_03594_,6.365
_03602_,6.365
_03604_,6.365
_03632_,6.365
_03669_,6.365
_03689_,6.365
_03715_,6.365
_03723_,6.365
_03724_,6.365
_03736_,6.365
_03737_,6.365
_03767_,6.365
_03949_,6.365
_03950_,6.365
_03962_,6.365
_03971_,6.365
_03993_,6.365
_04004_,6.365
_04061_,6.365
_04192_,6.365
_04230_,6.365
_04245_,6.365
_04250_,6.365
_10766_,6.36
_13762_,6.36
u_sram.mem\[16\]\[1\],6.36
u_sram.mem\[43\]\[19\],6.36
_04241_,6.355
_01081_,6.345
_02449_,6.345
net652,6.345
net2630,6.345
net4297,6.345
net4708,6.345
_01016_,6.335
_03361_,6.335
_00514_,6.325
_00538_,6.325
_00993_,6.325
_01412_,6.325
_00981_,6.32
_01543_,6.32
_01579_,6.32
_03859_,6.32
_03860_,6.32
_04150_,6.32
_04297_,6.32
_05246_,6.32
_05648_,6.32
_06030_,6.32
_06036_,6.32
_07863_,6.32
_08839_,6.32
_09962_,6.32
_10045_,6.32
_10151_,6.32
_10315_,6.32
_10319_,6.32
_10535_,6.32
_10827_,6.32
_10874_,6.32
_10925_,6.32
_10929_,6.32
_10964_,6.32
_11012_,6.32
_11111_,6.32
_11283_,6.32
_11428_,6.32
_11540_,6.32
_11889_,6.32
_12013_,6.32
_13676_,6.32
u_sram.mem\[25\]\[13\],6.32
u_sram.mem\[60\]\[2\],6.32
net68,6.32
net3509,6.32
net4559,6.32
net4663,6.32
net4904,6.32
net4946,6.32
_00394_,6.31
_00684_,6.305
_01660_,6.305
_01877_,6.305
_01900_,6.305
_01988_,6.305
_03380_,6.305
u_sram.mem\[2\]\[25\],6.305
net2526,6.305
net5069,6.305
_00731_,6.3
_01024_,6.3
_01459_,6.3
_02287_,6.3
_02948_,6.3
_03201_,6.3
_03838_,6.3
_03847_,6.3
_04280_,6.3
_04503_,6.3
_04560_,6.3
_04898_,6.3
_04965_,6.3
_05175_,6.3
_05894_,6.3
_06428_,6.3
_07084_,6.3
_07804_,6.3
_07926_,6.3
_08487_,6.3
_08697_,6.3
_09145_,6.3
_09798_,6.3
_09969_,6.3
_10433_,6.3
_10487_,6.3
_11349_,6.3
_11572_,6.3
_11808_,6.3
_12040_,6.3
_14109_,6.3
u_cpu.count_cycle\[25\],6.3
u_cpu.cpuregs\[8\]\[24\],6.3
u_cpu.pcpi_rs1\[23\],6.3
u_cpu.reg_next_pc\[14\],6.3
u_cpu.reg_next_pc\[19\],6.3
u_cpu.reg_next_pc\[25\],6.3
u_cpu.reg_next_pc\[30\],6.3
u_cpu.reg_sh\[2\],6.3
u_cpu.reg_sh\[3\],6.3
u_interconnect.s1_axi_bvalid,6.3
u_sram.mem\[10\]\[18\],6.3
u_sram.mem\[11\]\[18\],6.3
u_sram.mem\[19\]\[25\],6.3
u_sram.mem\[26\]\[3\],6.3
u_sram.mem\[27\]\[6\],6.3
u_sram.mem\[28\]\[3\],6.3
u_sram.mem\[33\]\[17\],6.3
u_sram.mem\[53\]\[29\],6.3
u_sram.mem\[54\]\[11\],6.3
u_sram.mem\[59\]\[25\],6.3
u_sram.mem\[7\]\[26\],6.3
u_sram.mem\[9\]\[24\],6.3
u_sram.mem\[9\]\[26\],6.3
net179,6.3
net304,6.3
net345,6.3
net530,6.3
net594,6.3
net875,6.3
net898,6.3
net934,6.3
net1039,6.3
net1280,6.3
net1583,6.3
net1603,6.3
net1750,6.3
net1843,6.3
net2879,6.3
net2963,6.3
net3048,6.3
net3080,6.3
net3299,6.3
net3301,6.3
net3388,6.3
net3398,6.3
net3489,6.3
net3930,6.3
net4258,6.3
net4459,6.3
net4647,6.3
net4900,6.3
net4997,6.3
net5034,6.3
net5046,6.3
net5055,6.3
net5178,6.3
_01165_,6.28
_01180_,6.28
_04565_,6.28
_05081_,6.28
_06489_,6.28
_06577_,6.28
_07966_,6.28
_08870_,6.28
_08904_,6.28
_10224_,6.28
_10958_,6.28
u_sram.mem\[24\]\[28\],6.28
u_sram.mem\[25\]\[18\],6.28
u_sram.mem\[43\]\[29\],6.28
u_sram.mem\[56\]\[23\],6.28
u_sram.mem\[7\]\[4\],6.28
_08712_,6.27
_02519_,6.265
_02662_,6.265
_00967_,6.26
_00984_,6.26
_01173_,6.26
_01328_,6.26
_01825_,6.26
_01943_,6.26
_02999_,6.26
_03050_,6.26
_03415_,6.26
_03890_,6.26
_04805_,6.26
_05750_,6.26
_05982_,6.26
_06394_,6.26
_06751_,6.26
_06787_,6.26
_08071_,6.26
_08225_,6.26
_08589_,6.26
_09638_,6.26
_09859_,6.26
_09905_,6.26
_10013_,6.26
_10290_,6.26
_10395_,6.26
_10882_,6.26
_11779_,6.26
_11856_,6.26
_11880_,6.26
_12138_,6.26
_14371_,6.26
_14398_,6.26
_14486_,6.26
u_cpu.cpuregs\[15\]\[14\],6.26
u_cpu.cpuregs\[2\]\[15\],6.26
u_cpu.is_sll_srl_sra,6.26
u_interconnect.m_axi_wstrb\[0\],6.26
u_sram.mem\[10\]\[1\],6.26
u_sram.mem\[10\]\[4\],6.26
u_sram.mem\[18\]\[16\],6.26
u_sram.mem\[18\]\[7\],6.26
u_sram.mem\[22\]\[27\],6.26
u_sram.mem\[24\]\[20\],6.26
u_sram.mem\[2\]\[31\],6.26
u_sram.mem\[32\]\[30\],6.26
u_sram.mem\[35\]\[11\],6.26
u_sram.mem\[3\]\[11\],6.26
u_sram.mem\[3\]\[24\],6.26
u_sram.mem\[43\]\[6\],6.26
u_sram.mem\[48\]\[18\],6.26
u_sram.mem\[52\]\[14\],6.26
u_sram.mem\[58\]\[27\],6.26
u_sram.mem\[59\]\[13\],6.26
u_sram.mem\[59\]\[7\],6.26
u_sram.mem\[59\]\[8\],6.26
u_sram.mem\[5\]\[8\],6.26
u_sram.mem\[6\]\[1\],6.26
net930,6.26
net1113,6.26
net1215,6.26
net1355,6.26
net1602,6.26
net1926,6.26
net2845,6.26
net3037,6.26
net4269,6.26
net4410,6.26
_03521_,6.255
_08301_,6.255
_00325_,6.25
_04486_,6.24
_10378_,6.24
u_sram.mem\[25\]\[5\],6.24
net4788,6.24
net2063,6.235
_09776_,6.23
_00455_,6.225
_00681_,6.225
_01650_,6.225
_01842_,6.225
_01899_,6.225
_02151_,6.225
_02164_,6.225
_02736_,6.225
_02795_,6.225
_03371_,6.225
_03588_,6.225
_03663_,6.225
_03751_,6.225
_03947_,6.225
net1310,6.225
net2450,6.225
net4185,6.225
net4293,6.225
net4415,6.225
net4467,6.225
net4598,6.225
net4698,6.225
net5119,6.225
_11172_,6.22
_00215_,6.21
net65,6.205
_04340_,6.2
_05134_,6.2
_05471_,6.2
_05828_,6.2
_06542_,6.2
_08383_,6.2
_09018_,6.2
_09892_,6.2
_11662_,6.2
u_sram.mem\[54\]\[22\],6.2
u_sram.mem\[55\]\[14\],6.2
u_sram.mem\[7\]\[19\],6.2
net1824,6.2
net1882,6.2
net2586,6.2
net2982,6.2
_00100_,6.19
_06651_,6.19
_01060_,6.185
_01222_,6.185
_02546_,6.185
_03190_,6.185
_03488_,6.185
_04189_,6.185
net2149,6.185
_01078_,6.18
_01638_,6.18
_03101_,6.18
_03491_,6.18
_04316_,6.18
_04650_,6.18
_04779_,6.18
_05376_,6.18
_05407_,6.18
_05926_,6.18
_06016_,6.18
_06526_,6.18
_06939_,6.18
_06959_,6.18
_07574_,6.18
_08243_,6.18
_08312_,6.18
_08445_,6.18
_08563_,6.18
_09091_,6.18
_09126_,6.18
_09743_,6.18
_10026_,6.18
_10449_,6.18
_10532_,6.18
_10699_,6.18
_10852_,6.18
_11237_,6.18
_11240_,6.18
_11606_,6.18
_14194_,6.18
_14263_,6.18
_14277_,6.18
_14491_,6.18
_14563_,6.18
u_sram.mem\[12\]\[18\],6.18
u_sram.mem\[16\]\[15\],6.18
u_sram.mem\[21\]\[5\],6.18
u_sram.mem\[38\]\[3\],6.18
u_sram.mem\[49\]\[26\],6.18
u_sram.mem\[50\]\[7\],6.18
u_sram.mem\[58\]\[25\],6.18
net309,6.18
net394,6.18
net621,6.18
net805,6.18
net990,6.18
net1977,6.18
net2071,6.18
net2214,6.18
net2486,6.18
net2537,6.18
net2984,6.18
net3056,6.18
net3259,6.18
net3532,6.18
net4317,6.18
net4542,6.18
net4915,6.18
net4935,6.18
net4937,6.18
net4627,6.17
_00593_,6.165
_00630_,6.165
_01140_,6.165
_01269_,6.165
_01685_,6.165
_01694_,6.165
_01696_,6.165
_02010_,6.165
_02122_,6.165
_02218_,6.165
_02242_,6.165
_02352_,6.165
_02406_,6.165
_02523_,6.165
_02613_,6.165
_02913_,6.165
_03499_,6.165
_03644_,6.165
_03788_,6.165
_01184_,6.16
_04448_,6.16
_04948_,6.16
_06559_,6.16
_08792_,6.16
_10195_,6.16
_11903_,6.16
_13106_,6.16
u_sram.mem\[30\]\[28\],6.16
u_sram.mem\[34\]\[3\],6.16
u_sram.mem\[45\]\[24\],6.16
_03275_,6.14
_06747_,6.14
_07036_,6.14
_07998_,6.14
_08133_,6.14
_08134_,6.14
_08441_,6.14
_08444_,6.14
_08595_,6.14
_08613_,6.14
_09135_,6.14
_09386_,6.14
_09482_,6.14
_09490_,6.14
_10142_,6.14
_10486_,6.14
_11148_,6.14
_11956_,6.14
_11980_,6.14
_12230_,6.14
_14056_,6.14
_14367_,6.14
u_sram.mem\[38\]\[0\],6.14
u_sram.mem\[41\]\[31\],6.14
u_sram.mem\[43\]\[30\],6.14
u_sram.mem\[63\]\[3\],6.14
net2888,6.14
net4286,6.14
_13504_,6.12
_00244_,6.11
_01933_,6.105
_02555_,6.105
_02571_,6.105
_02711_,6.105
_02807_,6.105
net351,6.105
net1555,6.105
net2520,6.105
net2937,6.105
net4174,6.105
net4577,6.105
_01643_,6.1
_01677_,6.1
_01681_,6.1
_02465_,6.1
_03259_,6.1
_00882_,6.08
_02115_,6.08
_02177_,6.08
_02678_,6.08
_02846_,6.08
_02919_,6.08
_03367_,6.08
_04330_,6.08
_04488_,6.08
_04512_,6.08
_05217_,6.08
_07395_,6.08
_07929_,6.08
_08381_,6.08
_09502_,6.08
_09997_,6.08
_10052_,6.08
_10324_,6.08
_10381_,6.08
_11332_,6.08
_12126_,6.08
_13890_,6.08
_13950_,6.08
u_interconnect.m_axi_bready,6.08
u_sram.mem\[14\]\[5\],6.08
u_sram.mem\[24\]\[25\],6.08
u_sram.mem\[26\]\[1\],6.08
u_sram.mem\[30\]\[1\],6.08
u_sram.mem\[30\]\[24\],6.08
u_sram.mem\[33\]\[3\],6.08
u_sram.mem\[33\]\[6\],6.08
u_sram.mem\[33\]\[9\],6.08
u_sram.mem\[46\]\[26\],6.08
u_sram.mem\[49\]\[15\],6.08
u_sram.mem\[49\]\[19\],6.08
u_sram.mem\[49\]\[23\],6.08
u_sram.mem\[50\]\[24\],6.08
u_sram.mem\[51\]\[30\],6.08
u_sram.mem\[56\]\[22\],6.08
u_sram.mem\[62\]\[24\],6.08
u_sram.mem\[63\]\[26\],6.08
net57,6.08
net142,6.08
net457,6.08
net514,6.08
net562,6.08
net754,6.08
net947,6.08
net1127,6.08
net1169,6.08
net1540,6.08
net1551,6.08
net2110,6.08
net2273,6.08
net2389,6.08
net2540,6.08
net2545,6.08
net2624,6.08
net2678,6.08
net2810,6.08
net2892,6.08
net2938,6.08
net2983,6.08
net3018,6.08
net3029,6.08
net3054,6.08
net3132,6.08
net3196,6.08
net3244,6.08
net3279,6.08
net3308,6.08
net3364,6.08
net3596,6.08
net3931,6.08
net3939,6.08
net4541,6.08
net4861,6.08
net4973,6.08
net5035,6.08
_01366_,6.065
_01389_,6.065
_01674_,6.065
_02552_,6.065
_02691_,6.065
_03605_,6.065
_04165_,6.065
_04191_,6.065
_00772_,6.06
_05753_,6.06
_06213_,6.06
_06437_,6.06
_07065_,6.06
_08089_,6.06
_08210_,6.06
_08398_,6.06
_09090_,6.06
_10210_,6.06
_10591_,6.06
_10873_,6.06
_11612_,6.06
_11842_,6.06
_12970_,6.06
_14045_,6.06
u_sram.mem\[25\]\[19\],6.06
u_sram.mem\[25\]\[23\],6.06
u_sram.mem\[41\]\[30\],6.06
u_sram.mem\[8\]\[4\],6.06
u_sram.w_strb_r\[2\],6.06
u_uart.u_tx.shift_reg\[2\],6.06
u_uart.u_tx.shift_reg\[5\],6.06
net330,6.06
net507,6.06
net981,6.06
net1374,6.06
net2698,6.06
net3076,6.06
net3491,6.06
net4157,6.06
_01655_,6.04
_02055_,6.04
_02097_,6.04
_02633_,6.04
_02703_,6.04
_04220_,6.04
_05193_,6.04
_05348_,6.04
_05930_,6.04
_06272_,6.04
_06859_,6.04
_07816_,6.04
_08085_,6.04
_08910_,6.04
_09310_,6.04
_09685_,6.04
_09722_,6.04
_10823_,6.04
_11096_,6.04
_11124_,6.04
_11155_,6.04
_11931_,6.04
_12206_,6.04
_12249_,6.04
_13616_,6.04
_13813_,6.04
_14307_,6.04
u_sram.mem\[14\]\[15\],6.04
u_sram.mem\[26\]\[26\],6.04
u_sram.mem\[30\]\[10\],6.04
u_sram.mem\[41\]\[27\],6.04
net818,6.04
net861,6.04
net1721,6.04
net2711,6.04
net2749,6.04
net2815,6.04
net3356,6.04
net3374,6.04
net3808,6.04
_01407_,6.025
_01409_,6.025
_01472_,6.025
_00187_,6.02
_09239_,6.02
_11478_,6.02
u_sram.mem\[30\]\[3\],6.02
u_sram.mem\[50\]\[10\],6.02
u_sram.mem\[50\]\[12\],6.02
net3328,6.02
net4951,6.02
_02040_,6.015
_01065_,6.005
_01115_,6.005
_01202_,6.005
_01226_,6.005
_01452_,6.005
_01497_,6.005
_02573_,6.005
_02631_,6.005
_03241_,6.005
_03529_,6.005
_03727_,6.005
net1322,6.005
net1419,6.005
net1941,6.005
net2249,6.005
net3138,6.005
net4108,6.005
net4322,6.005
_02603_,5.995
net4817,5.995
_00093_,5.99
_00157_,5.99
_00292_,5.99
_01855_,5.985
_01964_,5.985
_02575_,5.985
_03661_,5.985
_04668_,5.98
_06789_,5.98
_07758_,5.98
_09903_,5.98
_10187_,5.98
_10990_,5.98
_11270_,5.98
_11322_,5.98
_11923_,5.98
_12065_,5.98
_12245_,5.98
_13287_,5.98
_14470_,5.98
net60,5.98
net220,5.98
net341,5.98
net392,5.98
net493,5.98
net559,5.98
net567,5.98
net619,5.98
net623,5.98
net745,5.98
net926,5.98
net942,5.98
net1058,5.98
net1065,5.98
net1401,5.98
net1846,5.98
net1865,5.98
net2166,5.98
net2334,5.98
net2377,5.98
net2471,5.98
net2584,5.98
net2606,5.98
net2669,5.98
net2839,5.98
net2891,5.98
net2908,5.98
net2951,5.98
net3119,5.98
net3126,5.98
net3320,5.98
net3417,5.98
net3526,5.98
net3885,5.98
net4300,5.98
net4374,5.98
net4575,5.98
net4587,5.98
net4723,5.98
net4852,5.98
net4945,5.98
_01450_,5.965
_02061_,5.965
_02450_,5.965
_02551_,5.965
_02614_,5.965
_03502_,5.965
_03706_,5.965
_03739_,5.965
_03980_,5.965
_04251_,5.965
net1264,5.965
net1984,5.965
net4360,5.965
_00759_,5.96
_01811_,5.96
_02772_,5.96
_02876_,5.96
_06468_,5.96
_06498_,5.96
_08813_,5.96
_10112_,5.96
_11308_,5.96
_11487_,5.96
u_sram.mem\[54\]\[30\],5.96
net1239,5.96
net1528,5.96
net2513,5.96
net2641,5.96
net3487,5.96
net3678,5.96
net4257,5.96
_00222_,5.95
_02048_,5.945
_03780_,5.945
_05035_,5.94
_06698_,5.94
_06854_,5.94
_06865_,5.94
_07094_,5.94
_07190_,5.94
_08426_,5.94
_09319_,5.94
_09567_,5.94
_09813_,5.94
_10400_,5.94
_11538_,5.94
_11702_,5.94
u_sram.mem\[25\]\[22\],5.94
u_sram.mem\[37\]\[12\],5.94
u_sram.mem\[37\]\[13\],5.94
u_sram.mem\[3\]\[26\],5.94
net214,5.94
net3953,5.94
net4920,5.94
_02745_,5.935
net769,5.935
_02426_,5.92
_04020_,5.92
_06872_,5.92
_11474_,5.92
_13373_,5.92
u_sram.mem\[19\]\[17\],5.92
u_sram.mem\[39\]\[29\],5.92
u_sram.mem\[44\]\[3\],5.92
u_sram.mem\[59\]\[19\],5.92
net4740,5.92
_01876_,5.915
_00105_,5.91
_00227_,5.91
_00242_,5.91
_00258_,5.91
_00262_,5.91
_00267_,5.91
_00395_,5.91
_00407_,5.91
_00440_,5.905
_00451_,5.905
_01352_,5.905
_01456_,5.905
_02219_,5.905
_04745_,5.9
_05526_,5.9
_06852_,5.9
u_sram.mem\[11\]\[11\],5.9
_00925_,5.895
_02295_,5.895
_02306_,5.895
_02841_,5.895
_03987_,5.895
_00053_,5.89
_09122_,5.89
_00540_,5.885
_02687_,5.885
_03531_,5.885
_04231_,5.885
net4393,5.885
_01168_,5.87
_00878_,5.865
_02412_,5.865
_02583_,5.865
_02590_,5.865
net4585,5.865
_00854_,5.86
_01830_,5.86
_02995_,5.86
_03836_,5.86
_03933_,5.86
_04669_,5.86
_04729_,5.86
_07549_,5.86
_07945_,5.86
_08701_,5.86
_09524_,5.86
_09537_,5.86
_09678_,5.86
_10409_,5.86
_10620_,5.86
_10753_,5.86
_11242_,5.86
_11376_,5.86
_11393_,5.86
_12093_,5.86
_12499_,5.86
u_sram.mem\[0\]\[20\],5.86
net408,5.86
net820,5.86
net3748,5.86
net4964,5.86
net5021,5.86
net5033,5.86
_00113_,5.85
_00333_,5.85
_06524_,5.85
_02233_,5.845
_02887_,5.845
net2423,5.845
_00416_,5.84
_00777_,5.84
_00793_,5.84
_00832_,5.84
_00924_,5.84
_00975_,5.84
_01723_,5.84
_01895_,5.84
_02167_,5.84
_02984_,5.84
_03127_,5.84
_04009_,5.84
_04135_,5.84
_04147_,5.84
_04156_,5.84
_04219_,5.84
_04226_,5.84
_04487_,5.84
_04540_,5.84
_04556_,5.84
_04603_,5.84
_04619_,5.84
_04841_,5.84
_05015_,5.84
_05853_,5.84
_06375_,5.84
_06585_,5.84
_06791_,5.84
_07579_,5.84
_07847_,5.84
_07884_,5.84
_07920_,5.84
_08080_,5.84
_08305_,5.84
_08509_,5.84
_08543_,5.84
_09854_,5.84
_09899_,5.84
_09959_,5.84
_10042_,5.84
_10238_,5.84
_10311_,5.84
_10445_,5.84
_10634_,5.84
_10829_,5.84
_11147_,5.84
_11277_,5.84
_11330_,5.84
_11738_,5.84
_12258_,5.84
_13347_,5.84
_13832_,5.84
_13896_,5.84
_13982_,5.84
_13997_,5.84
_14209_,5.84
_14400_,5.84
_14445_,5.84
u_cpu.count_instr\[6\],5.84
u_interconnect.m_axi_araddr\[10\],5.84
u_interconnect.m_axi_araddr\[13\],5.84
u_interconnect.m_axi_awaddr\[25\],5.84
u_interconnect.m_axi_awaddr\[2\],5.84
u_interconnect.m_axi_awaddr\[30\],5.84
u_interconnect.s1_axi_rdata\[7\],5.84
u_sram.mem\[18\]\[3\],5.84
u_sram.mem\[21\]\[2\],5.84
u_sram.mem\[23\]\[7\],5.84
u_sram.mem\[23\]\[9\],5.84
u_sram.mem\[45\]\[28\],5.84
u_sram.mem\[47\]\[0\],5.84
u_sram.mem\[48\]\[2\],5.84
u_sram.mem\[49\]\[22\],5.84
u_sram.mem\[4\]\[10\],5.84
u_sram.mem\[50\]\[2\],5.84
u_sram.mem\[50\]\[31\],5.84
u_sram.mem\[53\]\[0\],5.84
u_sram.mem\[9\]\[25\],5.84
u_uart.u_tx.bit_cnt\[1\],5.84
net609,5.84
net815,5.84
net896,5.84
net1759,5.84
net1859,5.84
net2369,5.84
net2453,5.84
net2652,5.84
net2847,5.84
net2925,5.84
net3273,5.84
net3289,5.84
net3644,5.84
net4086,5.84
net4502,5.84
net4642,5.84
net4830,5.84
net4924,5.84
net4926,5.84
net4932,5.84
net4947,5.84
net5070,5.84
net5090,5.84
_02096_,5.825
_01157_,5.82
_01725_,5.82
_04041_,5.82
_05031_,5.82
_06828_,5.82
_08318_,5.82
_08807_,5.82
u_sram.mem\[25\]\[2\],5.82
u_sram.mem\[28\]\[22\],5.82
u_sram.mem\[2\]\[29\],5.82
u_sram.mem\[39\]\[30\],5.82
_01958_,5.815
_00627_,5.805
_01442_,5.805
_01698_,5.805
_02455_,5.805
_03777_,5.805
_00750_,5.8
_00996_,5.8
_01765_,5.8
_02086_,5.8
_02215_,5.8
_03927_,5.8
_03928_,5.8
_04094_,5.8
_04575_,5.8
_05109_,5.8
_05242_,5.8
_06676_,5.8
_07294_,5.8
_07389_,5.8
_08099_,5.8
_08380_,5.8
_08384_,5.8
_08814_,5.8
_09526_,5.8
_09674_,5.8
_09944_,5.8
_10028_,5.8
_10713_,5.8
_13632_,5.8
_14088_,5.8
_14146_,5.8
_14521_,5.8
_14569_,5.8
u_cpu.count_cycle\[6\],5.8
u_cpu.reg_out\[13\],5.8
u_interconnect.m_axi_araddr\[11\],5.8
u_sram.mem\[0\]\[13\],5.8
u_sram.mem\[0\]\[18\],5.8
u_sram.mem\[10\]\[14\],5.8
u_sram.mem\[13\]\[26\],5.8
u_sram.mem\[14\]\[30\],5.8
u_sram.mem\[20\]\[1\],5.8
u_sram.mem\[20\]\[31\],5.8
u_sram.mem\[22\]\[22\],5.8
u_sram.mem\[23\]\[4\],5.8
u_sram.mem\[25\]\[3\],5.8
u_sram.mem\[29\]\[17\],5.8
u_sram.mem\[29\]\[18\],5.8
u_sram.mem\[31\]\[5\],5.8
u_sram.mem\[35\]\[28\],5.8
u_sram.mem\[44\]\[17\],5.8
u_sram.mem\[53\]\[8\],5.8
u_sram.mem\[59\]\[28\],5.8
u_uart.rx_buf_data\[2\],5.8
u_uart.u_rx.shift_reg\[1\],5.8
net337,5.8
net385,5.8
net952,5.8
net2568,5.8
net3449,5.8
_01351_,5.785
_02652_,5.785
_03972_,5.785
_02516_,5.78
u_sram.mem\[27\]\[27\],5.78
u_uart.u_tx.clk_cnt\[4\],5.78
_01259_,5.775
_00465_,5.765
_00948_,5.765
_00951_,5.765
_01080_,5.765
_01082_,5.765
_01087_,5.765
_01349_,5.765
_01508_,5.765
_02054_,5.765
_02173_,5.765
_02338_,5.765
_02399_,5.765
_02457_,5.765
_02503_,5.765
_02719_,5.765
_02726_,5.765
_02746_,5.765
_02747_,5.765
_02750_,5.765
_02764_,5.765
_02784_,5.765
_02884_,5.765
_02894_,5.765
_02895_,5.765
_03178_,5.765
_03424_,5.765
_03430_,5.765
_03515_,5.765
_03548_,5.765
_03560_,5.765
_03591_,5.765
_03764_,5.765
_03957_,5.765
net175,5.765
net314,5.765
net743,5.765
net841,5.765
net1471,5.765
net1741,5.765
net1819,5.765
net1924,5.765
net2808,5.765
net3143,5.765
net3993,5.765
net4015,5.765
net4073,5.765
net4536,5.765
_03550_,5.76
_09088_,5.76
_01230_,5.74
_02521_,5.74
_03396_,5.74
_04270_,5.74
_05211_,5.74
_05852_,5.74
_06089_,5.74
_06627_,5.74
_07517_,5.74
_07952_,5.74
_08149_,5.74
_08860_,5.74
_09872_,5.74
_10261_,5.74
_12043_,5.74
_13477_,5.74
_13618_,5.74
_14318_,5.74
_14451_,5.74
_14573_,5.74
u_sram.mem\[1\]\[28\],5.74
u_sram.mem\[34\]\[29\],5.74
u_sram.mem\[3\]\[27\],5.74
u_sram.mem\[48\]\[22\],5.74
u_sram.mem\[48\]\[25\],5.74
u_sram.mem\[54\]\[24\],5.74
u_sram.mem\[58\]\[15\],5.74
u_sram.mem\[62\]\[30\],5.74
net251,5.74
net586,5.74
net2091,5.74
net2625,5.74
net2756,5.74
net2773,5.74
net2783,5.74
net3593,5.74
net4031,5.74
net5081,5.74
_06541_,5.73
_00916_,5.725
_01219_,5.725
_04240_,5.725
u_sram.mem\[2\]\[12\],5.725
_00823_,5.72
_01330_,5.72
_03756_,5.72
_04517_,5.72
_04782_,5.72
_04875_,5.72
_05147_,5.72
_05550_,5.72
_06404_,5.72
_06493_,5.72
_06750_,5.72
_06769_,5.72
_07801_,5.72
_07811_,5.72
_08114_,5.72
_08270_,5.72
_08394_,5.72
_08415_,5.72
_08502_,5.72
_09539_,5.72
_09634_,5.72
_09911_,5.72
_10005_,5.72
_10065_,5.72
_10673_,5.72
_10926_,5.72
_11116_,5.72
_11226_,5.72
_11577_,5.72
_11813_,5.72
_12085_,5.72
_12248_,5.72
_13554_,5.72
_14375_,5.72
u_interconnect.m_axi_awaddr\[18\],5.72
net25,5.72
net543,5.72
net1253,5.72
net1701,5.72
net2990,5.72
net4470,5.72
net4602,5.72
net4953,5.72
_09132_,5.715
_10965_,5.71
_01592_,5.705
_01689_,5.705
_01957_,5.705
_02317_,5.705
_02608_,5.705
_02911_,5.705
_01092_,5.7
_01471_,5.7
_02081_,5.7
_02210_,5.7
_02854_,5.7
_03188_,5.7
_03798_,5.7
_03845_,5.7
_04207_,5.7
_06681_,5.7
_09485_,5.7
_10347_,5.7
u_sram.mem\[16\]\[0\],5.7
u_sram.mem\[20\]\[20\],5.7
u_sram.mem\[30\]\[27\],5.7
u_sram.mem\[30\]\[29\],5.7
u_sram.mem\[33\]\[11\],5.7
u_sram.mem\[34\]\[12\],5.7
u_sram.mem\[44\]\[1\],5.7
u_sram.mem\[48\]\[9\],5.7
net3518,5.685
net3604,5.685
_00272_,5.68
_00346_,5.68
_04464_,5.68
_05976_,5.68
_06785_,5.68
_08131_,5.68
_09187_,5.68
_09449_,5.68
_09828_,5.68
_10029_,5.68
_10061_,5.68
_10093_,5.68
_10727_,5.68
_10902_,5.68
_12725_,5.68
_14410_,5.68
u_cpu.reg_out\[10\],5.68
u_interconnect.s1_axi_rvalid,5.68
u_sram.mem\[37\]\[29\],5.68
u_sram.mem\[55\]\[6\],5.68
u_sram.mem\[6\]\[15\],5.68
net1643,5.68
_02326_,5.675
_03297_,5.66
_05358_,5.66
_00050_,5.65
_00110_,5.65
_00154_,5.65
_00170_,5.65
_00226_,5.65
_00561_,5.645
_00689_,5.645
_00935_,5.645
_01568_,5.645
_01656_,5.645
_02285_,5.645
_02411_,5.645
_02558_,5.645
_02637_,5.645
_02897_,5.645
_03266_,5.645
_03570_,5.645
net589,5.645
_06521_,5.64
_06228_,5.63
_02355_,5.625
_01684_,5.62
_02093_,5.62
_04467_,5.62
_04800_,5.62
_05881_,5.62
_06755_,5.62
_09614_,5.62
_09917_,5.62
_11561_,5.62
_11708_,5.62
_11749_,5.62
_11823_,5.62
_12087_,5.62
_13489_,5.62
net52,5.62
net83,5.62
net221,5.62
net261,5.62
net551,5.62
net558,5.62
net637,5.62
net773,5.62
net912,5.62
net1141,5.62
net1209,5.62
net1247,5.62
net1460,5.62
net1531,5.62
net1605,5.62
net2137,5.62
net2301,5.62
net2411,5.62
net2431,5.62
net2487,5.62
net2771,5.62
net2776,5.62
net2800,5.62
net2917,5.62
net3059,5.62
net3081,5.62
net3136,5.62
net3182,5.62
net3243,5.62
net3371,5.62
net3436,5.62
net3455,5.62
net3599,5.62
net3770,5.62
_00132_,5.61
_00140_,5.61
_00284_,5.61
_00364_,5.61
_00620_,5.605
_00718_,5.605
_00940_,5.605
_02045_,5.605
_03955_,5.605
_10102_,5.605
_00212_,5.6
_00239_,5.6
_00392_,5.6
_03855_,5.6
_04552_,5.6
_05451_,5.6
_05715_,5.6
_06040_,5.6
_06408_,5.6
_06856_,5.6
_07530_,5.6
_08806_,5.6
_09156_,5.6
_09501_,5.6
_09516_,5.6
_09545_,5.6
_09901_,5.6
_09932_,5.6
_10776_,5.6
_10847_,5.6
_11499_,5.6
_11530_,5.6
_13687_,5.6
_14071_,5.6
u_sram.mem\[38\]\[26\],5.6
net310,5.6
net1354,5.6
net2287,5.6
net2921,5.6
net3623,5.6
net4310,5.6
net4327,5.6
net5112,5.6
_01363_,5.58
_01463_,5.58
_01702_,5.58
_03239_,5.58
_05509_,5.58
_05846_,5.58
_06309_,5.58
_06476_,5.58
_07795_,5.58
_09508_,5.58
_09861_,5.58
_10429_,5.58
_10437_,5.58
_10525_,5.58
_10949_,5.58
_11042_,5.58
_11089_,5.58
_11372_,5.58
_11432_,5.58
_11644_,5.58
u_sram.mem\[26\]\[28\],5.58
u_sram.mem\[42\]\[27\],5.58
u_sram.mem\[4\]\[15\],5.58
u_sram.mem\[51\]\[28\],5.58
net89,5.58
net168,5.58
net497,5.58
net566,5.58
net600,5.58
net936,5.58
net1049,5.58
net1268,5.58
net2019,5.58
net2049,5.58
net2621,5.58
net2860,5.58
net2916,5.58
net2953,5.58
net2992,5.58
net3088,5.58
net3194,5.58
net3397,5.58
net3721,5.58
net3825,5.58
net4012,5.58
_00498_,5.575
_03433_,5.575
_00076_,5.56
_00172_,5.56
_00192_,5.56
_00246_,5.56
_00288_,5.56
_08571_,5.56
u_sram.mem\[30\]\[2\],5.56
u_sram.mem\[35\]\[16\],5.56
u_sram.mem\[54\]\[31\],5.56
u_sram.mem\[6\]\[18\],5.56
u_sram.mem\[6\]\[24\],5.56
_01145_,5.555
_01371_,5.555
_02101_,5.555
_03231_,5.555
_03547_,5.555
_05758_,5.55
_00590_,5.545
_00706_,5.545
_01079_,5.545
_01234_,5.545
_01268_,5.545
_02126_,5.545
_03787_,5.545
_04246_,5.545
net391,5.545
net717,5.545
net1121,5.545
net1609,5.545
net2235,5.545
net2955,5.545
net3092,5.545
net3167,5.545
net3648,5.545
net3712,5.545
net3980,5.545
net4123,5.545
net4126,5.545
net4413,5.545
net2399,5.54
_00088_,5.53
_00177_,5.53
_00313_,5.53
_00358_,5.53
_00401_,5.53
_01640_,5.525
_03964_,5.525
_01457_,5.52
_05952_,5.52
_08319_,5.52
_08943_,5.52
_09658_,5.52
_10561_,5.52
_10709_,5.52
_13769_,5.52
net20,5.52
net42,5.52
net64,5.52
net98,5.52
net176,5.52
net227,5.52
net259,5.52
net528,5.52
net535,5.52
net545,5.52
net626,5.52
net749,5.52
net825,5.52
net848,5.52
net918,5.52
net977,5.52
net1001,5.52
net1038,5.52
net1114,5.52
net1165,5.52
net1199,5.52
net1205,5.52
net1297,5.52
net1356,5.52
net1431,5.52
net1434,5.52
net1436,5.52
net1439,5.52
net1742,5.52
net1769,5.52
net1781,5.52
net1782,5.52
net1919,5.52
net1954,5.52
net1962,5.52
net1966,5.52
net1988,5.52
net1995,5.52
net2001,5.52
net2007,5.52
net2060,5.52
net2065,5.52
net2068,5.52
net2089,5.52
net2114,5.52
net2131,5.52
net2160,5.52
net2205,5.52
net2207,5.52
net2298,5.52
net2320,5.52
net2330,5.52
net2338,5.52
net2362,5.52
net2378,5.52
net2393,5.52
net2465,5.52
net2473,5.52
net2478,5.52
net2490,5.52
net2505,5.52
net2554,5.52
net2585,5.52
net2626,5.52
net2649,5.52
net2677,5.52
net2687,5.52
net2700,5.52
net2721,5.52
net2742,5.52
net2760,5.52
net2770,5.52
net2785,5.52
net2789,5.52
net2867,5.52
net2945,5.52
net2964,5.52
net3000,5.52
net3008,5.52
net3023,5.52
net3033,5.52
net3094,5.52
net3112,5.52
net3131,5.52
net3150,5.52
net3158,5.52
net3162,5.52
net3229,5.52
net3235,5.52
net3258,5.52
net3270,5.52
net3277,5.52
net3278,5.52
net3287,5.52
net3294,5.52
net3340,5.52
net3395,5.52
net3419,5.52
net3460,5.52
net3539,5.52
net3597,5.52
net3619,5.52
net3640,5.52
net3661,5.52
net3665,5.52
net3682,5.52
net3690,5.52
net3714,5.52
net3811,5.52
net3887,5.52
net3906,5.52
net3909,5.52
net3998,5.52
net4505,5.52
net4597,5.52
net4612,5.52
net4614,5.52
net4636,5.52
net4729,5.52
net4807,5.52
net4847,5.52
net4975,5.52
net4993,5.52
_00490_,5.505
_00705_,5.505
_00707_,5.505
_01271_,5.505
_01453_,5.505
_02340_,5.505
_02549_,5.505
_02914_,5.505
_03025_,5.505
_03309_,5.505
_03372_,5.505
_03387_,5.505
_03810_,5.505
u_sram.mem\[1\]\[14\],5.505
net1952,5.505
_00743_,5.5
_02504_,5.5
_02562_,5.5
_03449_,5.5
_04037_,5.5
_04154_,5.5
_07980_,5.5
_09992_,5.5
_10513_,5.5
_11191_,5.5
_11222_,5.5
_11397_,5.5
_11645_,5.5
net923,5.5
net1317,5.5
net1638,5.5
net3997,5.5
net4036,5.5
net4927,5.5
_00149_,5.49
_00322_,5.49
_00360_,5.49
net2353,5.485
_00801_,5.48
_02954_,5.48
_06343_,5.48
_06354_,5.48
_08504_,5.48
_09195_,5.48
_11114_,5.48
_11259_,5.48
_11706_,5.48
_13143_,5.48
_14514_,5.48
u_sram.mem\[28\]\[6\],5.48
u_sram.mem\[34\]\[15\],5.48
u_sram.mem\[36\]\[12\],5.48
u_sram.mem\[3\]\[31\],5.48
u_sram.mem\[43\]\[20\],5.48
u_sram.mem\[55\]\[21\],5.48
u_sram.mem\[61\]\[15\],5.48
u_sram.mem\[61\]\[27\],5.48
u_sram.mem\[6\]\[13\],5.48
u_sram.mem\[6\]\[9\],5.48
u_uart.u_tx.clk_cnt\[0\],5.48
net2654,5.48
_00565_,5.475
_02639_,5.475
_00158_,5.46
_11370_,5.46
u_sram.mem\[12\]\[23\],5.46
u_sram.mem\[14\]\[24\],5.46
u_sram.mem\[16\]\[17\],5.46
u_sram.mem\[16\]\[18\],5.46
u_sram.mem\[32\]\[11\],5.46
u_sram.mem\[34\]\[20\],5.46
u_sram.mem\[3\]\[23\],5.46
u_sram.mem\[51\]\[27\],5.46
_00607_,5.455
net4610,5.45
_00424_,5.445
_00525_,5.445
_01277_,5.445
_01354_,5.445
_01520_,5.445
_03255_,5.445
_09961_,5.44
_13250_,5.44
_00557_,5.435
_02041_,5.435
_02249_,5.435
_02479_,5.435
_02758_,5.435
_03959_,5.435
_03961_,5.435
net868,5.435
_00206_,5.43
_00270_,5.43
_00398_,5.43
_00693_,5.425
_01533_,5.425
_02359_,5.425
_02720_,5.425
_03300_,5.425
net230,5.425
net430,5.425
net753,5.425
net2310,5.425
net2364,5.425
_01504_,5.42
_02597_,5.405
_03429_,5.405
_00970_,5.4
_03866_,5.4
_04275_,5.4
_04688_,5.4
_05155_,5.4
_06300_,5.4
_06447_,5.4
_08101_,5.4
_08111_,5.4
_08376_,5.4
_08414_,5.4
_08425_,5.4
_10421_,5.4
_11079_,5.4
_11081_,5.4
_12911_,5.4
_13835_,5.4
cpu_mem_addr\[13\],5.4
u_sram.mem\[1\]\[31\],5.4
u_sram.mem\[52\]\[24\],5.4
net26,5.4
net106,5.4
net191,5.4
net320,5.4
net357,5.4
net379,5.4
net455,5.4
net489,5.4
net821,5.4
net895,5.4
net1016,5.4
net1252,5.4
net1489,5.4
net1659,5.4
net1830,5.4
net2003,5.4
net2078,5.4
net2193,5.4
net2404,5.4
net2605,5.4
net2762,5.4
net2821,5.4
net2943,5.4
net3095,5.4
net3097,5.4
net3153,5.4
net3206,5.4
net3446,5.4
net3459,5.4
net4180,5.4
net4405,5.4
net4483,5.4
net4994,5.4
net5156,5.4
_00071_,5.39
_00020_,5.38
_00733_,5.38
_00811_,5.38
_01003_,5.38
_01023_,5.38
_01333_,5.38
_01730_,5.38
_01918_,5.38
_03023_,5.38
_03136_,5.38
_03755_,5.38
_03846_,5.38
_04035_,5.38
_04211_,5.38
_04287_,5.38
_04322_,5.38
_04648_,5.38
_05091_,5.38
_05117_,5.38
_05120_,5.38
_05183_,5.38
_05194_,5.38
_05886_,5.38
_06240_,5.38
_06388_,5.38
_06821_,5.38
_07915_,5.38
_07956_,5.38
_08537_,5.38
_08581_,5.38
_08691_,5.38
_09377_,5.38
_09611_,5.38
_10054_,5.38
_10359_,5.38
_10469_,5.38
_10538_,5.38
_10565_,5.38
_10812_,5.38
_11129_,5.38
_11280_,5.38
_11626_,5.38
_11711_,5.38
_11866_,5.38
_11922_,5.38
_11971_,5.38
_12160_,5.38
_13171_,5.38
_14253_,5.38
cpu_mem_wdata\[28\],5.38
u_cpu.count_cycle\[27\],5.38
u_cpu.reg_next_pc\[11\],5.38
u_cpu.reg_next_pc\[17\],5.38
u_interconnect.s0_axi_rdata\[13\],5.38
u_sram.mem\[19\]\[3\],5.38
u_sram.mem\[20\]\[26\],5.38
u_sram.mem\[22\]\[31\],5.38
u_sram.mem\[26\]\[4\],5.38
u_sram.mem\[50\]\[26\],5.38
u_sram.mem\[50\]\[27\],5.38
u_sram.mem\[50\]\[6\],5.38
u_sram.mem\[51\]\[25\],5.38
u_sram.mem\[53\]\[25\],5.38
u_sram.mem\[58\]\[12\],5.38
u_sram.mem\[58\]\[18\],5.38
u_sram.mem\[63\]\[24\],5.38
u_uart.u_rx.shift_reg\[3\],5.38
net452,5.38
net466,5.38
net476,5.38
net568,5.38
net669,5.38
net954,5.38
net1063,5.38
net1109,5.38
net1479,5.38
net1749,5.38
net1800,5.38
net1831,5.38
net2034,5.38
net2679,5.38
net2779,5.38
net3118,5.38
net3281,5.38
net3401,5.38
net3868,5.38
net3898,5.38
net3899,5.38
net3928,5.38
net4938,5.38
net5086,5.38
_00851_,5.36
_02452_,5.36
_04157_,5.36
_04822_,5.36
_04954_,5.36
_06118_,5.36
_06942_,5.36
_08082_,5.36
_08417_,5.36
_08765_,5.36
_13824_,5.36
u_sram.mem\[37\]\[11\],5.36
u_sram.mem\[39\]\[1\],5.36
u_sram.mem\[41\]\[13\],5.36
u_sram.mem\[42\]\[20\],5.36
u_sram.mem\[8\]\[31\],5.36
net2380,5.36
net4009,5.36
_00463_,5.345
_01071_,5.345
_02905_,5.345
_04170_,5.345
_00792_,5.34
_00987_,5.34
_01040_,5.34
_01273_,5.34
_01541_,5.34
_01751_,5.34
_01760_,5.34
_01762_,5.34
_02979_,5.34
_02991_,5.34
_02994_,5.34
_03100_,5.34
_03757_,5.34
_04089_,5.34
_04102_,5.34
_04261_,5.34
_04355_,5.34
_04447_,5.34
_04989_,5.34
_04995_,5.34
_06102_,5.34
_06412_,5.34
_06509_,5.34
_06538_,5.34
_06593_,5.34
_06605_,5.34
_06903_,5.34
_07523_,5.34
_07630_,5.34
_07640_,5.34
_07984_,5.34
_08231_,5.34
_08253_,5.34
_08914_,5.34
_08919_,5.34
_09241_,5.34
_09487_,5.34
_09558_,5.34
_09705_,5.34
_09801_,5.34
_09933_,5.34
_10062_,5.34
_10227_,5.34
_10529_,5.34
_11010_,5.34
_11112_,5.34
_11504_,5.34
_12196_,5.34
_13827_,5.34
_14117_,5.34
_14351_,5.34
_14397_,5.34
cpu_mem_wdata\[4\],5.34
u_cpu.reg_next_pc\[7\],5.34
u_cpu.reg_out\[4\],5.34
u_interconnect.m_axi_araddr\[22\],5.34
u_interconnect.m_axi_araddr\[26\],5.34
u_sram.mem\[0\]\[22\],5.34
u_sram.mem\[20\]\[0\],5.34
u_sram.mem\[21\]\[17\],5.34
u_sram.mem\[21\]\[4\],5.34
u_sram.mem\[24\]\[8\],5.34
u_sram.mem\[27\]\[10\],5.34
u_sram.mem\[27\]\[5\],5.34
u_sram.mem\[27\]\[9\],5.34
u_sram.mem\[2\]\[0\],5.34
u_sram.mem\[37\]\[5\],5.34
u_sram.mem\[37\]\[8\],5.34
u_sram.mem\[42\]\[12\],5.34
u_sram.mem\[42\]\[1\],5.34
u_sram.mem\[52\]\[28\],5.34
u_sram.mem\[53\]\[18\],5.34
u_sram.mem\[53\]\[28\],5.34
u_sram.mem\[53\]\[6\],5.34
u_sram.mem\[53\]\[7\],5.34
u_sram.mem\[54\]\[5\],5.34
u_sram.mem\[57\]\[2\],5.34
u_sram.mem\[58\]\[28\],5.34
u_sram.mem\[58\]\[30\],5.34
u_sram.mem\[59\]\[18\],5.34
u_sram.mem\[59\]\[27\],5.34
u_sram.mem\[59\]\[30\],5.34
u_sram.mem\[59\]\[5\],5.34
u_sram.mem\[5\]\[14\],5.34
u_sram.mem\[5\]\[19\],5.34
u_sram.mem\[5\]\[23\],5.34
u_sram.mem\[5\]\[29\],5.34
u_sram.mem\[6\]\[27\],5.34
net346,5.34
net444,5.34
net1358,5.34
net1466,5.34
net1588,5.34
net1712,5.34
net1845,5.34
net3242,5.34
net3295,5.34
net3347,5.34
net3416,5.34
net3738,5.34
net3819,5.34
_01870_,5.335
_03772_,5.335
_00078_,5.33
_00124_,5.33
_00337_,5.33
_00370_,5.33
_00412_,5.33
_00937_,5.325
_03455_,5.325
_01201_,5.315
_01228_,5.315
_00515_,5.305
_00640_,5.305
_00846_,5.305
_01011_,5.305
_01083_,5.305
_01589_,5.305
_01627_,5.305
_01630_,5.305
_01848_,5.305
_01879_,5.305
_01979_,5.305
_02058_,5.305
_02113_,5.305
_02260_,5.305
_02356_,5.305
_02718_,5.305
_02796_,5.305
_02850_,5.305
_02969_,5.305
_03186_,5.305
_03224_,5.305
_03229_,5.305
_03233_,5.305
_03306_,5.305
_03422_,5.305
_03546_,5.305
_03577_,5.305
_03682_,5.305
_03696_,5.305
_03778_,5.305
_03802_,5.305
_03969_,5.305
_04051_,5.305
_04233_,5.305
net129,5.305
net710,5.305
net1056,5.305
net1300,5.305
net1646,5.305
net2322,5.305
net2457,5.305
net4533,5.305
_00320_,5.29
_00960_,5.28
_04352_,5.28
_04883_,5.28
_05764_,5.28
_06313_,5.28
_06379_,5.28
_07646_,5.28
_08160_,5.28
_08809_,5.28
_09223_,5.28
_09261_,5.28
_14326_,5.28
_14567_,5.28
u_sram.mem\[42\]\[9\],5.28
u_sram.mem\[59\]\[11\],5.28
_01247_,5.265
_01692_,5.265
_01907_,5.265
net3969,5.265
_00810_,5.26
_01326_,5.26
_03921_,5.26
_04132_,5.26
_05135_,5.26
_05139_,5.26
_05684_,5.26
_05921_,5.26
_06327_,5.26
_06335_,5.26
_06390_,5.26
_06465_,5.26
_06689_,5.26
_07397_,5.26
_07545_,5.26
_07974_,5.26
_08304_,5.26
_08674_,5.26
_09027_,5.26
_09150_,5.26
_09189_,5.26
_09278_,5.26
_09574_,5.26
_09656_,5.26
_10524_,5.26
_10759_,5.26
_10890_,5.26
_10914_,5.26
_11038_,5.26
_11095_,5.26
_11193_,5.26
_11491_,5.26
_11505_,5.26
_11876_,5.26
_13133_,5.26
_13154_,5.26
_13972_,5.26
_14559_,5.26
u_cpu.reg_out\[12\],5.26
u_interconnect.m_axi_awaddr\[10\],5.26
u_sram.mem\[0\]\[16\],5.26
u_sram.mem\[14\]\[16\],5.26
u_sram.mem\[35\]\[18\],5.26
u_sram.mem\[35\]\[30\],5.26
u_sram.mem\[38\]\[7\],5.26
u_sram.mem\[39\]\[3\],5.26
u_sram.mem\[42\]\[19\],5.26
u_sram.mem\[49\]\[7\],5.26
u_sram.mem\[50\]\[18\],5.26
net1731,5.26
net1746,5.26
net3727,5.26
net3911,5.26
net4365,5.26
net4934,5.26
net4983,5.26
net5042,5.26
net5052,5.26
net5155,5.26
_01195_,5.24
_02610_,5.24
_03791_,5.24
_06971_,5.24
_14390_,5.24
u_sram.mem\[17\]\[30\],5.24
u_sram.mem\[18\]\[12\],5.24
u_sram.mem\[20\]\[19\],5.24
u_sram.mem\[29\]\[25\],5.24
u_sram.mem\[3\]\[10\],5.24
u_sram.mem\[49\]\[14\],5.24
u_sram.mem\[8\]\[18\],5.24
_02018_,5.235
_02090_,5.235
u_cpu.reg_out\[31\],5.235
net3265,5.225
_02971_,5.22
_04400_,5.22
_05644_,5.22
_06222_,5.22
_07648_,5.22
_07838_,5.22
_08379_,5.22
_08460_,5.22
_08576_,5.22
_08618_,5.22
_09133_,5.22
_09478_,5.22
_09553_,5.22
_09633_,5.22
_09642_,5.22
_10778_,5.22
_10810_,5.22
_11622_,5.22
_13052_,5.22
_13700_,5.22
_14300_,5.22
_14389_,5.22
u_sram.mem\[37\]\[16\],5.22
net707,5.22
_02938_,5.205
_00334_,5.19
_00373_,5.19
_00400_,5.19
_00482_,5.185
_00633_,5.185
_01507_,5.185
_02025_,5.185
_02886_,5.185
_02930_,5.185
_03614_,5.185
_04059_,5.185
net4831,5.185
net4873,5.185
_04176_,5.165
_00902_,5.16
_01067_,5.16
_01111_,5.16
_01355_,5.16
_01370_,5.16
_01637_,5.16
_01853_,5.16
_02419_,5.16
_02688_,5.16
_02692_,5.16
_02814_,5.16
_02945_,5.16
_02988_,5.16
_03234_,5.16
_04372_,5.16
_06214_,5.16
_06602_,5.16
_07791_,5.16
_07881_,5.16
_08442_,5.16
_08722_,5.16
_09034_,5.16
_09071_,5.16
_09193_,5.16
_09486_,5.16
_09592_,5.16
_09976_,5.16
_11486_,5.16
_11650_,5.16
_11835_,5.16
_12167_,5.16
_13103_,5.16
_13123_,5.16
_13319_,5.16
_13519_,5.16
net44,5.16
net135,5.16
net198,5.16
net315,5.16
net747,5.16
net963,5.16
net974,5.16
net1044,5.16
net1296,5.16
net1410,5.16
net1459,5.16
net1506,5.16
net1587,5.16
net1764,5.16
net2033,5.16
net2132,5.16
net2409,5.16
net2546,5.16
net2556,5.16
net2561,5.16
net2814,5.16
net3071,5.16
net3123,5.16
net3410,5.16
net3767,5.16
net3829,5.16
net3940,5.16
_00390_,5.15
u_uart.u_rx.state\[0\],5.15
_00178_,5.14
_01904_,5.14
_04252_,5.14
_06003_,5.14
_06039_,5.14
_06288_,5.14
_06858_,5.14
_08970_,5.14
_08985_,5.14
_09174_,5.14
_10549_,5.14
_13825_,5.14
_14051_,5.14
_14123_,5.14
u_sram.mem\[24\]\[16\],5.14
u_sram.mem\[41\]\[1\],5.14
net5066,5.14
_04919_,5.12
_05396_,5.12
_05689_,5.12
_07600_,5.12
_09805_,5.12
_09891_,5.12
_10541_,5.12
_11885_,5.12
_14234_,5.12
u_sram.mem\[30\]\[15\],5.12
u_sram.mem\[35\]\[29\],5.12
u_sram.mem\[3\]\[9\],5.12
net469,5.12
net572,5.12
net657,5.12
net1376,5.12
net2014,5.12
net2055,5.12
net2651,5.12
net3026,5.12
net3114,5.12
net3122,5.12
_00064_,5.1
_00173_,5.1
_09869_,5.1
_11791_,5.1
_12166_,5.1
net3058,5.1
_02292_,5.095
_02499_,5.095
_02605_,5.095
_02615_,5.095
_03790_,5.095
_06711_,5.095
_08714_,5.095
net2445,5.095
_00678_,5.085
_00690_,5.085
_00845_,5.085
_01127_,5.085
_01424_,5.085
_01513_,5.085
_01837_,5.085
_01890_,5.085
_02133_,5.085
_02160_,5.085
_02183_,5.085
_02271_,5.085
_02273_,5.085
_02304_,5.085
_02327_,5.085
_02400_,5.085
_02556_,5.085
_02607_,5.085
_02698_,5.085
_03017_,5.085
_03232_,5.085
_03377_,5.085
_03578_,5.085
_03627_,5.085
_04171_,5.085
_04182_,5.085
_04228_,5.085
net146,5.085
net200,5.085
net324,5.085
net353,5.085
net631,5.085
net783,5.085
net910,5.085
net1222,5.085
net1789,5.085
net3913,5.085
net4335,5.085
net4649,5.085
net4806,5.085
net4212,5.08
_00679_,5.065
_01021_,5.065
net1689,5.065
_04373_,5.06
_06275_,5.06
_07001_,5.06
_07601_,5.06
_08323_,5.06
_10418_,5.06
_11759_,5.06
_14089_,5.06
net46,5.06
net47,5.06
net77,5.06
net82,5.06
net87,5.06
net88,5.06
net96,5.06
net100,5.06
net102,5.06
net103,5.06
net107,5.06
net112,5.06
net126,5.06
net127,5.06
net128,5.06
net136,5.06
net144,5.06
net153,5.06
net163,5.06
net171,5.06
net172,5.06
net177,5.06
net182,5.06
net189,5.06
net194,5.06
net210,5.06
net217,5.06
net222,5.06
net226,5.06
net231,5.06
net239,5.06
net242,5.06
net254,5.06
net263,5.06
net271,5.06
net287,5.06
net289,5.06
net316,5.06
net322,5.06
net323,5.06
net325,5.06
net327,5.06
net336,5.06
net339,5.06
net348,5.06
net355,5.06
net359,5.06
net362,5.06
net370,5.06
net376,5.06
net378,5.06
net381,5.06
net388,5.06
net403,5.06
net407,5.06
net409,5.06
net410,5.06
net414,5.06
net416,5.06
net431,5.06
net438,5.06
net440,5.06
net441,5.06
net442,5.06
net446,5.06
net449,5.06
net451,5.06
net453,5.06
net454,5.06
net460,5.06
net468,5.06
net472,5.06
net480,5.06
net483,5.06
net490,5.06
net499,5.06
net500,5.06
net503,5.06
net516,5.06
net521,5.06
net523,5.06
net526,5.06
net531,5.06
net539,5.06
net547,5.06
net552,5.06
net554,5.06
net555,5.06
net565,5.06
net571,5.06
net577,5.06
net579,5.06
net581,5.06
net582,5.06
net587,5.06
net591,5.06
net601,5.06
net603,5.06
net606,5.06
net611,5.06
net612,5.06
net613,5.06
net615,5.06
net622,5.06
net625,5.06
net627,5.06
net628,5.06
net636,5.06
net642,5.06
net662,5.06
net663,5.06
net668,5.06
net673,5.06
net678,5.06
net681,5.06
net683,5.06
net687,5.06
net690,5.06
net691,5.06
net701,5.06
net706,5.06
net714,5.06
net720,5.06
net721,5.06
net725,5.06
net730,5.06
net738,5.06
net748,5.06
net752,5.06
net758,5.06
net759,5.06
net766,5.06
net778,5.06
net779,5.06
net788,5.06
net791,5.06
net793,5.06
net797,5.06
net800,5.06
net804,5.06
net810,5.06
net831,5.06
net835,5.06
net838,5.06
net842,5.06
net862,5.06
net872,5.06
net879,5.06
net887,5.06
net905,5.06
net915,5.06
net929,5.06
net932,5.06
net937,5.06
net938,5.06
net939,5.06
net953,5.06
net956,5.06
net960,5.06
net988,5.06
net993,5.06
net994,5.06
net1005,5.06
net1009,5.06
net1028,5.06
net1061,5.06
net1079,5.06
net1094,5.06
net1098,5.06
net1122,5.06
net1131,5.06
net1135,5.06
net1136,5.06
net1145,5.06
net1146,5.06
net1164,5.06
net1187,5.06
net1189,5.06
net1190,5.06
net1200,5.06
net1207,5.06
net1210,5.06
net1225,5.06
net1228,5.06
net1242,5.06
net1249,5.06
net1255,5.06
net1256,5.06
net1281,5.06
net1282,5.06
net1293,5.06
net1312,5.06
net1329,5.06
net1332,5.06
net1333,5.06
net1334,5.06
net1371,5.06
net1399,5.06
net1400,5.06
net1405,5.06
net1417,5.06
net1432,5.06
net1437,5.06
net1449,5.06
net1451,5.06
net1481,5.06
net1486,5.06
net1494,5.06
net1501,5.06
net1527,5.06
net1530,5.06
net1536,5.06
net1549,5.06
net1550,5.06
net1561,5.06
net1567,5.06
net1571,5.06
net1577,5.06
net1579,5.06
net1589,5.06
net1604,5.06
net1631,5.06
net1633,5.06
net1641,5.06
net1658,5.06
net1671,5.06
net1678,5.06
net1679,5.06
net1691,5.06
net1692,5.06
net1703,5.06
net1705,5.06
net1717,5.06
net1734,5.06
net1738,5.06
net1740,5.06
net1752,5.06
net1755,5.06
net1766,5.06
net1772,5.06
net1776,5.06
net1798,5.06
net1811,5.06
net1816,5.06
net1825,5.06
net1828,5.06
net1829,5.06
net1832,5.06
net1839,5.06
net1844,5.06
net1866,5.06
net1872,5.06
net1874,5.06
net1879,5.06
net1898,5.06
net1904,5.06
net1905,5.06
net1910,5.06
net1915,5.06
net1922,5.06
net1928,5.06
net1949,5.06
net1958,5.06
net1959,5.06
net1965,5.06
net1971,5.06
net1996,5.06
net2012,5.06
net2023,5.06
net2025,5.06
net2044,5.06
net2045,5.06
net2046,5.06
net2053,5.06
net2066,5.06
net2067,5.06
net2090,5.06
net2107,5.06
net2109,5.06
net2113,5.06
net2115,5.06
net2117,5.06
net2128,5.06
net2143,5.06
net2152,5.06
net2154,5.06
net2196,5.06
net2199,5.06
net2208,5.06
net2222,5.06
net2224,5.06
net2225,5.06
net2233,5.06
net2240,5.06
net2246,5.06
net2250,5.06
net2251,5.06
net2261,5.06
net2279,5.06
net2285,5.06
net2299,5.06
net2315,5.06
net2319,5.06
net2337,5.06
net2339,5.06
net2350,5.06
net2359,5.06
net2365,5.06
net2371,5.06
net2372,5.06
net2373,5.06
net2376,5.06
net2395,5.06
net2412,5.06
net2415,5.06
net2422,5.06
net2429,5.06
net2470,5.06
net2475,5.06
net2491,5.06
net2494,5.06
net2516,5.06
net2533,5.06
net2536,5.06
net2557,5.06
net2604,5.06
net2623,5.06
net2629,5.06
net2660,5.06
net2662,5.06
net2664,5.06
net2673,5.06
net2683,5.06
net2699,5.06
net2704,5.06
net2710,5.06
net2724,5.06
net2728,5.06
net2747,5.06
net2752,5.06
net2764,5.06
net2768,5.06
net2772,5.06
net2795,5.06
net2799,5.06
net2801,5.06
net2823,5.06
net2824,5.06
net2832,5.06
net2848,5.06
net2862,5.06
net2863,5.06
net2866,5.06
net2874,5.06
net2878,5.06
net2881,5.06
net2897,5.06
net2898,5.06
net2922,5.06
net2926,5.06
net2930,5.06
net2948,5.06
net2956,5.06
net2968,5.06
net2975,5.06
net2986,5.06
net2994,5.06
net3001,5.06
net3002,5.06
net3003,5.06
net3005,5.06
net3014,5.06
net3016,5.06
net3036,5.06
net3039,5.06
net3042,5.06
net3062,5.06
net3064,5.06
net3069,5.06
net3070,5.06
net3073,5.06
net3075,5.06
net3083,5.06
net3085,5.06
net3110,5.06
net3111,5.06
net3117,5.06
net3124,5.06
net3129,5.06
net3141,5.06
net3146,5.06
net3148,5.06
net3151,5.06
net3164,5.06
net3171,5.06
net3179,5.06
net3186,5.06
net3187,5.06
net3197,5.06
net3198,5.06
net3199,5.06
net3200,5.06
net3201,5.06
net3212,5.06
net3213,5.06
net3224,5.06
net3228,5.06
net3238,5.06
net3249,5.06
net3251,5.06
net3252,5.06
net3256,5.06
net3261,5.06
net3275,5.06
net3292,5.06
net3304,5.06
net3311,5.06
net3312,5.06
net3314,5.06
net3316,5.06
net3319,5.06
net3321,5.06
net3324,5.06
net3326,5.06
net3331,5.06
net3336,5.06
net3351,5.06
net3352,5.06
net3357,5.06
net3362,5.06
net3370,5.06
net3380,5.06
net3389,5.06
net3391,5.06
net3399,5.06
net3402,5.06
net3407,5.06
net3409,5.06
net3414,5.06
net3420,5.06
net3423,5.06
net3424,5.06
net3434,5.06
net3437,5.06
net3439,5.06
net3452,5.06
net3453,5.06
net3471,5.06
net3472,5.06
net3479,5.06
net3496,5.06
net3497,5.06
net3511,5.06
net3519,5.06
net3525,5.06
net3534,5.06
net3535,5.06
net3536,5.06
net3542,5.06
net3552,5.06
net3568,5.06
net3576,5.06
net3579,5.06
net3580,5.06
net3592,5.06
net3612,5.06
net3615,5.06
net3616,5.06
net3621,5.06
net3626,5.06
net3629,5.06
net3630,5.06
net3636,5.06
net3643,5.06
net3649,5.06
net3656,5.06
net3666,5.06
net3675,5.06
net3677,5.06
net3693,5.06
net3698,5.06
net3702,5.06
net3707,5.06
net3720,5.06
net3728,5.06
net3747,5.06
net3785,5.06
net3792,5.06
net3799,5.06
net3800,5.06
net3803,5.06
net3804,5.06
net3841,5.06
net3855,5.06
net3865,5.06
net3888,5.06
net3895,5.06
net3905,5.06
net3921,5.06
net3922,5.06
net3927,5.06
net3934,5.06
net3959,5.06
net3972,5.06
net4023,5.06
net4025,5.06
net4065,5.06
net4069,5.06
net4085,5.06
net4154,5.06
net4234,5.06
net4331,5.06
net4833,5.06
net5006,5.06
net5047,5.06
net5101,5.06
net5109,5.06
_00582_,5.045
_00591_,5.045
_00604_,5.045
_00920_,5.045
_01069_,5.045
_01070_,5.045
_01175_,5.045
_01368_,5.045
_01397_,5.045
_01495_,5.045
_01666_,5.045
_01844_,5.045
_01965_,5.045
_01975_,5.045
_02382_,5.045
_02725_,5.045
_02780_,5.045
_02817_,5.045
_02839_,5.045
_03616_,5.045
_03617_,5.045
_00598_,5.04
_00721_,5.04
_00784_,5.04
_02264_,5.04
_02657_,5.04
_03109_,5.04
_03123_,5.04
_03148_,5.04
_04117_,5.04
_04550_,5.04
_04736_,5.04
_08561_,5.04
_08757_,5.04
_09218_,5.04
_13743_,5.04
net596,5.04
net3333,5.04
net3950,5.04
net4280,5.04
net4844,5.04
u_sram.mem\[1\]\[15\],5.03
_01835_,5.02
_03145_,5.02
_04751_,5.02
_07946_,5.02
_10691_,5.02
_10826_,5.02
u_sram.mem\[28\]\[18\],5.02
u_sram.mem\[28\]\[29\],5.02
u_sram.mem\[37\]\[26\],5.02
u_sram.mem\[43\]\[28\],5.02
u_sram.mem\[51\]\[3\],5.02
net5096,5.02
_01994_,5.015
_02436_,5.015
_02486_,5.015
_01547_,5
_04522_,5
_04915_,5
_07072_,5
_07826_,5
_11775_,5
u_sram.mem\[16\]\[11\],5
u_sram.mem\[19\]\[29\],5
u_sram.mem\[56\]\[26\],5
_00646_,4.985
_00665_,4.985
_01256_,4.985
_01676_,4.985
_02898_,4.985
_04172_,4.985
_00476_,4.975
_01138_,4.975
_02095_,4.975
_03555_,4.975
u_sram.mem\[1\]\[23\],4.975
net899,4.975
net1943,4.975
_00129_,4.97
_00133_,4.97
_00207_,4.97
_00316_,4.97
_00703_,4.965
_01699_,4.965
_02017_,4.965
_02799_,4.965
net137,4.965
net281,4.965
net2118,4.965
net2655,4.965
_08766_,4.96
net4699,4.96
u_sram.mem\[49\]\[9\],4.95
_00460_,4.945
_02464_,4.945
_01492_,4.94
_01710_,4.94
_01896_,4.94
_03889_,4.94
_04345_,4.94
_04514_,4.94
_04870_,4.94
_05437_,4.94
_05893_,4.94
_06630_,4.94
_07091_,4.94
_08201_,4.94
_08314_,4.94
_08363_,4.94
_09015_,4.94
_09639_,4.94
_10277_,4.94
_10448_,4.94
_10459_,4.94
_11575_,4.94
_13119_,4.94
_13597_,4.94
_13829_,4.94
_14002_,4.94
_14085_,4.94
_14104_,4.94
_14127_,4.94
_14140_,4.94
cpu_mem_wdata\[0\],4.94
u_sram.mem\[0\]\[3\],4.94
u_sram.mem\[10\]\[2\],4.94
u_sram.mem\[10\]\[30\],4.94
u_sram.mem\[11\]\[2\],4.94
u_sram.mem\[42\]\[23\],4.94
u_sram.mem\[42\]\[2\],4.94
u_sram.mem\[47\]\[8\],4.94
u_sram.mem\[7\]\[27\],4.94
net4825,4.94
net5004,4.94
net5005,4.94
net5019,4.94
net5048,4.94
net5128,4.94
net5135,4.94
net5167,4.94
_00054_,4.93
_00055_,4.93
_00080_,4.93
_00148_,4.93
_02518_,4.925
_00741_,4.92
_00820_,4.92
_00822_,4.92
_00824_,4.92
_00838_,4.92
_01013_,4.92
_01045_,4.92
_01408_,4.92
_01418_,4.92
_01740_,4.92
_01749_,4.92
_02973_,4.92
_03128_,4.92
_03158_,4.92
_03618_,4.92
_03894_,4.92
_03912_,4.92
_04031_,4.92
_04048_,4.92
_04227_,4.92
_04917_,4.92
_04959_,4.92
_05418_,4.92
_05994_,4.92
_06348_,4.92
_07901_,4.92
_08361_,4.92
_08465_,4.92
_08535_,4.92
_09258_,4.92
_09990_,4.92
_10178_,4.92
_10251_,4.92
_10891_,4.92
_11319_,4.92
_11482_,4.92
_11509_,4.92
_12178_,4.92
_12222_,4.92
_12238_,4.92
_13516_,4.92
_13544_,4.92
_13820_,4.92
_13862_,4.92
_13904_,4.92
_14097_,4.92
_14188_,4.92
_14313_,4.92
cpu_mem_wdata\[14\],4.92
cpu_mem_wdata\[21\],4.92
u_cpu.reg_next_pc\[28\],4.92
u_interconnect.m_axi_wdata\[10\],4.92
u_sram.mem\[16\]\[24\],4.92
u_sram.mem\[17\]\[14\],4.92
u_sram.mem\[20\]\[7\],4.92
u_sram.mem\[23\]\[27\],4.92
u_sram.mem\[24\]\[4\],4.92
u_sram.mem\[27\]\[8\],4.92
u_sram.mem\[30\]\[31\],4.92
u_sram.mem\[46\]\[8\],4.92
u_sram.mem\[51\]\[26\],4.92
u_sram.mem\[54\]\[15\],4.92
u_sram.mem\[58\]\[13\],4.92
u_sram.mem\[7\]\[23\],4.92
u_sram.mem\[7\]\[29\],4.92
u_sram.mem\[9\]\[29\],4.92
net143,4.92
net959,4.92
net1046,4.92
net1216,4.92
net1672,4.92
net2097,4.92
net2247,4.92
net2809,4.92
net3045,4.92
net3318,4.92
net3349,4.92
net3432,4.92
net3831,4.92
net4122,4.92
net4716,4.92
net4767,4.92
net4850,4.92
net4998,4.92
net5094,4.92
net5157,4.92
u_sram.mem\[1\]\[17\],4.91
_01008_,4.9
_04098_,4.9
_06221_,4.9
_06282_,4.9
u_cpu.mem_rdata_q\[2\],4.9
u_sram.mem\[60\]\[8\],4.9
u_sram.mem\[61\]\[28\],4.9
u_sram.mem\[8\]\[26\],4.9
_00418_,4.885
_01878_,4.885
_01999_,4.885
_02735_,4.885
_02902_,4.885
net1504,4.885
_00335_,4.88
_00778_,4.88
_00789_,4.88
_00809_,4.88
_00830_,4.88
_01034_,4.88
_01036_,4.88
_01061_,4.88
_01342_,4.88
_01406_,4.88
_01462_,4.88
_01468_,4.88
_01822_,4.88
_01832_,4.88
_02130_,4.88
_02491_,4.88
_02492_,4.88
_02960_,4.88
_03036_,4.88
_03058_,4.88
_03530_,4.88
_03916_,4.88
_03917_,4.88
_04109_,4.88
_04343_,4.88
_04410_,4.88
_04657_,4.88
_04914_,4.88
_05264_,4.88
_06270_,4.88
_07609_,4.88
_08077_,4.88
_08854_,4.88
_09457_,4.88
_09585_,4.88
_09986_,4.88
_10516_,4.88
_10547_,4.88
_11021_,4.88
_11343_,4.88
_13396_,4.88
_13491_,4.88
_13548_,4.88
_13753_,4.88
_14024_,4.88
_14235_,4.88
cpu_mem_wdata\[19\],4.88
cpu_mem_wdata\[22\],4.88
cpu_mem_wdata\[27\],4.88
u_sram.mem\[0\]\[0\],4.88
u_sram.mem\[0\]\[30\],4.88
u_sram.mem\[10\]\[16\],4.88
u_sram.mem\[10\]\[28\],4.88
u_sram.mem\[14\]\[27\],4.88
u_sram.mem\[1\]\[26\],4.88
u_sram.mem\[1\]\[4\],4.88
u_sram.mem\[20\]\[21\],4.88
u_sram.mem\[23\]\[12\],4.88
u_sram.mem\[27\]\[28\],4.88
u_sram.mem\[2\]\[5\],4.88
u_sram.mem\[36\]\[5\],4.88
u_sram.mem\[44\]\[30\],4.88
u_sram.mem\[46\]\[7\],4.88
u_sram.mem\[52\]\[29\],4.88
u_sram.mem\[53\]\[17\],4.88
u_sram.mem\[53\]\[22\],4.88
u_sram.mem\[59\]\[4\],4.88
u_sram.mem\[59\]\[6\],4.88
u_sram.mem\[60\]\[4\],4.88
u_sram.mem\[60\]\[5\],4.88
u_sram.mem\[63\]\[28\],4.88
u_sram.mem\[6\]\[3\],4.88
net3668,4.88
net4208,4.88
_00911_,4.875
net3368,4.875
_00095_,4.87
_02066_,4.865
_02586_,4.865
_00264_,4.85
_00274_,4.85
_00625_,4.845
_00841_,4.845
_00895_,4.845
_01058_,4.845
_01458_,4.845
_01931_,4.845
_01959_,4.845
_02324_,4.845
_02510_,4.845
_02524_,4.845
_02529_,4.845
_02532_,4.845
_02629_,4.845
_02684_,4.845
_02959_,4.845
_03176_,4.845
_03199_,4.845
_03250_,4.845
_03277_,4.845
_03323_,4.845
_03350_,4.845
_03766_,4.845
_03776_,4.845
_04056_,4.845
net4617,4.845
_09175_,4.84
_02729_,4.825
_01042_,4.82
_03209_,4.82
_03829_,4.82
_03863_,4.82
_03932_,4.82
_05233_,4.82
_06421_,4.82
_06480_,4.82
_06576_,4.82
_10505_,4.82
_11670_,4.82
_12047_,4.82
u_cpu.mem_wordsize\[0\],4.82
u_sram.mem\[54\]\[13\],4.82
u_sram.mem\[54\]\[17\],4.82
_01245_,4.805
_01582_,4.805
_01886_,4.805
_02310_,4.805
_02446_,4.805
_00057_,4.8
_00761_,4.8
_03085_,4.8
_03206_,4.8
_03563_,4.8
_04022_,4.8
_04818_,4.8
_05059_,4.8
_05248_,4.8
_05253_,4.8
_05515_,4.8
_05562_,4.8
_06031_,4.8
_06034_,4.8
_06071_,4.8
_06126_,4.8
_06276_,4.8
_06306_,4.8
_06563_,4.8
_06701_,4.8
_06733_,4.8
_07409_,4.8
_07507_,4.8
_08106_,4.8
_08241_,4.8
_08392_,4.8
_08515_,4.8
_08552_,4.8
_08774_,4.8
_08793_,4.8
_08823_,4.8
_08867_,4.8
_09117_,4.8
_09176_,4.8
_09328_,4.8
_09447_,4.8
_09504_,4.8
_10025_,4.8
_10040_,4.8
_10146_,4.8
_10329_,4.8
_10362_,4.8
_10483_,4.8
_10514_,4.8
_10717_,4.8
_10728_,4.8
_10760_,4.8
_10856_,4.8
_11597_,4.8
_11602_,4.8
_11629_,4.8
_11763_,4.8
_11959_,4.8
_12107_,4.8
_12110_,4.8
_12182_,4.8
_12184_,4.8
_12185_,4.8
_13105_,4.8
_13752_,4.8
_13925_,4.8
_14201_,4.8
u_cpu.reg_out\[8\],4.8
u_sram.mem\[17\]\[27\],4.8
u_sram.mem\[37\]\[1\],4.8
u_sram.mem\[37\]\[6\],4.8
u_sram.mem\[48\]\[11\],4.8
u_sram.mem\[7\]\[13\],4.8
net244,4.8
net2941,4.8
net4199,4.8
net4224,4.8
net4226,4.8
net4420,4.8
net4710,4.8
net5003,4.8
_01905_,4.78
_06186_,4.78
u_cpu.instr_rdcycle,4.78
u_sram.mem\[0\]\[31\],4.78
u_sram.mem\[12\]\[2\],4.78
u_sram.mem\[16\]\[19\],4.78
u_sram.mem\[18\]\[20\],4.78
u_sram.mem\[19\]\[12\],4.78
u_sram.mem\[32\]\[28\],4.78
u_sram.mem\[34\]\[25\],4.78
u_sram.mem\[45\]\[30\],4.78
u_sram.mem\[48\]\[3\],4.78
u_sram.mem\[4\]\[1\],4.78
u_sram.mem\[53\]\[2\],4.78
u_sram.mem\[62\]\[4\],4.78
_06610_,4.77
_00769_,4.765
net2822,4.765
net3297,4.765
net3807,4.765
net4084,4.765
_00278_,4.76
_00363_,4.76
_03034_,4.76
_03097_,4.76
_05406_,4.76
_07182_,4.76
_07983_,4.76
_08259_,4.76
_09393_,4.76
_09721_,4.76
_10221_,4.76
_10302_,4.76
_10434_,4.76
_10499_,4.76
_11132_,4.76
_11442_,4.76
_13646_,4.76
_04166_,4.755
_01279_,4.735
_03001_,4.735
_00232_,4.73
_00251_,4.73
_00344_,4.73
_00466_,4.725
_00518_,4.725
_01216_,4.725
_01310_,4.725
_01367_,4.725
_01511_,4.725
_02474_,4.725
_02542_,4.725
_02805_,4.725
_03022_,4.725
_03285_,4.725
_03468_,4.725
net509,4.725
net4496,4.725
net4572,4.725
net4783,4.725
net5093,4.725
_01595_,4.705
_04054_,4.705
_00437_,4.7
_00719_,4.7
_00903_,4.7
_01116_,4.7
_01212_,4.7
_01523_,4.7
_02007_,4.7
_02262_,4.7
_02451_,4.7
_02798_,4.7
_02845_,4.7
_03172_,4.7
_03281_,4.7
_03565_,4.7
_03637_,4.7
_04820_,4.7
_05001_,4.7
_05431_,4.7
_07715_,4.7
_08664_,4.7
_09433_,4.7
_09698_,4.7
_09717_,4.7
_09871_,4.7
_10122_,4.7
_10180_,4.7
_10494_,4.7
_11684_,4.7
_11695_,4.7
_12232_,4.7
_12921_,4.7
_13980_,4.7
_14551_,4.7
net215,4.7
net216,4.7
net299,4.7
net1069,4.7
net1153,4.7
net1648,4.7
net1783,4.7
net2093,4.7
net2104,4.7
net2340,4.7
net2895,4.7
net3344,4.7
net3674,4.7
net3806,4.7
net3985,4.7
net4387,4.7
_02383_,4.695
_00142_,4.68
_00237_,4.68
_00260_,4.68
_00445_,4.68
_04641_,4.68
_05123_,4.68
_06722_,4.68
_06954_,4.68
_07082_,4.68
_08488_,4.68
_09303_,4.68
_09956_,4.68
_09972_,4.68
_11099_,4.68
_11253_,4.68
_11799_,4.68
_11946_,4.68
_13336_,4.68
u_sram.mem\[0\]\[26\],4.68
u_sram.mem\[28\]\[19\],4.68
u_sram.mem\[43\]\[31\],4.68
net27,4.68
net870,4.68
net2215,4.68
net2633,4.68
net3116,4.68
net3637,4.68
net3810,4.68
net4970,4.68
_04961_,4.66
_05683_,4.66
_09790_,4.66
_09918_,4.66
_11080_,4.66
_11146_,4.66
_11152_,4.66
_11546_,4.66
_11734_,4.66
_11937_,4.66
_12051_,4.66
_14275_,4.66
net991,4.66
net1132,4.66
net1861,4.66
net1906,4.66
net3063,4.66
net3156,4.66
net3581,4.66
net3647,4.66
u_interconnect.s0_axi_rdata\[0\],4.65
_03485_,4.635
_14136_,4.635
_01114_,4.625
_01237_,4.625
_01292_,4.625
_01531_,4.625
_01552_,4.625
_01560_,4.625
_01564_,4.625
_01591_,4.625
_01596_,4.625
_01845_,4.625
_01854_,4.625
_01881_,4.625
_01902_,4.625
_01937_,4.625
_02046_,4.625
_02050_,4.625
_02188_,4.625
_02213_,4.625
_02231_,4.625
_02253_,4.625
_02334_,4.625
_02567_,4.625
_02577_,4.625
_02667_,4.625
_02761_,4.625
_02766_,4.625
_03006_,4.625
_03171_,4.625
_03279_,4.625
_03345_,4.625
_03358_,4.625
_03493_,4.625
_03568_,4.625
_03989_,4.625
net1623,4.625
net1655,4.625
net1710,4.625
net2333,4.625
net2906,4.625
net3700,4.625
net3894,4.625
net3919,4.625
net4451,4.625
net4455,4.625
net4472,4.625
_00245_,4.61
_00268_,4.61
_00694_,4.605
_01970_,4.605
_02844_,4.605
_03177_,4.605
_03291_,4.605
_03363_,4.605
_03483_,4.605
_04625_,4.6
_05158_,4.6
_08433_,4.6
_08683_,4.6
_09184_,4.6
_09414_,4.6
_10082_,4.6
_10795_,4.6
_11001_,4.6
_11603_,4.6
_11830_,4.6
net3990,4.6
net4399,4.6
net4890,4.6
net4987,4.6
net4991,4.6
net5009,4.6
net5015,4.6
net5039,4.6
_00714_,4.585
_00918_,4.585
_01274_,4.585
_01888_,4.585
_01992_,4.585
_02037_,4.585
_02049_,4.585
_02139_,4.585
_02198_,4.585
_02337_,4.585
_02447_,4.585
_02591_,4.585
_03182_,4.585
_03500_,4.585
_03965_,4.585
_04979_,4.58
_06269_,4.58
_08499_,4.58
_08741_,4.58
_09230_,4.58
_10911_,4.58
_11920_,4.58
_13908_,4.58
net1656,4.58
net1894,4.58
net2292,4.58
net2733,4.58
net3493,4.58
net3515,4.58
net3632,4.58
net3686,4.58
net3695,4.58
net3726,4.58
net3958,4.58
net4592,4.58
net4925,4.58
net4941,4.58
net4943,4.58
net5102,4.58
_08838_,4.57
_03184_,4.56
_04683_,4.56
_08233_,4.56
_08713_,4.56
_09252_,4.56
_11620_,4.56
_13096_,4.56
u_sram.mem\[39\]\[6\],4.56
u_sram.mem\[55\]\[24\],4.56
u_sram.mem\[8\]\[24\],4.56
u_sram.mem\[8\]\[25\],4.56
u_sram.w_data_r\[3\],4.56
net4757,4.55
_00083_,4.54
_00120_,4.54
_00774_,4.54
_00803_,4.54
_04204_,4.54
_06941_,4.54
_14401_,4.54
u_sram.mem\[35\]\[3\],4.54
u_sram.mem\[50\]\[14\],4.54
net3602,4.54
_00499_,4.535
_02199_,4.535
_00377_,4.53
_11811_,4.53
_00442_,4.525
_00559_,4.525
_00647_,4.525
_00913_,4.525
_02528_,4.525
_02559_,4.525
_03389_,4.525
_03967_,4.525
_04174_,4.525
_04243_,4.525
_05056_,4.525
_08672_,4.52
_00082_,4.51
_00350_,4.51
_00351_,4.51
_01936_,4.505
_02011_,4.505
_02166_,4.505
_02247_,4.505
_02625_,4.505
_02672_,4.505
_02774_,4.505
_02950_,4.505
_03558_,4.505
_03692_,4.505
net292,4.505
net886,4.505
net1232,4.505
net3812,4.505
_01086_,4.485
_03708_,4.485
_00722_,4.48
_00726_,4.48
_00767_,4.48
_00813_,4.48
_00826_,4.48
_00828_,4.48
_00836_,4.48
_00864_,4.48
_00893_,4.48
_01004_,4.48
_01026_,4.48
_01033_,4.48
_01035_,4.48
_01051_,4.48
_01130_,4.48
_01235_,4.48
_01336_,4.48
_01727_,4.48
_01729_,4.48
_01733_,4.48
_01741_,4.48
_01746_,4.48
_01787_,4.48
_01805_,4.48
_01814_,4.48
_01819_,4.48
_02347_,4.48
_02924_,4.48
_03028_,4.48
_03061_,4.48
_03091_,4.48
_03215_,4.48
_03254_,4.48
_03274_,4.48
_03828_,4.48
_03832_,4.48
_03833_,4.48
_03834_,4.48
_03839_,4.48
_03861_,4.48
_03867_,4.48
_03877_,4.48
_03888_,4.48
_03891_,4.48
_03895_,4.48
_03899_,4.48
_03919_,4.48
_03926_,4.48
_03930_,4.48
_03931_,4.48
_04087_,4.48
_04124_,4.48
_04196_,4.48
_04198_,4.48
_04199_,4.48
_04213_,4.48
_04216_,4.48
_04263_,4.48
_04264_,4.48
_04267_,4.48
_04282_,4.48
_04966_,4.48
_05529_,4.48
_05581_,4.48
_06215_,4.48
_06358_,4.48
_06503_,4.48
_06595_,4.48
_06647_,4.48
_06693_,4.48
_06804_,4.48
_06964_,4.48
_07167_,4.48
_08428_,4.48
_08636_,4.48
_09148_,4.48
_09351_,4.48
_09620_,4.48
_09941_,4.48
_09948_,4.48
_10143_,4.48
_10474_,4.48
_11904_,4.48
_13175_,4.48
_13661_,4.48
_13698_,4.48
_13879_,4.48
_14060_,4.48
_14178_,4.48
u_sram.mem\[5\]\[21\],4.48
_00068_,4.47
_00077_,4.47
_00099_,4.47
_00305_,4.47
_00388_,4.47
_01437_,4.465
_00036_,4.46
_00329_,4.46
_00742_,4.46
_00752_,4.46
_00780_,4.46
_00814_,4.46
_00976_,4.46
_01030_,4.46
_01335_,4.46
_01745_,4.46
_01800_,4.46
_02062_,4.46
_02540_,4.46
_03068_,4.46
_03105_,4.46
_03162_,4.46
_03167_,4.46
_03977_,4.46
_04036_,4.46
_04111_,4.46
_04116_,4.46
_04634_,4.46
_05066_,4.46
_05071_,4.46
_05229_,4.46
_05890_,4.46
_06153_,4.46
_06154_,4.46
_06274_,4.46
_06545_,4.46
_06683_,4.46
_06727_,4.46
_06836_,4.46
_06853_,4.46
_06999_,4.46
_07166_,4.46
_07534_,4.46
_07570_,4.46
_07699_,4.46
_07964_,4.46
_08092_,4.46
_08096_,4.46
_08105_,4.46
_08446_,4.46
_08520_,4.46
_08545_,4.46
_08677_,4.46
_09254_,4.46
_09580_,4.46
_09749_,4.46
_09920_,4.46
_10066_,4.46
_10342_,4.46
_10431_,4.46
_10493_,4.46
_10506_,4.46
_10563_,4.46
_10672_,4.46
_10802_,4.46
_11060_,4.46
_11176_,4.46
_11385_,4.46
_11753_,4.46
_13108_,4.46
_13328_,4.46
_13628_,4.46
_13937_,4.46
_14036_,4.46
_14469_,4.46
_14536_,4.46
u_cpu.reg_sh\[4\],4.46
u_interconnect.m_axi_araddr\[21\],4.46
u_interconnect.m_axi_araddr\[31\],4.46
u_interconnect.m_axi_wdata\[11\],4.46
u_sram.mem\[10\]\[10\],4.46
u_sram.mem\[15\]\[27\],4.46
u_sram.mem\[15\]\[29\],4.46
u_sram.mem\[20\]\[10\],4.46
u_sram.mem\[20\]\[28\],4.46
u_sram.mem\[20\]\[2\],4.46
u_sram.mem\[22\]\[28\],4.46
u_sram.mem\[23\]\[11\],4.46
u_sram.mem\[23\]\[23\],4.46
u_sram.mem\[27\]\[0\],4.46
u_sram.mem\[31\]\[3\],4.46
u_sram.mem\[35\]\[20\],4.46
u_sram.mem\[42\]\[26\],4.46
u_sram.mem\[49\]\[18\],4.46
u_sram.mem\[52\]\[4\],4.46
u_sram.mem\[54\]\[1\],4.46
u_sram.mem\[5\]\[11\],4.46
u_uart.buf_data\[1\],4.46
net17,4.46
net187,4.46
net544,4.46
net799,4.46
net856,4.46
net1827,4.46
net1989,4.46
net2040,4.46
net2936,4.46
net2950,4.46
net4109,4.46
net4203,4.46
net4211,4.46
net4995,4.46
net4996,4.46
net5050,4.46
_01919_,4.445
_01455_,4.44
_01576_,4.44
_02404_,4.44
_06205_,4.44
_07405_,4.44
_10037_,4.44
_11454_,4.44
u_sram.mem\[24\]\[31\],4.44
u_sram.mem\[28\]\[23\],4.44
u_sram.mem\[52\]\[12\],4.44
u_sram.mem\[54\]\[28\],4.44
u_sram.mem\[56\]\[16\],4.44
net4471,4.44
net4560,4.44
net4576,4.44
net4680,4.44
_03589_,4.435
net2080,4.435
_00500_,4.425
_00522_,4.425
_00531_,4.425
_00713_,4.425
_01632_,4.425
_02217_,4.425
_02424_,4.425
_02659_,4.425
_02686_,4.425
_03240_,4.425
_03242_,4.425
_03540_,4.425
_03579_,4.425
_03612_,4.425
_03799_,4.425
_04188_,4.425
net682,4.425
_00196_,4.42
_00219_,4.42
_00730_,4.42
_00734_,4.42
_00758_,4.42
_00779_,4.42
_00819_,4.42
_00853_,4.42
_01025_,4.42
_01049_,4.42
_01062_,4.42
_01154_,4.42
_01313_,4.42
_01429_,4.42
_01480_,4.42
_01738_,4.42
_01803_,4.42
_02063_,4.42
_02933_,4.42
_02947_,4.42
_02989_,4.42
_03012_,4.42
_03089_,4.42
_03092_,4.42
_03099_,4.42
_03327_,4.42
_03621_,4.42
_03811_,4.42
_03815_,4.42
_03848_,4.42
_03871_,4.42
_03873_,4.42
_03875_,4.42
_03887_,4.42
_03900_,4.42
_03902_,4.42
_03906_,4.42
_03909_,4.42
_03910_,4.42
_03914_,4.42
_03918_,4.42
_03920_,4.42
_03934_,4.42
_03935_,4.42
_04016_,4.42
_04081_,4.42
_04104_,4.42
_04105_,4.42
_04136_,4.42
_04151_,4.42
_04258_,4.42
_04273_,4.42
_04286_,4.42
_04704_,4.42
_05085_,4.42
_05179_,4.42
_05207_,4.42
_05806_,4.42
_06045_,4.42
_06734_,4.42
_07361_,4.42
_07615_,4.42
_08440_,4.42
_09915_,4.42
_10118_,4.42
_10849_,4.42
_11113_,4.42
_13811_,4.42
_13995_,4.42
_14122_,4.42
cpu_mem_addr\[17\],4.42
u_cpu.count_instr\[3\],4.42
u_cpu.reg_next_pc\[26\],4.42
u_interconnect.m_axi_wdata\[0\],4.42
u_interconnect.s0_axi_rdata\[24\],4.42
u_sram.mem\[10\]\[11\],4.42
u_sram.mem\[18\]\[4\],4.42
u_sram.mem\[21\]\[11\],4.42
u_sram.mem\[22\]\[0\],4.42
u_sram.mem\[23\]\[29\],4.42
u_sram.mem\[25\]\[7\],4.42
u_sram.mem\[26\]\[5\],4.42
u_sram.mem\[27\]\[21\],4.42
u_sram.mem\[27\]\[29\],4.42
u_sram.mem\[31\]\[6\],4.42
u_sram.mem\[52\]\[13\],4.42
u_sram.mem\[56\]\[9\],4.42
u_sram.mem\[58\]\[22\],4.42
u_uart.w_byte\[6\],4.42
net2293,4.42
_00174_,4.41
_03273_,4.405
_00461_,4.385
_00494_,4.385
_00495_,4.385
_00652_,4.385
_00709_,4.385
_00907_,4.385
_01056_,4.385
_01072_,4.385
_01121_,4.385
_01217_,4.385
_01220_,4.385
_01280_,4.385
_01374_,4.385
_01387_,4.385
_01559_,4.385
_01653_,4.385
_01981_,4.385
_02012_,4.385
_02137_,4.385
_02212_,4.385
_02397_,4.385
_02522_,4.385
_02740_,4.385
_02785_,4.385
_02835_,4.385
_02848_,4.385
_02862_,4.385
_02891_,4.385
_02985_,4.385
_02993_,4.385
_03009_,4.385
_03228_,4.385
_03230_,4.385
_03328_,4.385
_03412_,4.385
_03463_,4.385
_03628_,4.385
_03735_,4.385
_03807_,4.385
net943,4.385
net1097,4.385
net1773,4.385
net2263,4.385
net4216,4.385
_03554_,4.375
_02669_,4.36
_04894_,4.36
_08519_,4.36
_08594_,4.36
_08667_,4.36
_08688_,4.36
_09196_,4.36
_10544_,4.36
_10571_,4.36
_12225_,4.36
_14151_,4.36
_14327_,4.36
u_cpu.count_instr\[5\],4.36
u_sram.mem\[58\]\[17\],4.36
_10816_,4.35
_00754_,4.34
_00989_,4.34
_01793_,4.34
_03103_,4.34
_03698_,4.34
_04025_,4.34
_04975_,4.34
_04993_,4.34
_05777_,4.34
_06063_,4.34
_06120_,4.34
_06319_,4.34
_06778_,4.34
_07025_,4.34
_07484_,4.34
_07520_,4.34
_08212_,4.34
_08230_,4.34
_08255_,4.34
_08367_,4.34
_08385_,4.34
_08399_,4.34
_08461_,4.34
_08575_,4.34
_08586_,4.34
_08694_,4.34
_08978_,4.34
_09059_,4.34
_09270_,4.34
_09429_,4.34
_09572_,4.34
_09640_,4.34
_09647_,4.34
_10258_,4.34
_10323_,4.34
_10555_,4.34
_10697_,4.34
_10946_,4.34
_11142_,4.34
_11453_,4.34
_11733_,4.34
_12050_,4.34
_12149_,4.34
_13067_,4.34
_13181_,4.34
_14009_,4.34
u_interconnect.m_axi_araddr\[24\],4.34
u_sram.mem\[2\]\[30\],4.34
u_sram.mem\[36\]\[21\],4.34
u_sram.mem\[36\]\[26\],4.34
u_sram.mem\[43\]\[15\],4.34
u_sram.mem\[48\]\[19\],4.34
u_sram.mem\[50\]\[13\],4.34
u_sram.mem\[59\]\[14\],4.34
net2048,4.34
net2659,4.34
net4189,4.34
net4433,4.34
net5023,4.34
_04197_,4.32
_04812_,4.32
_06233_,4.32
_08207_,4.32
_08983_,4.32
_10262_,4.32
_13492_,4.32
_13716_,4.32
u_sram.mem\[18\]\[14\],4.32
u_sram.mem\[33\]\[30\],4.32
u_sram.mem\[34\]\[13\],4.32
_03368_,4.315
_10845_,4.31
_06692_,4.3
_02859_,4.295
net2352,4.295
_01679_,4.285
net1324,4.285
_00191_,4.27
_00462_,4.265
_00635_,4.265
_00654_,4.265
_01096_,4.265
_01267_,4.265
_02415_,4.265
_02561_,4.265
_02604_,4.265
_02694_,4.265
_03348_,4.265
_03710_,4.265
net164,4.265
net426,4.265
net4159,4.265
_08898_,4.25
_00470_,4.24
_00624_,4.24
_00658_,4.24
_01240_,4.24
_01875_,4.24
_02303_,4.24
_02640_,4.24
_03173_,4.24
_03507_,4.24
_04080_,4.24
_04221_,4.24
_04813_,4.24
_05097_,4.24
_05218_,4.24
_05664_,4.24
_08536_,4.24
_09249_,4.24
_09681_,4.24
_09879_,4.24
_10241_,4.24
_10299_,4.24
_10419_,4.24
_11110_,4.24
_11238_,4.24
_11415_,4.24
_11534_,4.24
_11678_,4.24
_11803_,4.24
_11837_,4.24
_12209_,4.24
_12217_,4.24
_14018_,4.24
_14043_,4.24
_14457_,4.24
net105,4.24
net268,4.24
net372,4.24
net412,4.24
net744,4.24
net787,4.24
net867,4.24
net919,4.24
net1025,4.24
net1073,4.24
net1128,4.24
net1254,4.24
net1263,4.24
net1319,4.24
net1457,4.24
net1491,4.24
net1512,4.24
net1743,4.24
net2218,4.24
net2228,4.24
net2592,4.24
net2640,4.24
net2676,4.24
net2885,4.24
net3087,4.24
net3216,4.24
net3651,4.24
_02360_,4.22
_04695_,4.22
_05133_,4.22
_06261_,4.22
_06943_,4.22
_07396_,4.22
_08328_,4.22
_08930_,4.22
_09715_,4.22
_10889_,4.22
_11771_,4.22
_11872_,4.22
_13183_,4.22
_14030_,4.22
_14281_,4.22
u_sram.mem\[41\]\[22\],4.22
net713,4.22
net2667,4.22
net4287,4.22
net5104,4.22
_11756_,4.215
_04530_,4.2
_05956_,4.2
_06513_,4.2
_07799_,4.2
_08633_,4.2
_08991_,4.2
_10090_,4.2
_10466_,4.2
_10994_,4.2
_11137_,4.2
_11313_,4.2
_11628_,4.2
_11638_,4.2
_11716_,4.2
_13535_,4.2
_14280_,4.2
net196,4.2
net792,4.2
net1522,4.2
net2083,4.2
net2387,4.2
net2496,4.2
net3512,4.2
net4087,4.2
_02377_,4.185
_01860_,4.18
_00019_,4.165
_00504_,4.165
_00542_,4.165
_00619_,4.165
_00653_,4.165
_00700_,4.165
_00936_,4.165
_00999_,4.165
_01053_,4.165
_01142_,4.165
_01275_,4.165
_01515_,4.165
_01593_,4.165
_01617_,4.165
_01984_,4.165
_02132_,4.165
_02270_,4.165
_02488_,4.165
_02494_,4.165
_02563_,4.165
_02641_,4.165
_02695_,4.165
_02713_,4.165
_02808_,4.165
_02949_,4.165
_03220_,4.165
_03256_,4.165
_03462_,4.165
_03586_,4.165
_03752_,4.165
_04164_,4.165
_04239_,4.165
net450,4.165
net874,4.165
net1346,4.165
net1535,4.165
net2030,4.165
net4061,4.165
net4435,4.165
net4566,4.165
net4640,4.165
net4677,4.165
_00253_,4.15
_00279_,4.15
_00296_,4.15
_00578_,4.145
_00583_,4.145
_01624_,4.145
_01680_,4.145
_01851_,4.145
_02852_,4.145
_03714_,4.145
_01481_,4.14
_05445_,4.14
_06099_,4.14
_07144_,4.14
_09741_,4.14
_11918_,4.14
_13520_,4.14
_13715_,4.14
_14308_,4.14
u_interconnect.m_axi_awaddr\[23\],4.14
net3910,4.14
net4930,4.14
_01242_,4.125
_04178_,4.125
_00257_,4.12
_03318_,4.12
_04034_,4.12
_04333_,4.12
_06406_,4.12
_06934_,4.12
_06963_,4.12
_07812_,4.12
_07867_,4.12
_08002_,4.12
_08562_,4.12
_08751_,4.12
_09702_,4.12
_09837_,4.12
_10289_,4.12
_10476_,4.12
net2610,4.12
net3346,4.12
net3821,4.12
net4569,4.12
net5007,4.12
net5077,4.12
net5080,4.12
net5091,4.12
net5092,4.12
net5137,4.12
u_sram.mem\[19\]\[1\],4.115
_01089_,4.1
_04049_,4.1
_04838_,4.1
_06198_,4.1
_07173_,4.1
_07871_,4.1
_09280_,4.1
_10837_,4.1
_11229_,4.1
_14532_,4.1
u_interconnect.s0_axi_rdata\[11\],4.1
u_sram.mem\[12\]\[30\],4.1
u_sram.mem\[24\]\[12\],4.1
u_sram.mem\[30\]\[16\],4.1
u_sram.mem\[40\]\[29\],4.1
u_sram.mem\[62\]\[22\],4.1
u_sram.mem\[7\]\[0\],4.1
net694,4.1
net2882,4.1
_01516_,4.095
_02738_,4.095
_01852_,4.085
_01863_,4.085
_04611_,4.08
net375,4.08
_00175_,4.07
_00650_,4.065
_00905_,4.065
_02855_,4.065
_03793_,4.065
_00166_,4.05
_00468_,4.045
_00589_,4.045
_02868_,4.045
net560,4.045
net2176,4.045
net3758,4.045
net4161,4.045
_02513_,4.025
_02722_,4.025
_03634_,4.025
_00044_,4.02
_00724_,4.02
_00835_,4.02
_01375_,4.02
_01467_,4.02
_01501_,4.02
_01535_,4.02
_01756_,4.02
_01807_,4.02
_01820_,4.02
_01917_,4.02
_02263_,4.02
_02348_,4.02
_02888_,4.02
_02932_,4.02
_02955_,4.02
_02972_,4.02
_03079_,4.02
_03818_,4.02
_03841_,4.02
_03844_,4.02
_03865_,4.02
_03896_,4.02
_03898_,4.02
_03923_,4.02
_04043_,4.02
_04090_,4.02
_04097_,4.02
_04138_,4.02
_04208_,4.02
_04210_,4.02
_04278_,4.02
_04814_,4.02
_05275_,4.02
_05395_,4.02
_05873_,4.02
_06297_,4.02
_06529_,4.02
_06625_,4.02
_06655_,4.02
_06666_,4.02
_06842_,4.02
_07644_,4.02
_07934_,4.02
_08172_,4.02
_08273_,4.02
_08277_,4.02
_08390_,4.02
_08895_,4.02
_08988_,4.02
_09597_,4.02
_09655_,4.02
_09955_,4.02
_12924_,4.02
_12947_,4.02
_13803_,4.02
_14164_,4.02
cpu_mem_wdata\[26\],4.02
net15,4.02
net39,4.02
net4899,4.02
_04335_,4.015
_00795_,4
_00812_,4
_00855_,4
_01169_,4
_01174_,4
_01315_,4
_01420_,4
_01764_,4
_01798_,4
_02087_,4
_02119_,4
_02227_,4
_02490_,4
_02923_,4
_02982_,4
_03074_,4
_03080_,4
_03137_,4
_03142_,4
_03147_,4
_03153_,4
_03561_,4
_03856_,4
_03884_,4
_04011_,4
_04129_,4
_04130_,4
_04217_,4
_04328_,4
_04461_,4
_04858_,4
_05074_,4
_05115_,4
_05544_,4
_05646_,4
_05652_,4
_06445_,4
_06479_,4
_06617_,4
_07373_,4
_07858_,4
_07862_,4
_08141_,4
_08244_,4
_08263_,4
_08287_,4
_08290_,4
_08338_,4
_08484_,4
_09291_,4
_09554_,4
_09562_,4
_09700_,4
_09819_,4
_09862_,4
_09873_,4
_10001_,4
_10137_,4
_10191_,4
_10214_,4
_10272_,4
_10456_,4
_10509_,4
_11214_,4
_11262_,4
_11822_,4
_12076_,4
_12089_,4
_12122_,4
_12134_,4
_13493_,4
_13510_,4
cpu_mem_instr,4
cpu_mem_wdata\[30\],4
u_cpu.count_cycle\[16\],4
u_cpu.pcpi_rs1\[24\],4
u_cpu.reg_out\[1\],4
u_interconnect.m_axi_araddr\[27\],4
u_interconnect.m_axi_awaddr\[12\],4
u_interconnect.s0_axi_rdata\[21\],4
u_sram.mem\[10\]\[7\],4
u_sram.mem\[11\]\[28\],4
u_sram.mem\[18\]\[10\],4
u_sram.mem\[18\]\[5\],4
u_sram.mem\[23\]\[14\],4
u_sram.mem\[23\]\[26\],4
u_sram.mem\[2\]\[3\],4
u_sram.mem\[30\]\[7\],4
u_sram.mem\[35\]\[0\],4
u_sram.mem\[36\]\[2\],4
u_sram.mem\[42\]\[22\],4
u_sram.mem\[52\]\[2\],4
u_sram.mem\[53\]\[13\],4
u_sram.mem\[5\]\[26\],4
u_sram.mem\[5\]\[4\],4
u_sram.mem\[63\]\[15\],4
u_sram.mem\[63\]\[29\],4
u_sram.mem\[63\]\[31\],4
u_sram.mem\[9\]\[27\],4
u_uart.u_rx.bit_cnt\[2\],4
u_uart.u_rx.shift_reg\[2\],4
net260,4
net1385,4
net1396,4
net1458,4
net1813,4
net2650,4
net2977,4
net3231,4
net3268,4
net3291,4
net3465,4
net3476,4
net3531,4
net4102,4
net4538,4
net4834,4
net4962,4
net5016,4
_13011_,3.99
_02014_,3.98
_02375_,3.98
_06490_,3.98
_08378_,3.98
_10558_,3.98
_12038_,3.98
u_cpu.is_alu_reg_reg,3.98
u_sram.mem\[43\]\[17\],3.98
u_sram.mem\[6\]\[17\],3.98
net4512,3.98
_01557_,3.975
_00491_,3.965
_00613_,3.965
_00672_,3.965
_00881_,3.965
_01088_,3.965
_01198_,3.965
_01695_,3.965
_01930_,3.965
_01989_,3.965
_02069_,3.965
_02252_,3.965
_02781_,3.965
_02892_,3.965
_03205_,3.965
_03384_,3.965
_03451_,3.965
_03741_,3.965
_03826_,3.965
_00600_,3.955
net4815,3.955
_00426_,3.925
_00431_,3.925
_00469_,3.925
_00471_,3.925
_00486_,3.925
_00545_,3.925
_00622_,3.925
_00623_,3.925
_00643_,3.925
_00683_,3.925
_00715_,3.925
_00848_,3.925
_01097_,3.925
_01120_,3.925
_01133_,3.925
_01311_,3.925
_01314_,3.925
_01379_,3.925
_01529_,3.925
_01530_,3.925
_01619_,3.925
_01708_,3.925
_02060_,3.925
_02106_,3.925
_02182_,3.925
_02339_,3.925
_02345_,3.925
_02410_,3.925
_02511_,3.925
_02512_,3.925
_02665_,3.925
_02827_,3.925
_03221_,3.925
_03253_,3.925
_03280_,3.925
_03411_,3.925
_03584_,3.925
_03709_,3.925
_03785_,3.925
net1639,3.925
net4153,3.925
net4632,3.925
net4821,3.925
net5088,3.925
_01284_,3.9
_01642_,3.9
_01683_,3.9
_02034_,3.9
_02501_,3.9
_02560_,3.9
_02777_,3.9
_03029_,3.9
_03775_,3.9
_03835_,3.9
_05251_,3.9
_05565_,3.9
_06223_,3.9
_06436_,3.9
_06645_,3.9
_06710_,3.9
_06799_,3.9
_07012_,3.9
_08456_,3.9
_08508_,3.9
_09074_,3.9
_11304_,3.9
_11485_,3.9
_12092_,3.9
_13474_,3.9
_13801_,3.9
_14003_,3.9
_14391_,3.9
_14474_,3.9
u_sram.mem\[29\]\[2\],3.9
u_uart.u_rx.clk_cnt\[7\],3.9
net4662,3.895
_01253_,3.88
_04137_,3.88
_04507_,3.88
_04590_,3.88
_04839_,3.88
_04927_,3.88
_04929_,3.88
_04976_,3.88
_05013_,3.88
_05084_,3.88
_05209_,3.88
_05268_,3.88
_06011_,3.88
_06151_,3.88
_06400_,3.88
_06451_,3.88
_06633_,3.88
_06796_,3.88
_07556_,3.88
_08223_,3.88
_08359_,3.88
_08624_,3.88
_08680_,3.88
_09202_,3.88
_09359_,3.88
_09406_,3.88
_09410_,3.88
_09569_,3.88
_09603_,3.88
_09921_,3.88
_10335_,3.88
_10387_,3.88
_10398_,3.88
_10718_,3.88
_11260_,3.88
_11720_,3.88
_11966_,3.88
_12211_,3.88
_13104_,3.88
_13162_,3.88
_13191_,3.88
_13324_,3.88
_13533_,3.88
_13667_,3.88
_14016_,3.88
_14158_,3.88
_14323_,3.88
u_cpu.mem_rdata_q\[15\],3.88
u_sram.mem\[11\]\[10\],3.88
u_sram.mem\[20\]\[11\],3.88
u_sram.mem\[33\]\[1\],3.88
u_sram.mem\[34\]\[6\],3.88
u_sram.mem\[35\]\[14\],3.88
u_sram.mem\[39\]\[11\],3.88
net18,3.88
net924,3.88
net2111,3.88
net2574,3.88
net3221,3.88
net4181,3.88
net4239,3.88
net4526,3.88
net5026,3.88
net5060,3.88
net5161,3.88
_10623_,3.875
_00067_,3.86
_06041_,3.86
_09967_,3.86
_11845_,3.86
u_sram.mem\[21\]\[13\],3.86
u_sram.mem\[23\]\[25\],3.86
u_sram.mem\[63\]\[8\],3.86
_00788_,3.845
net4333,3.845
net4571,3.84
_02925_,3.815
_00413_,3.81
_00580_,3.805
_01139_,3.805
_01675_,3.805
_01947_,3.805
_02023_,3.805
_02288_,3.805
_02566_,3.805
_02751_,3.805
_02765_,3.805
_03382_,3.805
_03425_,3.805
_03509_,3.805
_03629_,3.805
_03759_,3.805
_03988_,3.805
_09206_,3.805
net1010,3.805
u_uart.u_rx.clk_cnt\[8\],3.8
_06463_,3.79
_00438_,3.785
_01224_,3.78
_01849_,3.78
_02082_,3.78
_02403_,3.78
_02405_,3.78
_03194_,3.78
_03355_,3.78
_03572_,3.78
_03597_,3.78
_04184_,3.78
_04674_,3.78
_07623_,3.78
_08158_,3.78
_09744_,3.78
_10046_,3.78
_10153_,3.78
_10327_,3.78
_10822_,3.78
_11052_,3.78
_11422_,3.78
_11555_,3.78
_11633_,3.78
_11655_,3.78
_11832_,3.78
_11974_,3.78
_12164_,3.78
_13696_,3.78
_13977_,3.78
_13986_,3.78
net605,3.78
net641,3.78
net998,3.78
net1074,3.78
net1258,3.78
net1323,3.78
net1660,3.78
net1667,3.78
net1929,3.78
net1991,3.78
net2147,3.78
net2181,3.78
net2565,3.78
net2680,3.78
net2735,3.78
net2739,3.78
net2978,3.78
net3230,3.78
net3560,3.78
net3763,3.78
_06773_,3.77
_00074_,3.76
_00802_,3.76
_07157_,3.76
_09220_,3.76
u_interconnect.m_axi_awaddr\[9\],3.76
_01000_,3.755
_02977_,3.755
_04236_,3.755
u_sram.mem\[14\]\[9\],3.755
net2454,3.755
_05122_,3.74
_05928_,3.74
_11105_,3.74
_11279_,3.74
_12075_,3.74
_13173_,3.74
net1837,3.74
net2595,3.74
_00276_,3.71
_00448_,3.705
_00492_,3.705
_00513_,3.705
_00674_,3.705
_00947_,3.705
_00992_,3.705
_01155_,3.705
_01211_,3.705
_01301_,3.705
_01398_,3.705
_01671_,3.705
_01903_,3.705
_01952_,3.705
_02022_,3.705
_02053_,3.705
_02196_,3.705
_02349_,3.705
_02351_,3.705
_02353_,3.705
_02357_,3.705
_02358_,3.705
_02361_,3.705
_02797_,3.705
_02829_,3.705
_02860_,3.705
_02922_,3.705
_03236_,3.705
_03370_,3.705
_03439_,3.705
_03747_,3.705
_03804_,3.705
_04000_,3.705
_04290_,3.705
net1266,3.705
net1735,3.705
net1758,3.705
net3746,3.705
net4438,3.705
net4504,3.705
net4521,3.705
net4553,3.705
net4816,3.705
_00927_,3.685
_02257_,3.685
_02599_,3.685
_03343_,3.685
_03349_,3.685
_03495_,3.685
_04065_,3.685
_04175_,3.685
_01413_,3.68
_01415_,3.68
_01423_,3.68
_04313_,3.68
_04606_,3.68
_04656_,3.68
_04702_,3.68
_04857_,3.68
_04941_,3.68
_05483_,3.68
_05578_,3.68
_05579_,3.68
_05714_,3.68
_05854_,3.68
_06053_,3.68
_07303_,3.68
_07612_,3.68
_07906_,3.68
_07950_,3.68
_08122_,3.68
_08163_,3.68
_08912_,3.68
_09236_,3.68
_10701_,3.68
_11170_,3.68
_11704_,3.68
_12207_,3.68
_12962_,3.68
_13854_,3.68
_14100_,3.68
_14455_,3.68
_14519_,3.68
_14586_,3.68
net643,3.68
net1852,3.68
net5160,3.68
_00217_,3.66
_03104_,3.66
_03155_,3.66
_03159_,3.66
_05090_,3.66
_07656_,3.66
_08944_,3.66
_09094_,3.66
_09287_,3.66
_11236_,3.66
_11506_,3.66
_11858_,3.66
_11927_,3.66
_12141_,3.66
net857,3.66
net1183,3.66
net3558,3.66
net3897,3.66
net4063,3.66
net5110,3.66
_08808_,3.65
_00241_,3.64
_00411_,3.64
_05293_,3.64
_05440_,3.64
_06531_,3.64
_10044_,3.64
_10520_,3.64
_11957_,3.64
_13177_,3.64
_00566_,3.635
_01871_,3.635
net1496,3.635
_10332_,3.63
net2017,3.625
_03180_,3.62
_06095_,3.62
_00069_,3.61
_00079_,3.61
_01588_,3.605
_01945_,3.605
_02769_,3.605
_03683_,3.605
_03784_,3.605
_08878_,3.6
_00210_,3.59
_00213_,3.59
_00243_,3.59
_00318_,3.59
_00362_,3.59
_01098_,3.585
_01251_,3.585
_01278_,3.585
_01604_,3.585
_02185_,3.585
_02195_,3.585
_02294_,3.585
_03244_,3.585
_03336_,3.585
_03518_,3.585
_03748_,3.585
_04244_,3.585
net4271,3.585
net4875,3.585
_00254_,3.57
_01703_,3.565
_00728_,3.56
_00749_,3.56
_00765_,3.56
_00776_,3.56
_00790_,3.56
_00794_,3.56
_00889_,3.56
_00982_,3.56
_01012_,3.56
_01015_,3.56
_01017_,3.56
_01162_,3.56
_01322_,3.56
_01324_,3.56
_01339_,3.56
_01393_,3.56
_01539_,3.56
_01550_,3.56
_01631_,3.56
_01763_,3.56
_01804_,3.56
_01818_,3.56
_01920_,3.56
_02508_,3.56
_03016_,3.56
_03024_,3.56
_03026_,3.56
_03040_,3.56
_03059_,3.56
_03062_,3.56
_03066_,3.56
_03071_,3.56
_03072_,3.56
_03409_,3.56
_03475_,3.56
_03665_,3.56
_03676_,3.56
_03812_,3.56
_03831_,3.56
_03840_,3.56
_03843_,3.56
_04015_,3.56
_04018_,3.56
_04030_,3.56
_04032_,3.56
_04101_,3.56
_04112_,3.56
_04115_,3.56
_04123_,3.56
_04127_,3.56
_04128_,3.56
_05095_,3.56
_06074_,3.56
_06267_,3.56
_06478_,3.56
_06664_,3.56
_07991_,3.56
_08352_,3.56
_08358_,3.56
_08479_,3.56
_08579_,3.56
_08632_,3.56
_09134_,3.56
_09329_,3.56
_09747_,3.56
_10205_,3.56
_10338_,3.56
_10426_,3.56
_10609_,3.56
_10762_,3.56
_10763_,3.56
_10896_,3.56
_11003_,3.56
_11624_,3.56
_11663_,3.56
_11717_,3.56
_14446_,3.56
u_sram.mem\[43\]\[23\],3.56
_00015_,3.54
_00740_,3.54
_00785_,3.54
_00787_,3.54
_00827_,3.54
_00972_,3.54
_00985_,3.54
_01164_,3.54
_01334_,3.54
_01809_,3.54
_01912_,3.54
_03015_,3.54
_03088_,3.54
_03121_,3.54
_03160_,3.54
_03169_,3.54
_03830_,3.54
_03893_,3.54
_04083_,3.54
_04093_,3.54
_04114_,3.54
_04218_,3.54
_04326_,3.54
_04614_,3.54
_04653_,3.54
_05637_,3.54
_05882_,3.54
_05946_,3.54
_06009_,3.54
_06097_,3.54
_06174_,3.54
_06252_,3.54
_06369_,3.54
_06589_,3.54
_06685_,3.54
_06744_,3.54
_07891_,3.54
_07935_,3.54
_08195_,3.54
_08239_,3.54
_08252_,3.54
_08269_,3.54
_08397_,3.54
_08759_,3.54
_09266_,3.54
_09273_,3.54
_09492_,3.54
_09979_,3.54
_10164_,3.54
_10232_,3.54
_10265_,3.54
_10294_,3.54
_10508_,3.54
_10531_,3.54
_10573_,3.54
_10920_,3.54
_10931_,3.54
_11772_,3.54
_11898_,3.54
_11961_,3.54
_11982_,3.54
_12152_,3.54
_13087_,3.54
_13093_,3.54
_13095_,3.54
_13496_,3.54
_13559_,3.54
_13626_,3.54
_13870_,3.54
_14163_,3.54
cpu_mem_wdata\[1\],3.54
u_cpu.instr_auipc,3.54
u_cpu.mem_rdata_q\[18\],3.54
u_cpu.mem_rdata_q\[19\],3.54
u_cpu.mem_rdata_q\[27\],3.54
u_cpu.mem_rdata_q\[3\],3.54
u_cpu.reg_sh\[1\],3.54
u_interconnect.s0_axi_rdata\[26\],3.54
u_interconnect.s0_axi_rdata\[6\],3.54
u_interconnect.s1_axi_rdata\[8\],3.54
u_sram.mem\[10\]\[12\],3.54
u_sram.mem\[11\]\[12\],3.54
u_sram.mem\[11\]\[19\],3.54
u_sram.mem\[11\]\[4\],3.54
u_sram.mem\[12\]\[15\],3.54
u_sram.mem\[12\]\[21\],3.54
u_sram.mem\[14\]\[10\],3.54
u_sram.mem\[17\]\[28\],3.54
u_sram.mem\[18\]\[1\],3.54
u_sram.mem\[1\]\[11\],3.54
u_sram.mem\[1\]\[2\],3.54
u_sram.mem\[1\]\[3\],3.54
u_sram.mem\[20\]\[24\],3.54
u_sram.mem\[20\]\[25\],3.54
u_sram.mem\[20\]\[5\],3.54
u_sram.mem\[22\]\[12\],3.54
u_sram.mem\[23\]\[0\],3.54
u_sram.mem\[23\]\[3\],3.54
u_sram.mem\[26\]\[18\],3.54
u_sram.mem\[27\]\[15\],3.54
u_sram.mem\[27\]\[1\],3.54
u_sram.mem\[27\]\[23\],3.54
u_sram.mem\[27\]\[31\],3.54
u_sram.mem\[32\]\[26\],3.54
u_sram.mem\[34\]\[2\],3.54
u_sram.mem\[34\]\[30\],3.54
u_sram.mem\[47\]\[1\],3.54
u_sram.mem\[47\]\[5\],3.54
u_sram.mem\[48\]\[30\],3.54
u_sram.mem\[4\]\[24\],3.54
u_sram.mem\[4\]\[2\],3.54
u_sram.mem\[52\]\[10\],3.54
u_sram.mem\[53\]\[1\],3.54
u_sram.mem\[53\]\[9\],3.54
u_sram.mem\[54\]\[0\],3.54
u_sram.mem\[57\]\[5\],3.54
u_sram.mem\[57\]\[9\],3.54
u_sram.mem\[58\]\[7\],3.54
u_sram.mem\[5\]\[16\],3.54
u_sram.mem\[5\]\[17\],3.54
u_sram.mem\[63\]\[0\],3.54
u_sram.mem\[63\]\[2\],3.54
u_sram.mem\[63\]\[7\],3.54
u_sram.mem\[7\]\[30\],3.54
u_sram.mem\[7\]\[3\],3.54
u_sram.mem\[8\]\[0\],3.54
u_sram.mem\[8\]\[28\],3.54
u_sram.mem\[9\]\[2\],3.54
u_uart.rx_data_raw\[7\],3.54
u_uart.u_tx.shift_reg\[4\],3.54
net38,3.54
net195,3.54
net435,3.54
net448,3.54
net808,3.54
net871,3.54
net1032,3.54
net1091,3.54
net1443,3.54
net1473,3.54
net1525,3.54
net1673,3.54
net1992,3.54
net2210,3.54
net3267,3.54
net3285,3.54
net3384,3.54
net3390,3.54
net4091,3.54
net4144,3.54
net4976,3.54
net5008,3.54
_01019_,3.52
_02425_,3.52
_03849_,3.52
_06649_,3.52
_14050_,3.52
u_sram.mem\[60\]\[29\],3.52
_01859_,3.515
_01922_,3.515
_02080_,3.515
_12983_,3.515
net712,3.515
_00651_,3.505
_00677_,3.505
_01359_,3.505
_01377_,3.505
_01654_,3.505
_01701_,3.505
_01928_,3.505
_02032_,3.505
_02530_,3.505
_02953_,3.505
_03191_,3.505
_03659_,3.505
_03774_,3.505
_04167_,3.505
net4476,3.505
_02883_,3.485
_00365_,3.47
_00011_,3.465
_00421_,3.465
_00429_,3.465
_00485_,3.465
_00617_,3.465
_00995_,3.465
_01099_,3.465
_01128_,3.465
_01188_,3.465
_01231_,3.465
_01233_,3.465
_01372_,3.465
_01380_,3.465
_01383_,3.465
_01526_,3.465
_01532_,3.465
_01612_,3.465
_01620_,3.465
_01678_,3.465
_01709_,3.465
_01718_,3.465
_01864_,3.465
_01885_,3.465
_01941_,3.465
_01962_,3.465
_01995_,3.465
_02000_,3.465
_02006_,3.465
_02016_,3.465
_02098_,3.465
_02244_,3.465
_02291_,3.465
_02344_,3.465
_02350_,3.465
_02368_,3.465
_02378_,3.465
_02393_,3.465
_02407_,3.465
_02495_,3.465
_02653_,3.465
_02697_,3.465
_02701_,3.465
_02705_,3.465
_02716_,3.465
_02832_,3.465
_02853_,3.465
_02882_,3.465
_02937_,3.465
_02957_,3.465
_03202_,3.465
_03278_,3.465
_03286_,3.465
_03324_,3.465
_03359_,3.465
_03407_,3.465
_03458_,3.465
_03519_,3.465
_03524_,3.465
_03626_,3.465
_03667_,3.465
_03707_,3.465
_03711_,3.465
_03716_,3.465
_03998_,3.465
_04071_,3.465
_04074_,3.465
_04168_,3.465
_04254_,3.465
_01362_,3.44
_01687_,3.44
_02658_,3.44
_03135_,3.44
_03447_,3.44
_03795_,3.44
_04321_,3.44
_04383_,3.44
_04826_,3.44
_04953_,3.44
_05221_,3.44
_07953_,3.44
_08356_,3.44
_08686_,3.44
_09560_,3.44
_10392_,3.44
_10438_,3.44
_10548_,3.44
_10971_,3.44
_11861_,3.44
_11948_,3.44
_13220_,3.44
_13379_,3.44
_13767_,3.44
_13823_,3.44
_14061_,3.44
_14255_,3.44
_14495_,3.44
b_state\[0\],3.44
u_cpu.count_instr\[19\],3.44
u_cpu.reg_next_pc\[2\],3.44
u_sram.mem\[20\]\[14\],3.44
net4519,3.44
net4675,3.44
net2886,3.43
_00725_,3.42
_01005_,3.42
_04392_,3.42
_04418_,3.42
_04505_,3.42
_04720_,3.42
_05089_,3.42
_05258_,3.42
_05473_,3.42
_05835_,3.42
_06061_,3.42
_06273_,3.42
_06429_,3.42
_06459_,3.42
_06511_,3.42
_06552_,3.42
_06567_,3.42
_06739_,3.42
_06762_,3.42
_07682_,3.42
_07992_,3.42
_08128_,3.42
_08275_,3.42
_08293_,3.42
_08447_,3.42
_08663_,3.42
_08871_,3.42
_09518_,3.42
_09945_,3.42
_09975_,3.42
_10346_,3.42
_10410_,3.42
_10468_,3.42
_10877_,3.42
_11046_,3.42
_11705_,3.42
_12095_,3.42
_12239_,3.42
_12261_,3.42
_12928_,3.42
_13517_,3.42
_13552_,3.42
_14490_,3.42
u_cpu.alu_out\[0\],3.42
u_cpu.reg_out\[0\],3.42
u_sram.mem\[13\]\[22\],3.42
u_uart.tx_valid,3.42
net1112,3.42
net1203,3.42
net2784,3.42
net2876,3.42
net3822,3.42
net4081,3.42
net4131,3.42
net4989,3.42
_01346_,3.4
_02423_,3.4
_03067_,3.4
_03082_,3.4
_03940_,3.4
_04160_,3.4
u_sram.mem\[23\]\[15\],3.4
_11140_,3.38
_00332_,3.37
_00096_,3.35
_00109_,3.35
_00229_,3.35
_00427_,3.345
_00524_,3.345
_00584_,3.345
_00606_,3.345
_00680_,3.345
_00717_,3.345
_00909_,3.345
_00941_,3.345
_01144_,3.345
_01146_,3.345
_01147_,3.345
_01897_,3.345
_02013_,3.345
_02138_,3.345
_02147_,3.345
_02148_,3.345
_02152_,3.345
_02157_,3.345
_02159_,3.345
_02226_,3.345
_02283_,3.345
_02325_,3.345
_02622_,3.345
_02656_,3.345
_02696_,3.345
_02707_,3.345
_02708_,3.345
_02714_,3.345
_02752_,3.345
_02812_,3.345
_02834_,3.345
_02935_,3.345
_03258_,3.345
_03272_,3.345
_03299_,3.345
_03388_,3.345
_03522_,3.345
_03534_,3.345
_03582_,3.345
_03596_,3.345
_03681_,3.345
_03719_,3.345
_03746_,3.345
_03986_,3.345
_04173_,3.345
net1980,3.345
_00697_,3.32
_00844_,3.32
_01084_,3.32
_01950_,3.32
_02044_,3.32
_02572_,3.32
_02909_,3.32
_03450_,3.32
_04177_,3.32
_04185_,3.32
_04525_,3.32
_05159_,3.32
_06002_,3.32
_06047_,3.32
_08673_,3.32
_08833_,3.32
_09561_,3.32
_09724_,3.32
_09738_,3.32
_09799_,3.32
_09800_,3.32
_09847_,3.32
_09981_,3.32
_10490_,3.32
_10498_,3.32
_10546_,3.32
_10720_,3.32
_10787_,3.32
_10894_,3.32
_10895_,3.32
_11293_,3.32
_11468_,3.32
_11476_,3.32
_11484_,3.32
_11631_,3.32
_12099_,3.32
_12210_,3.32
_12930_,3.32
_13584_,3.32
_13648_,3.32
_14382_,3.32
_14462_,3.32
u_cpu.alu_out\[11\],3.32
net294,3.32
net686,3.32
net1162,3.32
net1197,3.32
net1438,3.32
net1625,3.32
net1945,3.32
net1994,3.32
net2011,3.32
net2572,3.32
net2740,3.32
net2794,3.32
net2844,3.32
net2868,3.32
net2914,3.32
net2949,3.32
net3107,3.32
net3245,3.32
net3360,3.32
net3522,3.32
net3544,3.32
net3545,3.32
net3988,3.32
_00051_,3.3
_00085_,3.3
_00108_,3.3
_00147_,3.3
_00289_,3.3
_01477_,3.3
_01817_,3.3
_06287_,3.3
_07618_,3.3
_07973_,3.3
_08493_,3.3
u_cpu.mem_rdata_q\[30\],3.3
net3463,3.3
net3780,3.3
_03511_,3.295
_00488_,3.245
_00609_,3.245
_00685_,3.245
_00710_,3.245
_00912_,3.245
_00939_,3.245
_00958_,3.245
_00990_,3.245
_01001_,3.245
_01122_,3.245
_01137_,3.245
_01249_,3.245
_01252_,3.245
_01498_,3.245
_01563_,3.245
_01872_,3.245
_01938_,3.245
_01940_,3.245
_01978_,3.245
_02020_,3.245
_02088_,3.245
_02107_,3.245
_02266_,3.245
_02268_,3.245
_02277_,3.245
_02290_,3.245
_02343_,3.245
_02389_,3.245
_02390_,3.245
_02477_,3.245
_02547_,3.245
_02594_,3.245
_02627_,3.245
_02632_,3.245
_02673_,3.245
_02690_,3.245
_02731_,3.245
_02771_,3.245
_02775_,3.245
_02802_,3.245
_02864_,3.245
_02918_,3.245
_03179_,3.245
_03249_,3.245
_03329_,3.245
_03369_,3.245
_03376_,3.245
_03421_,3.245
_03427_,3.245
_03428_,3.245
_03442_,3.245
_03471_,3.245
_03480_,3.245
_03526_,3.245
_03564_,3.245
_03750_,3.245
_03763_,3.245
_03789_,3.245
_03805_,3.245
_03821_,3.245
net4427,3.245
net4848,3.245
_00576_,3.225
_00597_,3.225
_00656_,3.225
_02480_,3.225
_02565_,3.225
_02638_,3.225
_02728_,3.225
_02787_,3.225
_03472_,3.225
_03694_,3.225
_04019_,3.225
_00042_,3.22
_01395_,3.22
_01758_,3.22
_03170_,3.22
_04142_,3.22
_05404_,3.22
_05688_,3.22
_05720_,3.22
_05891_,3.22
_06360_,3.22
_06687_,3.22
_07034_,3.22
_07376_,3.22
_08421_,3.22
_08518_,3.22
_08678_,3.22
_09113_,3.22
_09165_,3.22
_09797_,3.22
_10832_,3.22
_12180_,3.22
_12255_,3.22
_13856_,3.22
b_state\[2\],3.22
u_interconnect.m_axi_wdata\[1\],3.22
net845,3.22
net1544,3.22
net1696,3.22
net3185,3.22
net3469,3.22
net3586,3.22
net3611,3.22
net3844,3.22
_00738_,3.2
_01327_,3.2
_03130_,3.2
_03154_,3.2
_04033_,3.2
_04713_,3.2
_05009_,3.2
_05380_,3.2
_07188_,3.2
_08711_,3.2
_10230_,3.2
_10757_,3.2
_11765_,3.2
_13800_,3.2
net81,3.2
net651,3.2
net2826,3.2
net5014,3.2
net5029,3.2
_04452_,3.18
_05167_,3.18
_05213_,3.18
_06861_,3.18
_08402_,3.18
_09212_,3.18
_11510_,3.18
_00467_,3.175
_00579_,3.175
_00857_,3.175
_00923_,3.175
_00955_,3.175
_01603_,3.175
_01607_,3.175
_01924_,3.175
_01925_,3.175
_01926_,3.175
_02035_,3.175
_02108_,3.175
_02140_,3.175
_02144_,3.175
_02146_,3.175
_02473_,3.175
_02509_,3.175
_02700_,3.175
_02806_,3.175
_02929_,3.175
_03203_,3.175
_03378_,3.175
_03484_,3.175
_03685_,3.175
_03721_,3.175
_03734_,3.175
_03973_,3.175
net1539,3.175
net2830,3.175
_00137_,3.15
_00220_,3.15
_00224_,3.15
_00353_,3.15
_01054_,3.145
_01528_,3.145
_02557_,3.145
_02875_,3.145
_03786_,3.145
_04067_,3.145
_02822_,3.135
_00345_,3.13
_00368_,3.13
_00692_,3.125
_01068_,3.125
_01672_,3.125
_02175_,3.125
_02767_,3.125
_03283_,3.125
_03314_,3.125
_03593_,3.125
_03615_,3.125
_03652_,3.125
net737,3.125
net1810,3.125
_03808_,3.105
_01018_,3.1
_04666_,3.1
_05616_,3.1
_05618_,3.1
_05639_,3.1
_05658_,3.1
_06607_,3.1
_06835_,3.1
_08435_,3.1
_08703_,3.1
_09248_,3.1
_09591_,3.1
_09772_,3.1
_10355_,3.1
_11461_,3.1
_12915_,3.1
_13075_,3.1
_14121_,3.1
u_sram.mem\[0\]\[2\],3.1
_00768_,3.08
_00773_,3.08
_00791_,3.08
_00971_,3.08
_00977_,3.08
_01161_,3.08
_01176_,3.08
_01340_,3.08
_01343_,3.08
_01744_,3.08
_01753_,3.08
_01806_,3.08
_01813_,3.08
_01966_,3.08
_02976_,3.08
_03053_,3.08
_03077_,3.08
_03093_,3.08
_03513_,3.08
_03675_,3.08
_03850_,3.08
_03905_,3.08
_04024_,3.08
_04091_,3.08
_04140_,3.08
_04200_,3.08
_04358_,3.08
_04409_,3.08
_04472_,3.08
_04580_,3.08
_04737_,3.08
_05027_,3.08
_05192_,3.08
_05219_,3.08
_05523_,3.08
_05586_,3.08
_05959_,3.08
_06157_,3.08
_06182_,3.08
_06219_,3.08
_06265_,3.08
_06364_,3.08
_06392_,3.08
_06590_,3.08
_06596_,3.08
_06705_,3.08
_06768_,3.08
_07392_,3.08
_07634_,3.08
_07674_,3.08
_07821_,3.08
_07937_,3.08
_07967_,3.08
_07977_,3.08
_08100_,3.08
_08167_,3.08
_08424_,3.08
_09158_,3.08
_09440_,3.08
_09615_,3.08
_09688_,3.08
_09691_,3.08
_09704_,3.08
_09836_,3.08
_09916_,3.08
_10155_,3.08
_10231_,3.08
_10322_,3.08
_10407_,3.08
_10617_,3.08
_11150_,3.08
_11257_,3.08
_11265_,3.08
_11375_,3.08
_11400_,3.08
_11865_,3.08
_11914_,3.08
_12066_,3.08
_12115_,3.08
_13167_,3.08
_13758_,3.08
_13831_,3.08
_14254_,3.08
_14590_,3.08
cpu_mem_addr\[18\],3.08
cpu_mem_wdata\[25\],3.08
cpu_mem_wdata\[3\],3.08
u_cpu.count_cycle\[2\],3.08
u_cpu.cpu_state\[3\],3.08
u_cpu.instr_beq,3.08
u_cpu.reg_out\[6\],3.08
u_interconnect.m_axi_wdata\[7\],3.08
u_interconnect.s0_axi_rdata\[15\],3.08
u_interconnect.s0_axi_rdata\[5\],3.08
u_interconnect.s0_axi_rdata\[8\],3.08
u_interconnect.s0_axi_rdata\[9\],3.08
u_interconnect.s1_axi_rdata\[3\],3.08
u_sram.mem\[0\]\[23\],3.08
u_sram.mem\[0\]\[25\],3.08
u_sram.mem\[0\]\[29\],3.08
u_sram.mem\[10\]\[21\],3.08
u_sram.mem\[10\]\[9\],3.08
u_sram.mem\[12\]\[13\],3.08
u_sram.mem\[13\]\[10\],3.08
u_sram.mem\[13\]\[3\],3.08
u_sram.mem\[17\]\[31\],3.08
u_sram.mem\[18\]\[0\],3.08
u_sram.mem\[18\]\[17\],3.08
u_sram.mem\[18\]\[9\],3.08
u_sram.mem\[1\]\[1\],3.08
u_sram.mem\[20\]\[6\],3.08
u_sram.mem\[21\]\[27\],3.08
u_sram.mem\[21\]\[28\],3.08
u_sram.mem\[22\]\[30\],3.08
u_sram.mem\[22\]\[3\],3.08
u_sram.mem\[23\]\[10\],3.08
u_sram.mem\[23\]\[22\],3.08
u_sram.mem\[26\]\[24\],3.08
u_sram.mem\[26\]\[9\],3.08
u_sram.mem\[41\]\[12\],3.08
u_sram.mem\[42\]\[21\],3.08
u_sram.mem\[43\]\[2\],3.08
u_sram.mem\[44\]\[25\],3.08
u_sram.mem\[44\]\[26\],3.08
u_sram.mem\[44\]\[31\],3.08
u_sram.mem\[48\]\[31\],3.08
u_sram.mem\[49\]\[13\],3.08
u_sram.mem\[52\]\[0\],3.08
u_sram.mem\[52\]\[15\],3.08
u_sram.mem\[52\]\[21\],3.08
u_sram.mem\[53\]\[5\],3.08
u_sram.mem\[57\]\[7\],3.08
u_sram.mem\[63\]\[25\],3.08
u_sram.mem\[7\]\[1\],3.08
u_sram.mem\[7\]\[5\],3.08
u_uart.buf_data\[5\],3.08
u_uart.u_tx.clk_cnt\[5\],3.08
u_uart.u_tx.clk_cnt\[6\],3.08
net813,3.08
net1023,3.08
net1389,3.08
net1693,3.08
net1848,3.08
net1986,3.08
net2099,3.08
net2410,3.08
net2573,3.08
net3025,3.08
net3670,3.08
net3875,3.08
net4188,3.08
net4921,3.08
net5022,3.08
net5025,3.08
net5043,3.08
_01759_,3.06
_01967_,3.06
_04586_,3.06
_06356_,3.06
_07836_,3.06
_08851_,3.06
_09523_,3.06
_09643_,3.06
_11508_,3.06
u_interconnect.s0_axi_rdata\[27\],3.06
u_sram.mem\[10\]\[0\],3.06
u_sram.mem\[23\]\[28\],3.06
u_sram.mem\[56\]\[8\],3.06
_01258_,3.055
_02156_,3.055
_00577_,3.045
_00587_,3.045
_00660_,3.045
_00662_,3.045
_00946_,3.045
_01250_,3.045
_01282_,3.045
_01454_,3.045
_01927_,3.045
_02197_,3.045
_02434_,3.045
_02715_,3.045
_02818_,3.045
_02906_,3.045
_03282_,3.045
net424,3.045
_00423_,3.005
_00436_,3.005
_00512_,3.005
_00594_,3.005
_00883_,3.005
_00929_,3.005
_00938_,3.005
_00952_,3.005
_00998_,3.005
_01066_,3.005
_01194_,3.005
_01229_,3.005
_01241_,3.005
_01290_,3.005
_01381_,3.005
_01384_,3.005
_01608_,3.005
_01609_,3.005
_01868_,3.005
_01987_,3.005
_02194_,3.005
_02201_,3.005
_02221_,3.005
_02280_,3.005
_02293_,3.005
_02300_,3.005
_02320_,3.005
_02366_,3.005
_02645_,3.005
_02651_,3.005
_02702_,3.005
_02741_,3.005
_02816_,3.005
_02819_,3.005
_02820_,3.005
_02823_,3.005
_02824_,3.005
_02825_,3.005
_02840_,3.005
_03181_,3.005
_03216_,3.005
_03238_,3.005
_03270_,3.005
_03307_,3.005
_03326_,3.005
_03373_,3.005
_03494_,3.005
_03498_,3.005
_03517_,3.005
_03575_,3.005
_03608_,3.005
_03625_,3.005
_03654_,3.005
_03712_,3.005
_03761_,3.005
_03803_,3.005
_04183_,3.005
_04187_,3.005
_03185_,2.98
_03630_,2.98
_03963_,2.98
_04229_,2.98
_04235_,2.98
_09612_,2.98
_10309_,2.98
_11030_,2.98
_11896_,2.98
_13424_,2.98
_04591_,2.96
_04834_,2.96
_04888_,2.96
_05271_,2.96
_05543_,2.96
_05748_,2.96
_05767_,2.96
_06305_,2.96
_06482_,2.96
_06484_,2.96
_06748_,2.96
_07117_,2.96
_07526_,2.96
_07687_,2.96
_07807_,2.96
_08112_,2.96
_08124_,2.96
_08185_,2.96
_08265_,2.96
_08346_,2.96
_08451_,2.96
_08530_,2.96
_08577_,2.96
_08605_,2.96
_08896_,2.96
_08981_,2.96
_09098_,2.96
_09131_,2.96
_09265_,2.96
_09868_,2.96
_10363_,2.96
_10566_,2.96
_11325_,2.96
_11345_,2.96
_11954_,2.96
_13174_,2.96
_13352_,2.96
_13581_,2.96
_14038_,2.96
_14075_,2.96
_14167_,2.96
u_interconnect.wr_sel_r\[1\],2.96
u_sram.mem\[17\]\[23\],2.96
u_sram.mem\[18\]\[31\],2.96
u_sram.mem\[34\]\[11\],2.96
u_sram.mem\[59\]\[17\],2.96
u_sram.mem\[6\]\[4\],2.96
net1157,2.96
net1616,2.96
net1724,2.96
net2601,2.96
net4014,2.96
net4854,2.96
_01841_,2.945
_02483_,2.935
_04038_,2.925
_00052_,2.89
_00240_,2.89
_00282_,2.89
_00349_,2.89
_00366_,2.89
_00573_,2.885
_00944_,2.885
_00991_,2.885
_01134_,2.885
_01149_,2.885
_01232_,2.885
_01297_,2.885
_01298_,2.885
_01303_,2.885
_01610_,2.885
_01644_,2.885
_02141_,2.885
_02158_,2.885
_02206_,2.885
_02224_,2.885
_02236_,2.885
_02259_,2.885
_02308_,2.885
_02476_,2.885
_02831_,2.885
_02849_,2.885
_02865_,2.885
_02990_,2.885
_03248_,2.885
_03538_,2.885
_03624_,2.885
_03631_,2.885
_03679_,2.885
_03717_,2.885
net415,2.885
_00452_,2.86
_00556_,2.86
_01052_,2.86
_01690_,2.86
_01882_,2.86
_02092_,2.86
_02229_,2.86
_02243_,2.86
_02321_,2.86
_02475_,2.86
_02531_,2.86
_02578_,2.86
_02584_,2.86
_02847_,2.86
_03262_,2.86
_03569_,2.86
_03643_,2.86
_03660_,2.86
_03760_,2.86
_03809_,2.86
_04070_,2.86
_04260_,2.86
_05111_,2.86
_06713_,2.86
_08413_,2.86
_08804_,2.86
_09309_,2.86
_09884_,2.86
_09900_,2.86
_10085_,2.86
_10188_,2.86
_10237_,2.86
_10254_,2.86
_10316_,2.86
_10344_,2.86
_10993_,2.86
_11062_,2.86
_11241_,2.86
_11287_,2.86
_11427_,2.86
_11437_,2.86
_11727_,2.86
_12007_,2.86
_12053_,2.86
_12251_,2.86
_13585_,2.86
_13617_,2.86
_14216_,2.86
net95,2.86
net159,2.86
net218,2.86
net258,2.86
net279,2.86
net364,2.86
net386,2.86
net395,2.86
net399,2.86
net458,2.86
net518,2.86
net597,2.86
net645,2.86
net692,2.86
net711,2.86
net927,2.86
net1173,2.86
net1318,2.86
net1347,2.86
net1361,2.86
net1422,2.86
net1428,2.86
net1452,2.86
net1468,2.86
net1581,2.86
net1771,2.86
net1841,2.86
net1858,2.86
net1913,2.86
net2008,2.86
net2013,2.86
net2180,2.86
net2221,2.86
net2403,2.86
net2492,2.86
net2541,2.86
net2579,2.86
net2587,2.86
net2614,2.86
net2684,2.86
net2707,2.86
net2763,2.86
net2859,2.86
net2899,2.86
net3215,2.86
net3298,2.86
net3361,2.86
net3403,2.86
net3461,2.86
net3488,2.86
net3667,2.86
net4721,2.86
_00048_,2.84
_00063_,2.84
_00121_,2.84
_00156_,2.84
_00162_,2.84
_00168_,2.84
_00183_,2.84
_00300_,2.84
_00306_,2.84
_00354_,2.84
_00367_,2.84
_00406_,2.84
_02422_,2.84
_04121_,2.84
_04406_,2.84
_08671_,2.84
_11036_,2.84
u_sram.mem\[22\]\[18\],2.84
net1455,2.84
net2108,2.84
_01961_,2.835
_02052_,2.835
_02142_,2.835
_02230_,2.835
_02709_,2.835
_02730_,2.835
_02749_,2.835
_02826_,2.835
_03207_,2.835
_03246_,2.835
net761,2.835
_00479_,2.785
_00527_,2.785
_00552_,2.785
_00554_,2.785
_00657_,2.785
_00712_,2.785
_00957_,2.785
_01055_,2.785
_01094_,2.785
_01148_,2.785
_01276_,2.785
_01382_,2.785
_01439_,2.785
_01554_,2.785
_01556_,2.785
_01583_,2.785
_01613_,2.785
_01647_,2.785
_01658_,2.785
_01664_,2.785
_01669_,2.785
_01862_,2.785
_01865_,2.785
_01866_,2.785
_01874_,2.785
_01935_,2.785
_01980_,2.785
_02026_,2.785
_02027_,2.785
_02202_,2.785
_02258_,2.785
_02297_,2.785
_02301_,2.785
_02341_,2.785
_02408_,2.785
_02413_,2.785
_02435_,2.785
_02514_,2.785
_02526_,2.785
_02541_,2.785
_02544_,2.785
_02569_,2.785
_02635_,2.785
_02727_,2.785
_02733_,2.785
_02755_,2.785
_02759_,2.785
_02789_,2.785
_02821_,2.785
_02946_,2.785
_02961_,2.785
_03261_,2.785
_03383_,2.785
_03408_,2.785
_03528_,2.785
_03606_,2.785
_03686_,2.785
_03956_,2.785
_03984_,2.785
net2482,2.785
_00342_,2.77
_00371_,2.77
_02967_,2.765
_03562_,2.765
_01416_,2.76
_01761_,2.76
_05153_,2.76
_06736_,2.76
_06931_,2.76
_07332_,2.76
_07819_,2.76
_07990_,2.76
_08179_,2.76
_08251_,2.76
_08498_,2.76
_09472_,2.76
_09632_,2.76
_10048_,2.76
_10510_,2.76
_10622_,2.76
_11221_,2.76
_11264_,2.76
_11307_,2.76
_11463_,2.76
_11520_,2.76
_11825_,2.76
_11983_,2.76
_12029_,2.76
_12083_,2.76
_12223_,2.76
_12228_,2.76
_12932_,2.76
_13583_,2.76
u_interconnect.m_axi_araddr\[20\],2.76
u_uart.u_rx.shift_reg\[5\],2.76
net249,2.76
net794,2.76
net1257,2.76
net1464,2.76
net2150,2.76
net2163,2.76
net2288,2.76
net2438,2.76
net2488,2.76
net3082,2.76
net3137,2.76
net4619,2.76
net5031,2.76
_00075_,2.74
_00200_,2.74
_00764_,2.74
_00804_,2.74
_00805_,2.74
_01319_,2.74
_03143_,2.74
_05527_,2.74
_07089_,2.74
_08954_,2.74
_10207_,2.74
_11331_,2.74
_14133_,2.74
_14297_,2.74
net2880,2.74
net3354,2.74
net3425,2.74
net4299,2.74
_02416_,2.735
u_sram.mem\[35\]\[6\],2.735
_02917_,2.72
u_interconnect.m_axi_wdata\[3\],2.72
net2755,2.72
_00422_,2.715
_00496_,2.715
_00547_,2.715
_00551_,2.715
_00608_,2.715
_01063_,2.715
_01192_,2.715
_01238_,2.715
_01357_,2.715
_01473_,2.715
_01570_,2.715
_01581_,2.715
_01704_,2.715
_01884_,2.715
_02237_,2.715
_02307_,2.715
_02309_,2.715
_02319_,2.715
_02461_,2.715
_02520_,2.715
_02743_,2.715
_02877_,2.715
_03264_,2.715
_03351_,2.715
_03525_,2.715
_03655_,2.715
net1291,2.715
_00056_,2.69
_00090_,2.69
_00208_,2.69
_00209_,2.69
_00255_,2.69
_00291_,2.69
_00319_,2.69
_00321_,2.69
_00343_,2.69
_00347_,2.69
_00404_,2.69
_02527_,2.665
_03390_,2.665
net1194,2.665
_01179_,2.64
_05984_,2.64
_06788_,2.64
_07790_,2.64
_07798_,2.64
_08003_,2.64
_08403_,2.64
_08506_,2.64
_08659_,2.64
_08894_,2.64
_08937_,2.64
_09296_,2.64
_09708_,2.64
_09870_,2.64
_09895_,2.64
_10084_,2.64
_10110_,2.64
_10280_,2.64
_10357_,2.64
_10957_,2.64
_11278_,2.64
_11413_,2.64
_11431_,2.64
_11466_,2.64
_11524_,2.64
_11552_,2.64
_11554_,2.64
_11907_,2.64
_12018_,2.64
_12020_,2.64
_12104_,2.64
_12121_,2.64
_12252_,2.64
_13321_,2.64
_13633_,2.64
_13851_,2.64
_14212_,2.64
_14276_,2.64
_14346_,2.64
u_sram.mem\[21\]\[21\],2.64
net4527,2.64
_08205_,2.635
_00025_,2.62
_00797_,2.62
_00829_,2.62
_00956_,2.62
_00965_,2.62
_00986_,2.62
_01124_,2.62
_01403_,2.62
_01414_,2.62
_01465_,2.62
_01706_,2.62
_01801_,2.62
_01824_,2.62
_01921_,2.62
_02134_,2.62
_02179_,2.62
_02239_,2.62
_02395_,2.62
_02396_,2.62
_02468_,2.62
_02934_,2.62
_02970_,2.62
_03011_,2.62
_03020_,2.62
_03031_,2.62
_03037_,2.62
_03043_,2.62
_03047_,2.62
_03051_,2.62
_03055_,2.62
_03076_,2.62
_03122_,2.62
_03465_,2.62
_03474_,2.62
_03619_,2.62
_03869_,2.62
_04044_,2.62
_04046_,2.62
_04153_,2.62
_04155_,2.62
_04206_,2.62
_04212_,2.62
_04319_,2.62
_04466_,2.62
_04708_,2.62
_05132_,2.62
_05177_,2.62
_05189_,2.62
_06037_,2.62
_06187_,2.62
_06385_,2.62
_06641_,2.62
_06822_,2.62
_06948_,2.62
_07015_,2.62
_07160_,2.62
_07346_,2.62
_07796_,2.62
_07930_,2.62
_07969_,2.62
_07988_,2.62
_08145_,2.62
_08146_,2.62
_08166_,2.62
_08209_,2.62
_08264_,2.62
_08334_,2.62
_08339_,2.62
_08350_,2.62
_08559_,2.62
_08630_,2.62
_08735_,2.62
_08846_,2.62
_08973_,2.62
_08993_,2.62
_09062_,2.62
_09155_,2.62
_09370_,2.62
_09417_,2.62
_09550_,2.62
_09645_,2.62
_09742_,2.62
_10189_,2.62
_10252_,2.62
_10308_,2.62
_10412_,2.62
_10427_,2.62
_10705_,2.62
_10839_,2.62
_11123_,2.62
_11235_,2.62
_11354_,2.62
_11356_,2.62
_11607_,2.62
_11925_,2.62
_13165_,2.62
_13472_,2.62
_13677_,2.62
_13852_,2.62
_13918_,2.62
_14329_,2.62
cpu_mem_rdata\[5\],2.62
cpu_mem_wdata\[17\],2.62
u_cpu.count_cycle\[30\],2.62
u_cpu.count_cycle\[4\],2.62
u_cpu.count_cycle\[9\],2.62
u_cpu.pcpi_rs2\[14\],2.62
u_cpu.reg_next_pc\[20\],2.62
u_cpu.reg_next_pc\[8\],2.62
u_cpu.reg_out\[21\],2.62
u_interconnect.s0_axi_rdata\[16\],2.62
u_interconnect.s0_axi_rdata\[18\],2.62
u_interconnect.s0_axi_rdata\[25\],2.62
u_interconnect.s0_axi_rdata\[2\],2.62
u_interconnect.s2_axi_rvalid,2.62
u_interconnect.wr_sel_r\[2\],2.62
u_sram.mem\[0\]\[14\],2.62
u_sram.mem\[0\]\[6\],2.62
u_sram.mem\[10\]\[26\],2.62
u_sram.mem\[11\]\[1\],2.62
u_sram.mem\[15\]\[1\],2.62
u_sram.mem\[15\]\[25\],2.62
u_sram.mem\[17\]\[0\],2.62
u_sram.mem\[20\]\[30\],2.62
u_sram.mem\[20\]\[4\],2.62
u_sram.mem\[21\]\[20\],2.62
u_sram.mem\[21\]\[24\],2.62
u_sram.mem\[21\]\[29\],2.62
u_sram.mem\[21\]\[8\],2.62
u_sram.mem\[22\]\[1\],2.62
u_sram.mem\[27\]\[16\],2.62
u_sram.mem\[35\]\[9\],2.62
u_sram.mem\[37\]\[3\],2.62
u_sram.mem\[44\]\[18\],2.62
u_sram.mem\[48\]\[7\],2.62
u_sram.mem\[50\]\[4\],2.62
u_sram.mem\[53\]\[11\],2.62
u_sram.mem\[53\]\[15\],2.62
u_sram.mem\[53\]\[19\],2.62
u_sram.mem\[54\]\[2\],2.62
u_sram.mem\[58\]\[19\],2.62
u_sram.mem\[59\]\[2\],2.62
u_sram.mem\[59\]\[31\],2.62
u_sram.mem\[5\]\[12\],2.62
u_sram.mem\[5\]\[18\],2.62
u_sram.mem\[5\]\[24\],2.62
u_sram.mem\[63\]\[12\],2.62
u_sram.mem\[8\]\[11\],2.62
u_sram.mem\[8\]\[1\],2.62
u_sram.mem\[9\]\[21\],2.62
net866,2.62
net935,2.62
net1075,2.62
net1089,2.62
net1295,2.62
net1668,2.62
net1855,2.62
net2550,2.62
net2726,2.62
net4228,2.62
net4948,2.62
net1982,2.605
net4799,2.605
_02429_,2.6
_00641_,2.595
_02079_,2.595
_02623_,2.595
_02793_,2.595
_02879_,2.595
_03700_,2.595
_03952_,2.595
_03968_,2.595
_04060_,2.595
net2904,2.595
_00543_,2.585
_00871_,2.585
_01997_,2.585
_01998_,2.585
_02083_,2.585
_02305_,2.585
_02409_,2.585
_02462_,2.585
_02650_,2.585
_02779_,2.585
_02874_,2.585
_02885_,2.585
_03210_,2.585
_03335_,2.585
_03638_,2.585
_03720_,2.585
_03779_,2.585
_04238_,2.585
_00417_,2.545
_00472_,2.545
_00480_,2.545
_00483_,2.545
_00487_,2.545
_00505_,2.545
_00509_,2.545
_00568_,2.545
_00649_,2.545
_00659_,2.545
_00666_,2.545
_00668_,2.545
_00898_,2.545
_00928_,2.545
_00943_,2.545
_01141_,2.545
_01205_,2.545
_01214_,2.545
_01302_,2.545
_01390_,2.545
_01401_,2.545
_01445_,2.545
_01509_,2.545
_01514_,2.545
_01587_,2.545
_01599_,2.545
_01602_,2.545
_01645_,2.545
_01688_,2.545
_01691_,2.545
_01713_,2.545
_01858_,2.545
_01971_,2.545
_01976_,2.545
_01977_,2.545
_01996_,2.545
_02047_,2.545
_02056_,2.545
_02074_,2.545
_02102_,2.545
_02284_,2.545
_02316_,2.545
_02331_,2.545
_02364_,2.545
_02433_,2.545
_02437_,2.545
_02453_,2.545
_02459_,2.545
_02481_,2.545
_02507_,2.545
_02593_,2.545
_02648_,2.545
_02737_,2.545
_02742_,2.545
_02811_,2.545
_02856_,2.545
_02866_,2.545
_02873_,2.545
_02958_,2.545
_03227_,2.545
_03247_,2.545
_03438_,2.545
_03467_,2.545
_03486_,2.545
_03503_,2.545
_03603_,2.545
_03611_,2.545
_03645_,2.545
_03647_,2.545
_03656_,2.545
_03664_,2.545
_03671_,2.545
_03701_,2.545
_03702_,2.545
_03979_,2.545
_04169_,2.545
_04248_,2.545
_04249_,2.545
net1998,2.545
net2528,2.545
_01177_,2.52
_01910_,2.52
_01929_,2.52
_02830_,2.52
_02842_,2.52
_03823_,2.52
_05716_,2.52
_06295_,2.52
_06764_,2.52
_06979_,2.52
_07939_,2.52
_08143_,2.52
_08336_,2.52
_08405_,2.52
_10819_,2.52
_11019_,2.52
_11625_,2.52
_12267_,2.52
_13858_,2.52
u_cpu.reg_next_pc\[6\],2.52
net2295,2.52
_00128_,2.5
_00327_,2.5
_01540_,2.5
_02966_,2.5
_02981_,2.5
_03878_,2.5
_05018_,2.5
_05201_,2.5
_06338_,2.5
_06434_,2.5
_06502_,2.5
_06623_,2.5
_06807_,2.5
_06811_,2.5
_08090_,2.5
_08204_,2.5
_08296_,2.5
_08411_,2.5
_08469_,2.5
_08472_,2.5
_08526_,2.5
_08652_,2.5
_08893_,2.5
_09010_,2.5
_09057_,2.5
_09513_,2.5
_09573_,2.5
_09629_,2.5
_10107_,2.5
_10266_,2.5
_10276_,2.5
_10430_,2.5
_10502_,2.5
_10846_,2.5
_10966_,2.5
_11379_,2.5
_11570_,2.5
_11777_,2.5
_11978_,2.5
_12139_,2.5
_12205_,2.5
_13498_,2.5
_13694_,2.5
_13961_,2.5
_14081_,2.5
cpu_mem_rdata\[4\],2.5
u_cpu.reg_next_pc\[12\],2.5
u_cpu.reg_out\[14\],2.5
u_sram.mem\[27\]\[30\],2.5
net2047,2.5
net2270,2.5
net2980,2.5
net4419,2.5
net4522,2.5
net4626,2.5
net4814,2.5
net5113,2.5
_03288_,2.495
_01183_,2.485
_08299_,2.46
_01909_,2.435
_02376_,2.435
_00066_,2.43
_00112_,2.43
_00263_,2.43
_00290_,2.43
_01517_,2.425
_02630_,2.425
_03651_,2.425
net2644,2.42
_01125_,2.4
_06043_,2.4
_07839_,2.4
_07843_,2.4
_08455_,2.4
_09510_,2.4
_09544_,2.4
_10070_,2.4
_10765_,2.4
_10933_,2.4
_10997_,2.4
_11090_,2.4
_11196_,2.4
_11335_,2.4
_11390_,2.4
_11429_,2.4
_11526_,2.4
_11677_,2.4
_11690_,2.4
_11773_,2.4
_11928_,2.4
_11939_,2.4
_12933_,2.4
_13437_,2.4
_14054_,2.4
net157,2.4
net638,2.4
net931,2.4
net1557,2.4
net2239,2.4
net2297,2.4
net2434,2.4
net2440,2.4
net2480,2.4
net2501,2.4
net2549,2.4
net2571,2.4
net2639,2.4
net2717,2.4
net2873,2.4
net3101,2.4
net3125,2.4
net3250,2.4
net3438,2.4
net3617,2.4
net4823,2.4
_00027_,2.38
_00070_,2.38
_00094_,2.38
_00117_,2.38
_00143_,2.38
_00169_,2.38
_00190_,2.38
_00223_,2.38
_00236_,2.38
_00252_,2.38
_00259_,2.38
_00303_,2.38
_00340_,2.38
_00348_,2.38
_00357_,2.38
_00382_,2.38
_00384_,2.38
_00399_,2.38
_00408_,2.38
_00410_,2.38
_01286_,2.38
_01572_,2.38
_02910_,2.38
_04026_,2.38
_05496_,2.38
_07959_,2.38
_10461_,2.38
_11362_,2.38
_14549_,2.38
_00581_,2.375
_01580_,2.375
_01867_,2.375
_01972_,2.375
_02150_,2.375
_02223_,2.375
_02238_,2.375
_02296_,2.375
_03294_,2.375
_03356_,2.375
_03691_,2.375
net578,2.375
_00432_,2.325
_00506_,2.325
_00510_,2.325
_00526_,2.325
_00546_,2.325
_00550_,2.325
_00611_,2.325
_00670_,2.325
_00682_,2.325
_00901_,2.325
_00921_,2.325
_01090_,2.325
_01143_,2.325
_01244_,2.325
_01257_,2.325
_01300_,2.325
_01378_,2.325
_01405_,2.325
_01461_,2.325
_01487_,2.325
_01494_,2.325
_01496_,2.325
_01503_,2.325
_01521_,2.325
_01525_,2.325
_01549_,2.325
_01561_,2.325
_01567_,2.325
_01569_,2.325
_01600_,2.325
_01661_,2.325
_01670_,2.325
_01693_,2.325
_01838_,2.325
_01916_,2.325
_01960_,2.325
_01963_,2.325
_01983_,2.325
_02008_,2.325
_02029_,2.325
_02030_,2.325
_02033_,2.325
_02036_,2.325
_02051_,2.325
_02075_,2.325
_02103_,2.325
_02105_,2.325
_02112_,2.325
_02121_,2.325
_02127_,2.325
_02129_,2.325
_02256_,2.325
_02276_,2.325
_02314_,2.325
_02362_,2.325
_02365_,2.325
_02369_,2.325
_02598_,2.325
_02624_,2.325
_02717_,2.325
_02723_,2.325
_02739_,2.325
_02754_,2.325
_02813_,2.325
_02872_,2.325
_02881_,2.325
_02890_,2.325
_02920_,2.325
_02928_,2.325
_02998_,2.325
_03030_,2.325
_03174_,2.325
_03187_,2.325
_03212_,2.325
_03217_,2.325
_03225_,2.325
_03260_,2.325
_03263_,2.325
_03268_,2.325
_03269_,2.325
_03292_,2.325
_03296_,2.325
_03298_,2.325
_03302_,2.325
_03310_,2.325
_03325_,2.325
_03344_,2.325
_03364_,2.325
_03366_,2.325
_03397_,2.325
_03435_,2.325
_03452_,2.325
_03481_,2.325
_03508_,2.325
_03516_,2.325
_03527_,2.325
_03537_,2.325
_03592_,2.325
_03607_,2.325
_03622_,2.325
_03633_,2.325
_03642_,2.325
_03697_,2.325
_03699_,2.325
_03718_,2.325
_03738_,2.325
_03740_,2.325
_03742_,2.325
_03758_,2.325
_03953_,2.325
_03976_,2.325
_03982_,2.325
_03983_,2.325
_03995_,2.325
_03996_,2.325
_04052_,2.325
_04077_,2.325
_04194_,2.325
_04237_,2.325
_04253_,2.325
_00021_,2.305
_04131_,2.305
_04470_,2.3
_04563_,2.3
_04639_,2.3
_05054_,2.3
_05171_,2.3
_05278_,2.3
_05809_,2.3
_05932_,2.3
_05999_,2.3
_06027_,2.3
_06158_,2.3
_06376_,2.3
_06399_,2.3
_06517_,2.3
_06656_,2.3
_06718_,2.3
_06756_,2.3
_06772_,2.3
_07800_,2.3
_07860_,2.3
_08151_,2.3
_08419_,2.3
_08486_,2.3
_08554_,2.3
_08700_,2.3
_09295_,2.3
_09489_,2.3
_09531_,2.3
_09578_,2.3
_09665_,2.3
_09841_,2.3
_09851_,2.3
_09906_,2.3
_09925_,2.3
_10201_,2.3
_10246_,2.3
_10264_,2.3
_10312_,2.3
_10615_,2.3
_10985_,2.3
_11076_,2.3
_11087_,2.3
_11103_,2.3
_11134_,2.3
_11144_,2.3
_11188_,2.3
_11266_,2.3
_11364_,2.3
_11581_,2.3
_11605_,2.3
_11730_,2.3
_11851_,2.3
_11882_,2.3
_11930_,2.3
_12036_,2.3
_12153_,2.3
_12197_,2.3
_12922_,2.3
_12926_,2.3
_13121_,2.3
_13742_,2.3
_13786_,2.3
_14185_,2.3
net4866,2.3
net4883,2.3
net5087,2.3
_00266_,2.28
_00374_,2.28
_00770_,2.28
_00771_,2.28
_05442_,2.28
_05494_,2.28
_09128_,2.28
_09494_,2.28
_10976_,2.28
net2223,2.28
net3090,2.28
net5001,2.28
net5089,2.28
_00419_,2.255
_00478_,2.255
_00720_,2.255
_00890_,2.255
_00897_,2.255
_01085_,2.255
_01191_,2.255
_01295_,2.255
_01575_,2.255
_01601_,2.255
_01711_,2.255
_01846_,2.255
_02094_,2.255
_02124_,2.255
_02225_,2.255
_02282_,2.255
_02315_,2.255
_02617_,2.255
_02660_,2.255
_03197_,2.255
_03214_,2.255
_04073_,2.255
_04234_,2.255
net979,2.255
net4775,2.255
_00060_,2.23
_00092_,2.23
_00098_,2.23
_00104_,2.23
_00114_,2.23
_00139_,2.23
_00184_,2.23
_00193_,2.23
_00216_,2.23
_00218_,2.23
_00248_,2.23
_00261_,2.23
_00273_,2.23
_00275_,2.23
_00281_,2.23
_00285_,2.23
_00299_,2.23
_00326_,2.23
_00331_,2.23
_00356_,2.23
_00361_,2.23
_00379_,2.23
_00383_,2.23
_00387_,2.23
_00389_,2.23
_00396_,2.23
_00414_,2.23
_00072_,2.21
_00091_,2.21
_00130_,2.21
_00131_,2.21
_00153_,2.21
_00330_,2.21
_00564_,2.205
_08139_,2.2
_09069_,2.19
_01002_,2.18
_01158_,2.18
_01170_,2.18
_01185_,2.18
_01538_,2.18
_01894_,2.18
_04901_,2.18
_06351_,2.18
_06457_,2.18
_06487_,2.18
_06558_,2.18
_06670_,2.18
_06829_,2.18
_06914_,2.18
_07994_,2.18
_08218_,2.18
_08409_,2.18
_08491_,2.18
_08541_,2.18
_08997_,2.18
_09224_,2.18
_09690_,2.18
_09745_,2.18
_09866_,2.18
_09909_,2.18
_09922_,2.18
_10255_,2.18
_10780_,2.18
_10834_,2.18
_11378_,2.18
_11401_,2.18
_11513_,2.18
_12044_,2.18
_12214_,2.18
cpu_mem_wdata\[6\],2.18
u_sram.mem\[22\]\[2\],2.18
u_sram.mem\[53\]\[21\],2.18
u_sram.mem\[59\]\[26\],2.18
u_sram.mem\[6\]\[10\],2.18
net4093,2.18
net4727,2.18
_00023_,2.16
_00118_,2.16
_00167_,2.16
_00317_,2.16
_00782_,2.16
_00783_,2.16
_01076_,2.16
_01077_,2.16
_01160_,2.16
_01171_,2.16
_01196_,2.16
_01316_,2.16
_01325_,2.16
_01502_,2.16
_01574_,2.16
_01634_,2.16
_01826_,2.16
_01831_,2.16
_01898_,2.16
_01942_,2.16
_02111_,2.16
_02322_,2.16
_02371_,2.16
_02443_,2.16
_02444_,2.16
_02515_,2.16
_02915_,2.16
_02968_,2.16
_02975_,2.16
_02980_,2.16
_03002_,2.16
_03003_,2.16
_03004_,2.16
_03005_,2.16
_03042_,2.16
_03048_,2.16
_03049_,2.16
_03063_,2.16
_03084_,2.16
_03090_,2.16
_03094_,2.16
_03124_,2.16
_03129_,2.16
_03144_,2.16
_03219_,2.16
_03796_,2.16
_03813_,2.16
_03837_,2.16
_03858_,2.16
_03908_,2.16
_03915_,2.16
_03943_,2.16
_04082_,2.16
_04084_,2.16
_04088_,2.16
_04092_,2.16
_04096_,2.16
_04125_,2.16
_04139_,2.16
_04143_,2.16
_04146_,2.16
_04152_,2.16
_04158_,2.16
_04195_,2.16
_04202_,2.16
_04224_,2.16
_04262_,2.16
_04555_,2.16
_04833_,2.16
_04918_,2.16
_04987_,2.16
_05276_,2.16
_05488_,2.16
_05614_,2.16
_05973_,2.16
_06453_,2.16
_06636_,2.16
_06774_,2.16
_06815_,2.16
_06967_,2.16
_07317_,2.16
_07642_,2.16
_07657_,2.16
_07664_,2.16
_07866_,2.16
_07899_,2.16
_08258_,2.16
_08266_,2.16
_08374_,2.16
_08432_,2.16
_08641_,2.16
_08708_,2.16
_09020_,2.16
_09111_,2.16
_09115_,2.16
_09321_,2.16
_09371_,2.16
_09459_,2.16
_09618_,2.16
_09667_,2.16
_09668_,2.16
_09726_,2.16
_09773_,2.16
_09779_,2.16
_09802_,2.16
_09863_,2.16
_09876_,2.16
_09987_,2.16
_10091_,2.16
_10104_,2.16
_10116_,2.16
_10314_,2.16
_10391_,2.16
_10393_,2.16
_10416_,2.16
_10860_,2.16
_11075_,2.16
_11410_,2.16
_11840_,2.16
_11913_,2.16
_12008_,2.16
_13070_,2.16
_13125_,2.16
_13196_,2.16
_13518_,2.16
_14099_,2.16
_14108_,2.16
_14144_,2.16
_14208_,2.16
_14211_,2.16
_14261_,2.16
_14395_,2.16
_14420_,2.16
u_cpu.count_cycle\[3\],2.16
u_cpu.count_cycle\[5\],2.16
u_cpu.cpu_state\[0\],2.16
u_cpu.instr_bge,2.16
u_cpu.mem_do_rdata,2.16
u_cpu.mem_rdata_q\[11\],2.16
u_cpu.reg_next_pc\[10\],2.16
u_cpu.reg_out\[15\],2.16
u_cpu.reg_out\[3\],2.16
u_interconnect.m_axi_araddr\[12\],2.16
u_interconnect.m_axi_awaddr\[24\],2.16
u_interconnect.m_axi_wdata\[6\],2.16
u_interconnect.s1_axi_rdata\[1\],2.16
u_interconnect.s1_axi_rdata\[4\],2.16
u_rom.w_pend,2.16
u_sram.mem\[0\]\[10\],2.16
u_sram.mem\[0\]\[12\],2.16
u_sram.mem\[0\]\[7\],2.16
u_sram.mem\[10\]\[19\],2.16
u_sram.mem\[10\]\[20\],2.16
u_sram.mem\[10\]\[29\],2.16
u_sram.mem\[11\]\[3\],2.16
u_sram.mem\[11\]\[6\],2.16
u_sram.mem\[1\]\[5\],2.16
u_sram.mem\[21\]\[12\],2.16
u_sram.mem\[21\]\[14\],2.16
u_sram.mem\[21\]\[6\],2.16
u_sram.mem\[23\]\[30\],2.16
u_sram.mem\[26\]\[6\],2.16
u_sram.mem\[27\]\[12\],2.16
u_sram.mem\[27\]\[22\],2.16
u_sram.mem\[27\]\[26\],2.16
u_sram.mem\[27\]\[4\],2.16
u_sram.mem\[2\]\[10\],2.16
u_sram.mem\[30\]\[25\],2.16
u_sram.mem\[30\]\[6\],2.16
u_sram.mem\[36\]\[0\],2.16
u_sram.mem\[43\]\[5\],2.16
u_sram.mem\[46\]\[6\],2.16
u_sram.mem\[53\]\[4\],2.16
u_sram.mem\[56\]\[6\],2.16
u_sram.mem\[58\]\[23\],2.16
u_sram.mem\[58\]\[31\],2.16
u_sram.mem\[58\]\[8\],2.16
u_sram.mem\[59\]\[10\],2.16
u_sram.mem\[59\]\[21\],2.16
u_sram.mem\[59\]\[23\],2.16
u_sram.mem\[5\]\[22\],2.16
u_sram.mem\[5\]\[3\],2.16
u_sram.mem\[5\]\[5\],2.16
u_sram.mem\[60\]\[3\],2.16
u_sram.mem\[61\]\[2\],2.16
u_sram.mem\[6\]\[28\],2.16
u_sram.mem\[6\]\[2\],2.16
u_sram.mem\[7\]\[31\],2.16
u_sram.mem\[8\]\[9\],2.16
u_uart.buf_data\[6\],2.16
u_uart.u_tx.clk_cnt\[7\],2.16
u_uart.u_tx.clk_cnt\[8\],2.16
net91,2.16
net718,2.16
net824,2.16
net1339,2.16
net1416,2.16
net1718,2.16
net2041,2.16
net2567,2.16
net2791,2.16
net2861,2.16
net2976,2.16
net4006,2.16
net4394,2.16
net4499,2.16
net4688,2.16
net4894,2.16
net5075,2.16
_00858_,2.145
_00873_,2.145
net496,2.145
_00464_,2.125
_00521_,2.125
_00539_,2.125
_00548_,2.125
_00618_,2.125
_00933_,2.125
_01204_,2.125
_01236_,2.125
_01396_,2.125
_01506_,2.125
_01705_,2.125
_01707_,2.125
_02043_,2.125
_02208_,2.125
_02211_,2.125
_02255_,2.125
_02279_,2.125
_02580_,2.125
_02619_,2.125
_02851_,2.125
_03338_,2.125
_03479_,2.125
_03556_,2.125
_03583_,2.125
_03639_,2.125
_03662_,2.125
_03794_,2.125
_03822_,2.125
_04232_,2.125
_00439_,2.085
_00454_,2.085
_00458_,2.085
_00473_,2.085
_00497_,2.085
_00667_,2.085
_01243_,2.085
_01391_,2.085
_01594_,2.085
_01597_,2.085
_01843_,2.085
_01986_,2.085
_02332_,2.085
_02333_,2.085
_02621_,2.085
_02683_,2.085
_03289_,2.085
_03381_,2.085
_03437_,2.085
_03703_,2.085
_03782_,2.085
_03951_,2.085
net2136,2.08
net4828,2.08
_00474_,2.06
_00562_,2.06
_01955_,2.06
_02671_,2.06
_04007_,2.06
_04971_,2.06
_05269_,2.06
_06652_,2.06
_07683_,2.06
_08155_,2.06
_08690_,2.06
_08723_,2.06
_09364_,2.06
_09978_,2.06
_10540_,2.06
_11503_,2.06
u_uart.rx_buf_data\[3\],2.06
_00198_,2.04
_00203_,2.04
_00211_,2.04
_00307_,2.04
_00415_,2.04
_01577_,2.04
_05138_,2.04
_06200_,2.04
_06458_,2.04
_08325_,2.04
_08770_,2.04
_08916_,2.04
_09178_,2.04
_10922_,2.04
_10974_,2.04
_11157_,2.04
_11334_,2.04
_11416_,2.04
_11831_,2.04
_11969_,2.04
_13553_,2.04
_14290_,2.04
u_cpu.reg_pc\[30\],2.04
u_interconnect.m_axi_awaddr\[22\],2.04
u_sram.mem\[58\]\[1\],2.04
u_sram.mem\[63\]\[9\],2.04
net2855,2.04
net2869,2.04
net4613,2.04
_01361_,2.035
_02670_,2.035
_03781_,2.035
_04247_,2.035
net1469,2.025
net3946,2.025
net4691,2.025
net71,2.005
_02414_,1.975
_02430_,1.975
_05002_,1.94
_05553_,1.94
_05960_,1.94
_06025_,1.94
_06522_,1.94
_07390_,1.94
_08343_,1.94
_09453_,1.94
_09748_,1.94
_09830_,1.94
_10633_,1.94
_10670_,1.94
_10769_,1.94
_10841_,1.94
_10879_,1.94
_11248_,1.94
_11377_,1.94
_11481_,1.94
_11787_,1.94
_11796_,1.94
_12106_,1.94
_12201_,1.94
_14520_,1.94
net334,1.94
net382,1.94
net873,1.94
net1118,1.94
net1903,1.94
net2289,1.94
net2331,1.94
net2379,1.94
net2447,1.94
net2619,1.94
net2727,1.94
net2744,1.94
net2750,1.94
net2854,1.94
net2923,1.94
net2931,1.94
net2940,1.94
net3093,1.94
net3134,1.94
net3191,1.94
net3276,1.94
net3305,1.94
net3413,1.94
net3495,1.94
net4127,1.94
net4979,1.94
net4981,1.94
_02432_,1.92
_04181_,1.92
_00560_,1.915
_01156_,1.915
_01518_,1.915
_02065_,1.915
_02149_,1.915
_02311_,1.915
_02336_,1.915
_02815_,1.915
net4058,1.915
_00453_,1.865
_00475_,1.865
_00484_,1.865
_00493_,1.865
_00532_,1.865
_00626_,1.865
_00663_,1.865
_00669_,1.865
_00675_,1.865
_00696_,1.865
_00699_,1.865
_00711_,1.865
_00870_,1.865
_00876_,1.865
_00908_,1.865
_00914_,1.865
_00919_,1.865
_00926_,1.865
_00942_,1.865
_00945_,1.865
_00949_,1.865
_01091_,1.865
_01126_,1.865
_01131_,1.865
_01182_,1.865
_01291_,1.865
_01299_,1.865
_01306_,1.865
_01364_,1.865
_01369_,1.865
_01386_,1.865
_01388_,1.865
_01500_,1.865
_01505_,1.865
_01512_,1.865
_01605_,1.865
_01662_,1.865
_01716_,1.865
_01923_,1.865
_01944_,1.865
_01973_,1.865
_01974_,1.865
_02001_,1.865
_02068_,1.865
_02077_,1.865
_02104_,1.865
_02123_,1.865
_02128_,1.865
_02135_,1.865
_02153_,1.865
_02165_,1.865
_02168_,1.865
_02169_,1.865
_02205_,1.865
_02209_,1.865
_02220_,1.865
_02235_,1.865
_02241_,1.865
_02398_,1.865
_02421_,1.865
_02427_,1.865
_02428_,1.865
_02445_,1.865
_02469_,1.865
_02478_,1.865
_02493_,1.865
_02517_,1.865
_02579_,1.865
_02582_,1.865
_02587_,1.865
_02588_,1.865
_02601_,1.865
_02618_,1.865
_02682_,1.865
_02693_,1.865
_02706_,1.865
_02810_,1.865
_02843_,1.865
_02857_,1.865
_02858_,1.865
_02863_,1.865
_02878_,1.865
_02952_,1.865
_02965_,1.865
_03175_,1.865
_03196_,1.865
_03213_,1.865
_03245_,1.865
_03287_,1.865
_03295_,1.865
_03308_,1.865
_03332_,1.865
_03362_,1.865
_03365_,1.865
_03395_,1.865
_03405_,1.865
_03413_,1.865
_03512_,1.865
_03523_,1.865
_03552_,1.865
_03571_,1.865
_03573_,1.865
_03590_,1.865
_03599_,1.865
_03600_,1.865
_03653_,1.865
_03670_,1.865
_03693_,1.865
_03722_,1.865
_03753_,1.865
_03801_,1.865
_03966_,1.865
_03975_,1.865
_03999_,1.865
_04002_,1.865
_04063_,1.865
_04064_,1.865
_04075_,1.865
_04163_,1.865
_04179_,1.865
_04256_,1.865
net1909,1.865
_04707_,1.84
_04859_,1.84
_05542_,1.84
_05557_,1.84
_05951_,1.84
_06987_,1.84
_07101_,1.84
_07136_,1.84
_07176_,1.84
_07636_,1.84
_07820_,1.84
_07852_,1.84
_08164_,1.84
_08682_,1.84
_08963_,1.84
_09313_,1.84
_09334_,1.84
_09421_,1.84
_09575_,1.84
_09650_,1.84
_09654_,1.84
_09714_,1.84
_09765_,1.84
_09857_,1.84
_09943_,1.84
_09989_,1.84
_10271_,1.84
_10286_,1.84
_10340_,1.84
_10385_,1.84
_10402_,1.84
_10423_,1.84
_10627_,1.84
_10855_,1.84
_10886_,1.84
_10888_,1.84
_10945_,1.84
_10984_,1.84
_11006_,1.84
_11026_,1.84
_11094_,1.84
_11154_,1.84
_11201_,1.84
_11230_,1.84
_11290_,1.84
_11292_,1.84
_11388_,1.84
_11646_,1.84
_11674_,1.84
_11699_,1.84
_11723_,1.84
_11781_,1.84
_11784_,1.84
_11795_,1.84
_11818_,1.84
_11819_,1.84
_11874_,1.84
_11884_,1.84
_11887_,1.84
_11991_,1.84
_12011_,1.84
_12016_,1.84
_12055_,1.84
_12061_,1.84
_12063_,1.84
_12102_,1.84
_12112_,1.84
_12199_,1.84
_12235_,1.84
_12243_,1.84
u_cpu.alu_out\[23\],1.84
u_interconnect.m_axi_wdata\[12\],1.84
u_uart.u_tx.clk_cnt\[1\],1.84
net3572,1.84
net3924,1.84
net3962,1.84
net4075,1.84
net4291,1.84
net4343,1.84
net4407,1.84
net4548,1.84
net4733,1.84
net5000,1.84
net5051,1.84
_00087_,1.82
_00089_,1.82
_00106_,1.82
_00115_,1.82
_00135_,1.82
_00171_,1.82
_00202_,1.82
_00214_,1.82
_00233_,1.82
_00287_,1.82
_00297_,1.82
_00312_,1.82
_00323_,1.82
_00324_,1.82
_00336_,1.82
_00338_,1.82
_00369_,1.82
_00403_,1.82
_01320_,1.82
_05475_,1.82
_07066_,1.82
_07662_,1.82
_11616_,1.82
net893,1.82
net3564,1.82
net3833,1.82
net3870,1.82
_03466_,1.8
net4764,1.8
_00182_,1.75
_00286_,1.75
_00308_,1.75
_00409_,1.75
_00022_,1.72
_03140_,1.72
_04023_,1.72
_04366_,1.72
_05022_,1.72
_05493_,1.72
_05697_,1.72
_06598_,1.72
_07996_,1.72
_08438_,1.72
_08566_,1.72
_08580_,1.72
_08582_,1.72
_11404_,1.72
_11619_,1.72
_11641_,1.72
_12226_,1.72
_12269_,1.72
_13574_,1.72
_14132_,1.72
cpu_mem_wdata\[7\],1.72
u_cpu.count_cycle\[7\],1.72
u_sram.mem\[15\]\[26\],1.72
u_sram.mem\[19\]\[2\],1.72
u_sram.mem\[22\]\[4\],1.72
u_sram.mem\[23\]\[6\],1.72
_00026_,1.7
_00097_,1.7
_00134_,1.7
_00269_,1.7
_00311_,1.7
_00381_,1.7
_00751_,1.7
_00796_,1.7
_00798_,1.7
_00839_,1.7
_00865_,1.7
_00974_,1.7
_01032_,1.7
_01135_,1.7
_01136_,1.7
_01197_,1.7
_01404_,1.7
_01417_,1.7
_01421_,1.7
_01422_,1.7
_01488_,1.7
_01731_,1.7
_01732_,1.7
_01735_,1.7
_01767_,1.7
_01810_,1.7
_01828_,1.7
_02015_,1.7
_02143_,1.7
_02274_,1.7
_02275_,1.7
_02299_,1.7
_02302_,1.7
_02372_,1.7
_02418_,1.7
_02420_,1.7
_02467_,1.7
_02926_,1.7
_02931_,1.7
_02940_,1.7
_02963_,1.7
_02983_,1.7
_03010_,1.7
_03027_,1.7
_03039_,1.7
_03044_,1.7
_03045_,1.7
_03046_,1.7
_03060_,1.7
_03064_,1.7
_03075_,1.7
_03086_,1.7
_03265_,1.7
_03271_,1.7
_03330_,1.7
_03418_,1.7
_03477_,1.7
_03620_,1.7
_03733_,1.7
_03814_,1.7
_03816_,1.7
_03817_,1.7
_03852_,1.7
_03853_,1.7
_03857_,1.7
_03862_,1.7
_03868_,1.7
_03870_,1.7
_03874_,1.7
_03876_,1.7
_03879_,1.7
_03880_,1.7
_03881_,1.7
_03882_,1.7
_03883_,1.7
_03901_,1.7
_03904_,1.7
_03913_,1.7
_03922_,1.7
_03929_,1.7
_03937_,1.7
_03941_,1.7
_03942_,1.7
_03946_,1.7
_04017_,1.7
_04085_,1.7
_04099_,1.7
_04100_,1.7
_04103_,1.7
_04110_,1.7
_04119_,1.7
_04126_,1.7
_04159_,1.7
_04162_,1.7
_04193_,1.7
_04201_,1.7
_04209_,1.7
_04222_,1.7
_04223_,1.7
_04456_,1.7
_04610_,1.7
_05096_,1.7
_05141_,1.7
_05397_,1.7
_05677_,1.7
_06418_,1.7
_06501_,1.7
_06554_,1.7
_06587_,1.7
_06661_,1.7
_06753_,1.7
_06834_,1.7
_07513_,1.7
_07643_,1.7
_07844_,1.7
_08181_,1.7
_08332_,1.7
_08342_,1.7
_08371_,1.7
_08406_,1.7
_08699_,1.7
_08736_,1.7
_09170_,1.7
_09338_,1.7
_09480_,1.7
_09496_,1.7
_09564_,1.7
_09598_,1.7
_09770_,1.7
_10039_,1.7
_10182_,1.7
_10284_,1.7
_10307_,1.7
_10380_,1.7
_10452_,1.7
_10473_,1.7
_10562_,1.7
_10605_,1.7
_11135_,1.7
_11217_,1.7
_11712_,1.7
_11827_,1.7
_11849_,1.7
_12157_,1.7
_12265_,1.7
_13091_,1.7
_13724_,1.7
_13924_,1.7
_14511_,1.7
cpu_mem_addr\[16\],1.7
cpu_mem_wdata\[16\],1.7
cpu_mem_wdata\[9\],1.7
u_cpu.count_cycle\[31\],1.7
u_cpu.count_instr\[29\],1.7
u_cpu.count_instr\[7\],1.7
u_cpu.decoded_rd\[0\],1.7
u_cpu.decoded_rd\[2\],1.7
u_cpu.pcpi_rs1\[30\],1.7
u_cpu.reg_next_pc\[21\],1.7
u_cpu.reg_next_pc\[9\],1.7
u_interconnect.m_axi_araddr\[23\],1.7
u_interconnect.m_axi_araddr\[9\],1.7
u_interconnect.s0_axi_rdata\[10\],1.7
u_rom.aw_pend,1.7
u_sram.mem\[0\]\[17\],1.7
u_sram.mem\[0\]\[21\],1.7
u_sram.mem\[0\]\[8\],1.7
u_sram.mem\[10\]\[25\],1.7
u_sram.mem\[1\]\[24\],1.7
u_sram.mem\[1\]\[29\],1.7
u_sram.mem\[1\]\[9\],1.7
u_sram.mem\[21\]\[23\],1.7
u_sram.mem\[21\]\[7\],1.7
u_sram.mem\[22\]\[6\],1.7
u_sram.mem\[23\]\[13\],1.7
u_sram.mem\[27\]\[11\],1.7
u_sram.mem\[27\]\[13\],1.7
u_sram.mem\[27\]\[14\],1.7
u_sram.mem\[27\]\[25\],1.7
u_sram.mem\[27\]\[3\],1.7
u_sram.mem\[27\]\[7\],1.7
u_sram.mem\[43\]\[0\],1.7
u_sram.mem\[43\]\[11\],1.7
u_sram.mem\[43\]\[21\],1.7
u_sram.mem\[43\]\[22\],1.7
u_sram.mem\[43\]\[26\],1.7
u_sram.mem\[43\]\[8\],1.7
u_sram.mem\[43\]\[9\],1.7
u_sram.mem\[47\]\[2\],1.7
u_sram.mem\[47\]\[3\],1.7
u_sram.mem\[52\]\[17\],1.7
u_sram.mem\[52\]\[22\],1.7
u_sram.mem\[53\]\[16\],1.7
u_sram.mem\[53\]\[23\],1.7
u_sram.mem\[54\]\[9\],1.7
u_sram.mem\[58\]\[20\],1.7
u_sram.mem\[58\]\[3\],1.7
u_sram.mem\[59\]\[29\],1.7
u_sram.mem\[5\]\[30\],1.7
u_sram.mem\[5\]\[6\],1.7
u_sram.mem\[63\]\[10\],1.7
u_sram.mem\[9\]\[10\],1.7
u_uart.buf_data\[3\],1.7
u_uart.buf_valid,1.7
u_uart.tx_data\[0\],1.7
u_uart.tx_data\[7\],1.7
net23,1.7
net1196,1.7
net1614,1.7
net2675,1.7
net2741,1.7
net3152,1.7
net3716,1.7
net4338,1.7
net4379,1.7
_01911_,1.685
_01913_,1.685
net914,1.685
net1836,1.685
net4551,1.685
_08284_,1.68
_00529_,1.665
_05549_,1.605
_06543_,1.6
_08564_,1.6
_13131_,1.6
cpu_mem_valid,1.6
u_cpu.count_instr\[11\],1.6
u_sram.mem\[23\]\[16\],1.6
u_sram.mem\[9\]\[1\],1.6
_00601_,1.575
_00634_,1.575
_00671_,1.575
_00932_,1.575
_01181_,1.575
_01304_,1.575
_01586_,1.575
_02286_,1.575
_02440_,1.575
_02663_,1.575
_02768_,1.575
_03695_,1.575
_03792_,1.575
_04057_,1.575
_04062_,1.575
_04186_,1.575
net542,1.575
net677,1.575
_00753_,1.545
_01893_,1.48
_05564_,1.48
_06046_,1.48
_07022_,1.48
_07321_,1.48
_07855_,1.48
_08154_,1.48
_08619_,1.48
_09677_,1.48
_09758_,1.48
_10059_,1.48
_10222_,1.48
_10298_,1.48
_10616_,1.48
_10793_,1.48
_10880_,1.48
_10900_,1.48
_10936_,1.48
_10941_,1.48
_11195_,1.48
_11281_,1.48
_11321_,1.48
_11740_,1.48
_11743_,1.48
_11805_,1.48
_12021_,1.48
_12032_,1.48
_12042_,1.48
_12120_,1.48
_12165_,1.48
_13483_,1.48
net10,1.48
net420,1.48
net819,1.48
net903,1.48
net973,1.48
net1171,1.48
net1477,1.48
net1611,1.48
net1726,1.48
net2280,1.48
net2512,1.48
net2674,1.48
net2743,1.48
net2813,1.48
net2965,1.48
net2989,1.48
net3009,1.48
net3220,1.48
net3306,1.48
net3363,1.48
net3464,1.48
net3600,1.48
net3618,1.48
net3999,1.48
net4431,1.48
_02084_,1.46
_02154_,1.46
_02463_,1.46
_02470_,1.46
_02636_,1.46
_03041_,1.46
_03354_,1.46
_03658_,1.46
_03800_,1.46
_00450_,1.405
_00516_,1.405
_00558_,1.405
_00588_,1.405
_00702_,1.405
_00930_,1.405
_00950_,1.405
_01611_,1.405
_01621_,1.405
_01622_,1.405
_01626_,1.405
_01714_,1.405
_01840_,1.405
_02078_,1.405
_02335_,1.405
_02441_,1.405
_02458_,1.405
_02568_,1.405
_02589_,1.405
_02592_,1.405
_02620_,1.405
_02654_,1.405
_02880_,1.405
_03183_,1.405
_03204_,1.405
_03208_,1.405
_03237_,1.405
_03267_,1.405
_03581_,1.405
_03649_,1.405
_03650_,1.405
_03672_,1.405
_03771_,1.405
_04053_,1.405
_04180_,1.405
_01490_,1.38
_04501_,1.38
_05500_,1.38
_05530_,1.38
_05575_,1.38
_05722_,1.38
_06271_,1.38
_06725_,1.38
_06775_,1.38
_07090_,1.38
_07195_,1.38
_07399_,1.38
_07465_,1.38
_07678_,1.38
_07868_,1.38
_08718_,1.38
_10638_,1.38
_10797_,1.38
_11251_,1.38
_11391_,1.38
_11942_,1.38
_11944_,1.38
_12079_,1.38
_12173_,1.38
_12259_,1.38
u_interconnect.m_axi_awaddr\[27\],1.38
u_uart.u_rx.bit_cnt\[1\],1.38
net6,1.38
net19,1.38
net28,1.38
net33,1.38
net36,1.38
net62,1.38
u_sram.mem\[63\]\[14\],1.375
_00065_,1.36
_00136_,1.36
_00138_,1.36
_00150_,1.36
_00155_,1.36
_00180_,1.36
_00188_,1.36
_00194_,1.36
_00221_,1.36
_00265_,1.36
_00283_,1.36
_00298_,1.36
_00301_,1.36
_00302_,1.36
_00309_,1.36
_00314_,1.36
_00359_,1.36
_00372_,1.36
_00378_,1.36
_00391_,1.36
_00397_,1.36
_14510_,1.36
net3658,1.36
net4818,1.36
_00040_,1.26
_00866_,1.26
_00961_,1.26
_00997_,1.26
_01545_,1.26
_03141_,1.26
_05511_,1.26
_06007_,1.26
_06147_,1.26
_06150_,1.26
_06268_,1.26
_06438_,1.26
_06504_,1.26
_06530_,1.26
_06548_,1.26
_06658_,1.26
_06680_,1.26
_06723_,1.26
_06735_,1.26
_07067_,1.26
_07109_,1.26
_07324_,1.26
_08489_,1.26
_08505_,1.26
_08544_,1.26
_08583_,1.26
_08996_,1.26
_13057_,1.26
u_cpu.decoded_rd\[3\],1.26
u_cpu.decoded_rd\[4\],1.26
u_cpu.mem_rdata_q\[26\],1.26
u_cpu.reg_next_pc\[13\],1.26
u_cpu.reg_next_pc\[18\],1.26
u_cpu.reg_next_pc\[4\],1.26
u_sram.mem\[10\]\[31\],1.26
u_sram.mem\[20\]\[23\],1.26
u_sram.mem\[20\]\[29\],1.26
u_sram.mem\[22\]\[21\],1.26
u_sram.mem\[23\]\[8\],1.26
u_sram.mem\[52\]\[18\],1.26
u_sram.mem\[56\]\[2\],1.26
u_sram.mem\[58\]\[21\],1.26
u_sram.mem\[5\]\[2\],1.26
u_sram.mem\[8\]\[3\],1.26
u_uart.u_tx.clk_cnt\[9\],1.26
_04342_,1.14
_04911_,1.14
_05267_,1.14
_06380_,1.14
_06448_,1.14
_06472_,1.14
_06485_,1.14
_06824_,1.14
_08245_,1.14
_10775_,1.14
_11661_,1.14
_12937_,1.14
_14143_,1.14
_14273_,1.14
_14341_,1.14
_14580_,1.14
u_cpu.instr_lh,1.14
u_cpu.reg_next_pc\[3\],1.14
u_cpu.reg_out\[16\],1.14
u_interconnect.m_axi_araddr\[30\],1.14
u_interconnect.s0_axi_bvalid,1.14
u_interconnect.s1_axi_rdata\[2\],1.14
u_interconnect.s2_axi_rdata\[1\],1.14
u_sram.mem\[17\]\[2\],1.14
u_sram.mem\[20\]\[12\],1.14
u_sram.mem\[22\]\[5\],1.14
u_sram.mem\[52\]\[7\],1.14
u_sram.mem\[53\]\[12\],1.14
u_sram.mem\[53\]\[26\],1.14
u_sram.mem\[55\]\[5\],1.14
u_sram.mem\[58\]\[4\],1.14
u_sram.mem\[5\]\[28\],1.14
u_sram.mem\[6\]\[29\],1.14
u_uart.u_tx.bit_cnt\[2\],1.14
_01808_,1.085
net4674,1.085
_04350_,1.02
_04618_,1.02
_04913_,1.02
_04934_,1.02
_05039_,1.02
_05093_,1.02
_05904_,1.02
_06555_,1.02
_09985_,1.02
_11232_,1.02
_11864_,1.02
net859,1.02
net1409,1.02
net1418,1.02
net1511,1.02
net1777,1.02
net2189,1.02
net2198,1.02
net2433,1.02
net2472,1.02
net2484,1.02
net2722,1.02
net3163,1.02
net3786,1.02
_00808_,0.92
_05234_,0.92
_06130_,0.92
_06334_,0.92
_06819_,0.92
_07671_,0.92
_07893_,0.92
_07907_,0.92
_08153_,0.92
_08302_,0.92
_08817_,0.92
_08959_,0.92
_09119_,0.92
_09179_,0.92
_09268_,0.92
_10389_,0.92
_11950_,0.92
_11998_,0.92
_13500_,0.92
_14497_,0.92
net4274,0.92
net4439,0.92
net4851,0.92
net4986,0.92
net5062,0.92
net5063,0.92
net5065,0.92
net5084,0.92
net5108,0.92
net5111,0.92
net5142,0.92
net5151,0.92
net5158,0.92
net5165,0.92
net5169,0.92
_03168_,0.915
_10817_,0.82
_00959_,0.8
_00962_,0.8
_00994_,0.8
_01399_,0.8
_01411_,0.8
_01542_,0.8
_01544_,0.8
_01766_,0.8
_01833_,0.8
_01906_,0.8
_03134_,0.8
_03138_,0.8
_03139_,0.8
_04122_,0.8
_04663_,0.8
_05047_,0.8
_06721_,0.8
_07351_,0.8
_07353_,0.8
_07391_,0.8
_07690_,0.8
_08300_,0.8
_13765_,0.8
_14429_,0.8
cpu_mem_addr\[20\],0.8
cpu_mem_wdata\[11\],0.8
cpu_mem_wdata\[12\],0.8
cpu_mem_wdata\[8\],0.8
u_cpu.count_cycle\[0\],0.8
u_cpu.decoder_pseudo_trigger,0.8
u_cpu.instr_andi,0.8
u_cpu.instr_bne,0.8
u_cpu.instr_sltu,0.8
u_cpu.mem_rdata_q\[17\],0.8
u_cpu.reg_next_pc\[23\],0.8
u_cpu.reg_next_pc\[27\],0.8
u_sram.mem\[0\]\[11\],0.8
u_sram.mem\[0\]\[15\],0.8
u_sram.mem\[0\]\[1\],0.8
u_sram.mem\[0\]\[9\],0.8
u_sram.mem\[10\]\[17\],0.8
u_sram.mem\[10\]\[23\],0.8
u_sram.mem\[10\]\[24\],0.8
u_sram.mem\[10\]\[27\],0.8
u_sram.mem\[10\]\[8\],0.8
u_sram.mem\[11\]\[27\],0.8
u_sram.mem\[15\]\[2\],0.8
u_sram.mem\[16\]\[2\],0.8
u_sram.mem\[17\]\[3\],0.8
u_sram.mem\[17\]\[4\],0.8
u_sram.mem\[1\]\[10\],0.8
u_sram.mem\[20\]\[13\],0.8
u_sram.mem\[20\]\[15\],0.8
u_sram.mem\[20\]\[27\],0.8
u_sram.mem\[20\]\[9\],0.8
u_sram.mem\[21\]\[0\],0.8
u_sram.mem\[21\]\[10\],0.8
u_sram.mem\[21\]\[15\],0.8
u_sram.mem\[21\]\[19\],0.8
u_sram.mem\[21\]\[22\],0.8
u_sram.mem\[21\]\[25\],0.8
u_sram.mem\[21\]\[30\],0.8
u_sram.mem\[21\]\[9\],0.8
u_sram.mem\[22\]\[11\],0.8
u_sram.mem\[22\]\[13\],0.8
u_sram.mem\[22\]\[14\],0.8
u_sram.mem\[22\]\[26\],0.8
u_sram.mem\[22\]\[7\],0.8
u_sram.mem\[23\]\[31\],0.8
u_sram.mem\[24\]\[2\],0.8
u_sram.mem\[2\]\[28\],0.8
u_sram.mem\[2\]\[9\],0.8
u_sram.mem\[31\]\[2\],0.8
u_sram.mem\[31\]\[4\],0.8
u_sram.mem\[36\]\[3\],0.8
u_sram.mem\[37\]\[0\],0.8
u_sram.mem\[37\]\[2\],0.8
u_sram.mem\[4\]\[28\],0.8
u_sram.mem\[52\]\[25\],0.8
u_sram.mem\[52\]\[27\],0.8
u_sram.mem\[52\]\[31\],0.8
u_sram.mem\[53\]\[24\],0.8
u_sram.mem\[54\]\[3\],0.8
u_sram.mem\[55\]\[0\],0.8
u_sram.mem\[56\]\[3\],0.8
u_sram.mem\[58\]\[10\],0.8
u_sram.mem\[58\]\[16\],0.8
u_sram.mem\[58\]\[29\],0.8
u_sram.mem\[58\]\[6\],0.8
u_sram.mem\[59\]\[16\],0.8
u_sram.mem\[59\]\[1\],0.8
u_sram.mem\[59\]\[3\],0.8
u_sram.mem\[5\]\[0\],0.8
u_sram.mem\[5\]\[10\],0.8
u_sram.mem\[5\]\[13\],0.8
u_sram.mem\[5\]\[15\],0.8
u_sram.mem\[5\]\[1\],0.8
u_sram.mem\[5\]\[20\],0.8
u_sram.mem\[5\]\[25\],0.8
u_sram.mem\[5\]\[27\],0.8
u_sram.mem\[61\]\[5\],0.8
u_sram.mem\[6\]\[30\],0.8
u_sram.mem\[6\]\[31\],0.8
u_sram.mem\[6\]\[5\],0.8
u_sram.mem\[7\]\[28\],0.8
u_sram.mem\[8\]\[10\],0.8
u_sram.mem\[8\]\[2\],0.8
u_sram.mem\[9\]\[0\],0.8
u_sram.mem\[9\]\[12\],0.8
u_sram.mem\[9\]\[31\],0.8
u_sram.mem\[9\]\[7\],0.8
net5115,0.8
_03166_,0.46
_04776_,0.46
_04845_,0.46
_04874_,0.46
_04973_,0.46
_06588_,0.46
_06613_,0.46
_06643_,0.46
_06845_,0.46
_07357_,0.46
_08308_,0.46
_08513_,0.46
_09022_,0.46
_09104_,0.46
_09143_,0.46
_09276_,0.46
_09497_,0.46
_11309_,0.46
_11955_,0.46
_13802_,0.46
_14568_,0.46
cpu_mem_rdata\[6\],0.46
u_interconnect.m_axi_awaddr\[21\],0.46
u_interconnect.s0_axi_rdata\[12\],0.46
u_interconnect.s0_axi_rdata\[20\],0.46
u_interconnect.s0_axi_rdata\[22\],0.46
u_interconnect.s0_axi_rdata\[23\],0.46
u_interconnect.s0_axi_rdata\[31\],0.46
u_interconnect.s0_axi_rdata\[7\],0.46
u_interconnect.s0_axi_rvalid,0.46
u_interconnect.s1_axi_rdata\[5\],0.46
u_interconnect.s1_axi_rdata\[6\],0.46
u_interconnect.s2_axi_bvalid,0.46
u_interconnect.s2_axi_rdata\[8\],0.46
u_sram.aw_pend,0.46
u_uart.buf_data\[7\],0.46
u_uart.rx_data_raw\[4\],0.46
u_uart.rx_data_raw\[6\],0.46
u_uart.u_tx.clk_cnt\[2\],0.46
u_uart.w_byte\[4\],0.46
net4236,0.46
net4275,0.46
net4436,0.46
net4634,0.46
net4711,0.46
net4931,0.46
net4939,0.46
net4952,0.46
net4988,0.46
net4992,0.46
net5010,0.46
net5011,0.46
net5085,0.46
net5118,0.46
net5154,0.46
net5175,0.46
net5177,0.46
