
===========================================================================
report_checks -unconstrained
===========================================================================
======================= Typical Corner ===================================

Startpoint: _32966_ (rising edge-triggered flip-flop clocked by clk)
Endpoint: uart_tx (output port clocked by clk)
Path Group: clk
Path Type: max

Fanout     Cap    Slew   Delay    Time   Description
-----------------------------------------------------------------------------
                          0.00    0.00   clock clk (rise edge)
                          0.00    0.00   clock source latency
                  0.07    0.05    0.05 ^ clk (in)
     1    0.05                           clk (net)
                  0.07    0.00    0.05 ^ clkbuf_0_clk/A (sky130_fd_sc_hd__clkbuf_16)
                  0.09    0.18    0.23 ^ clkbuf_0_clk/X (sky130_fd_sc_hd__clkbuf_16)
     4    0.08                           clknet_0_clk (net)
                  0.09    0.00    0.23 ^ clkbuf_2_0_0_clk/A (sky130_fd_sc_hd__clkbuf_16)
                  0.09    0.18    0.41 ^ clkbuf_2_0_0_clk/X (sky130_fd_sc_hd__clkbuf_16)
     4    0.07                           clknet_2_0_0_clk (net)
                  0.09    0.00    0.41 ^ clkbuf_4_2_0_clk/A (sky130_fd_sc_hd__clkbuf_16)
                  0.05    0.15    0.56 ^ clkbuf_4_2_0_clk/X (sky130_fd_sc_hd__clkbuf_16)
     2    0.03                           clknet_4_2_0_clk (net)
                  0.05    0.00    0.56 ^ clkbuf_5_5__f_clk/A (sky130_fd_sc_hd__clkbuf_16)
                  0.16    0.22    0.78 ^ clkbuf_5_5__f_clk/X (sky130_fd_sc_hd__clkbuf_16)
    13    0.14                           clknet_5_5__leaf_clk (net)
                  0.16    0.00    0.78 ^ clkbuf_leaf_351_clk/A (sky130_fd_sc_hd__clkbuf_16)
                  0.04    0.16    0.94 ^ clkbuf_leaf_351_clk/X (sky130_fd_sc_hd__clkbuf_16)
     6    0.02                           clknet_leaf_351_clk (net)
                  0.04    0.00    0.94 ^ _32966_/CLK (sky130_fd_sc_hd__dfstp_1)
                  0.15    0.57    1.51 ^ _32966_/Q (sky130_fd_sc_hd__dfstp_1)
     1    0.02                           net3 (net)
                  0.15    0.00    1.51 ^ output3/A (sky130_fd_sc_hd__clkbuf_2)
                  0.10    0.18    1.70 ^ output3/X (sky130_fd_sc_hd__clkbuf_2)
     1    0.02                           uart_tx (net)
                  0.10    0.00    1.70 ^ uart_tx (out)
                                  1.70   data arrival time

                         20.00   20.00   clock clk (rise edge)
                          0.00   20.00   clock network delay (propagated)
                         -0.25   19.75   clock uncertainty
                          0.00   19.75   clock reconvergence pessimism
                         -4.00   15.75   output external delay
                                 15.75   data required time
-----------------------------------------------------------------------------
                                 15.75   data required time
                                 -1.70   data arrival time
-----------------------------------------------------------------------------
                                 14.05   slack (MET)




===========================================================================
report_checks --slack_max -0.01
============================================================================
======================= Typical Corner ===================================

No paths found.


===========================================================================
 report_check_types -max_slew -max_cap -max_fanout -violators
============================================================================
======================= Typical Corner ===================================



===========================================================================
report_parasitic_annotation -report_unannotated
============================================================================
Found 18988 unannotated drivers.
 clk
 reset
 uart_rx
 _14592_/Y
 _14593_/X
 _14594_/X
 _14595_/Y
 _14596_/X
 _14597_/Y
 _14598_/X
 _14599_/Y
 _14600_/X
 _14601_/Y
 _14602_/Y
 _14603_/Y
 _14604_/Y
 _14605_/Y
 _14606_/Y
 _14607_/Y
 _14608_/Y
 _14609_/X
 _14610_/X
 _14611_/Y
 _14612_/Y
 _14613_/X
 _14614_/Y
 _14615_/X
 _14616_/Y
 _14617_/X
 _14618_/X
 _14619_/X
 _14620_/Y
 _14621_/Y
 _14622_/X
 _14623_/Y
 _14624_/Y
 _14625_/X
 _14626_/Y
 _14627_/Y
 _14628_/Y
 _14629_/X
 _14630_/X
 _14631_/Y
 _14632_/X
 _14633_/X
 _14634_/Y
 _14635_/X
 _14636_/Y
 _14637_/Y
 _14638_/X
 _14639_/X
 _14640_/X
 _14641_/Y
 _14642_/X
 _14643_/Y
 _14644_/X
 _14645_/Y
 _14646_/X
 _14647_/Y
 _14648_/Y
 _14649_/Y
 _14650_/Y
 _14651_/Y
 _14652_/Y
 _14653_/Y
 _14654_/X
 _14655_/Y
 _14656_/Y
 _14657_/Y
 _14658_/X
 _14659_/Y
 _14660_/X
 _14661_/Y
 _14662_/X
 _14663_/X
 _14664_/X
 _14665_/X
 _14666_/X
 _14667_/X
 _14668_/X
 _14669_/X
 _14670_/X
 _14671_/X
 _14672_/X
 _14673_/X
 _14674_/X
 _14675_/X
 _14676_/X
 _14677_/X
 _14678_/X
 _14679_/X
 _14680_/X
 _14681_/X
 _14682_/X
 _14683_/X
 _14684_/X
 _14685_/X
 _14686_/X
 _14687_/X
 _14688_/X
 _14689_/X
 _14690_/X
 _14691_/X
 _14692_/X
 _14693_/X
 _14694_/X
 _14695_/X
 _14696_/X
 _14697_/X
 _14698_/X
 _14699_/X
 _14700_/X
 _14701_/X
 _14702_/X
 _14703_/X
 _14704_/X
 _14705_/X
 _14706_/X
 _14707_/Y
 _14708_/X
 _14709_/Y
 _14710_/X
 _14711_/X
 _14712_/X
 _14713_/X
 _14714_/X
 _14715_/X
 _14716_/X
 _14717_/X
 _14718_/X
 _14719_/X
 _14720_/X
 _14721_/X
 _14722_/X
 _14723_/X
 _14724_/X
 _14725_/X
 _14726_/Y
 _14727_/X
 _14728_/Y
 _14729_/Y
 _14730_/Y
 _14731_/X
 _14732_/Y
 _14733_/X
 _14734_/X
 _14735_/Y
 _14736_/Y
 _14737_/Y
 _14738_/Y
 _14739_/Y
 _14740_/X
 _14741_/X
 _14742_/X
 _14743_/X
 _14744_/Y
 _14745_/X
 _14746_/Y
 _14747_/X
 _14748_/X
 _14749_/Y
 _14750_/Y
 _14751_/Y
 _14752_/X
 _14753_/Y
 _14754_/X
 _14755_/Y
 _14756_/Y
 _14757_/X
 _14758_/Y
 _14759_/Y
 _14760_/Y
 _14761_/Y
 _14762_/Y
 _14763_/Y
 _14764_/X
 _14765_/Y
 _14766_/X
 _14767_/X
 _14768_/X
 _14769_/Y
 _14770_/X
 _14771_/X
 _14772_/X
 _14773_/X
 _14774_/X
 _14775_/Y
 _14776_/Y
 _14777_/X
 _14778_/X
 _14779_/Y
 _14780_/X
 _14781_/X
 _14782_/Y
 _14783_/X
 _14784_/Y
 _14785_/Y
 _14786_/Y
 _14787_/Y
 _14788_/Y
 _14789_/X
 _14790_/X
 _14791_/Y
 _14792_/X
 _14793_/Y
 _14794_/Y
 _14795_/X
 _14796_/Y
 _14797_/Y
 _14798_/Y
 _14799_/Y
 _14800_/X
 _14801_/Y
 _14802_/X
 _14803_/X
 _14804_/X
 _14805_/Y
 _14806_/X
 _14807_/X
 _14808_/X
 _14809_/X
 _14810_/X
 _14811_/X
 _14812_/X
 _14813_/X
 _14814_/X
 _14815_/Y
 _14816_/Y
 _14817_/X
 _14818_/X
 _14819_/X
 _14820_/X
 _14821_/X
 _14822_/X
 _14823_/X
 _14824_/X
 _14825_/X
 _14826_/Y
 _14827_/Y
 _14828_/X
 _14829_/Y
 _14830_/X
 _14831_/Y
 _14832_/Y
 _14833_/Y
 _14834_/Y
 _14835_/Y
 _14836_/Y
 _14837_/X
 _14838_/X
 _14839_/X
 _14840_/Y
 _14841_/Y
 _14842_/X
 _14843_/Y
 _14844_/X
 _14845_/Y
 _14846_/Y
 _14847_/Y
 _14848_/X
 _14849_/Y
 _14850_/Y
 _14851_/X
 _14852_/X
 _14853_/Y
 _14854_/Y
 _14855_/Y
 _14856_/Y
 _14857_/Y
 _14858_/Y
 _14859_/Y
 _14860_/Y
 _14861_/Y
 _14862_/Y
 _14863_/Y
 _14864_/X
 _14865_/Y
 _14866_/Y
 _14867_/X
 _14868_/Y
 _14869_/Y
 _14870_/Y
 _14871_/Y
 _14872_/Y
 _14873_/X
 _14874_/X
 _14875_/Y
 _14876_/X
 _14877_/Y
 _14878_/X
 _14879_/Y
 _14880_/Y
 _14881_/X
 _14882_/X
 _14883_/X
 _14884_/X
 _14885_/X
 _14886_/Y
 _14887_/X
 _14888_/X
 _14889_/X
 _14890_/X
 _14891_/X
 _14892_/Y
 _14893_/X
 _14894_/X
 _14895_/X
 _14896_/X
 _14897_/X
 _14898_/X
 _14899_/X
 _14900_/Y
 _14901_/Y
 _14902_/X
 _14903_/Y
 _14904_/Y
 _14905_/Y
 _14906_/X
 _14907_/Y
 _14908_/Y
 _14909_/Y
 _14910_/X
 _14911_/Y
 _14912_/X
 _14913_/Y
 _14914_/Y
 _14915_/X
 _14916_/Y
 _14917_/Y
 _14918_/Y
 _14919_/Y
 _14920_/Y
 _14921_/X
 _14922_/X
 _14923_/Y
 _14924_/Y
 _14925_/X
 _14926_/X
 _14927_/X
 _14928_/X
 _14929_/X
 _14930_/Y
 _14931_/Y
 _14932_/X
 _14933_/Y
 _14934_/X
 _14935_/X
 _14936_/Y
 _14937_/Y
 _14938_/X
 _14939_/X
 _14940_/X
 _14941_/X
 _14942_/Y
 _14943_/Y
 _14944_/X
 _14945_/Y
 _14946_/Y
 _14947_/X
 _14948_/X
 _14949_/X
 _14950_/X
 _14951_/X
 _14952_/X
 _14953_/Y
 _14954_/Y
 _14955_/Y
 _14956_/Y
 _14957_/Y
 _14958_/X
 _14959_/X
 _14960_/X
 _14961_/X
 _14962_/X
 _14963_/Y
 _14964_/X
 _14965_/X
 _14966_/X
 _14967_/X
 _14968_/X
 _14969_/Y
 _14970_/X
 _14971_/X
 _14972_/X
 _14973_/X
 _14974_/Y
 _14975_/X
 _14976_/X
 _14977_/X
 _14978_/Y
 _14979_/Y
 _14980_/X
 _14981_/X
 _14982_/X
 _14983_/X
 _14984_/X
 _14985_/X
 _14986_/Y
 _14987_/X
 _14988_/X
 _14989_/X
 _14990_/X
 _14991_/X
 _14992_/X
 _14993_/X
 _14994_/X
 _14995_/X
 _14996_/X
 _14997_/X
 _14998_/X
 _14999_/Y
 _15000_/X
 _15001_/Y
 _15002_/Y
 _15003_/X
 _15004_/X
 _15005_/X
 _15006_/Y
 _15007_/Y
 _15008_/Y
 _15009_/X
 _15010_/X
 _15011_/Y
 _15012_/Y
 _15013_/X
 _15014_/X
 _15015_/Y
 _15016_/X
 _15017_/X
 _15018_/X
 _15019_/X
 _15020_/X
 _15021_/Y
 _15022_/X
 _15023_/X
 _15024_/X
 _15025_/Y
 _15026_/X
 _15027_/X
 _15028_/X
 _15029_/X
 _15030_/X
 _15031_/Y
 _15032_/X
 _15033_/X
 _15034_/X
 _15035_/X
 _15036_/X
 _15037_/X
 _15038_/Y
 _15039_/X
 _15040_/X
 _15041_/X
 _15042_/X
 _15043_/X
 _15044_/Y
 _15045_/Y
 _15046_/X
 _15047_/Y
 _15048_/Y
 _15049_/X
 _15050_/X
 _15051_/X
 _15052_/X
 _15053_/Y
 _15054_/X
 _15055_/X
 _15056_/X
 _15057_/X
 _15058_/X
 _15059_/X
 _15060_/Y
 _15061_/X
 _15062_/Y
 _15063_/X
 _15064_/X
 _15065_/X
 _15066_/X
 _15067_/X
 _15068_/X
 _15069_/X
 _15070_/X
 _15071_/X
 _15072_/X
 _15073_/X
 _15074_/X
 _15075_/X
 _15076_/X
 _15077_/X
 _15078_/Y
 _15079_/X
 _15080_/X
 _15081_/Y
 _15082_/Y
 _15083_/X
 _15084_/X
 _15085_/X
 _15086_/X
 _15087_/X
 _15088_/X
 _15089_/X
 _15090_/X
 _15091_/X
 _15092_/X
 _15093_/X
 _15094_/X
 _15095_/X
 _15096_/X
 _15097_/X
 _15098_/X
 _15099_/X
 _15100_/X
 _15101_/X
 _15102_/X
 _15103_/X
 _15104_/X
 _15105_/X
 _15106_/X
 _15107_/X
 _15108_/X
 _15109_/X
 _15110_/X
 _15111_/Y
 _15112_/X
 _15113_/X
 _15114_/Y
 _15115_/X
 _15116_/X
 _15117_/X
 _15118_/X
 _15119_/X
 _15120_/X
 _15121_/X
 _15122_/X
 _15123_/X
 _15124_/X
 _15125_/Y
 _15126_/X
 _15127_/Y
 _15128_/X
 _15129_/X
 _15130_/X
 _15131_/X
 _15132_/Y
 _15133_/Y
 _15134_/X
 _15135_/X
 _15136_/X
 _15137_/X
 _15138_/X
 _15139_/X
 _15140_/X
 _15141_/X
 _15142_/X
 _15143_/X
 _15144_/X
 _15145_/X
 _15146_/X
 _15147_/X
 _15148_/X
 _15149_/X
 _15150_/X
 _15151_/X
 _15152_/X
 _15153_/X
 _15154_/X
 _15155_/X
 _15156_/X
 _15157_/X
 _15158_/X
 _15159_/X
 _15160_/X
 _15161_/X
 _15162_/X
 _15163_/X
 _15164_/X
 _15165_/X
 _15166_/Y
 _15167_/X
 _15168_/X
 _15169_/X
 _15170_/X
 _15171_/X
 _15172_/X
 _15173_/X
 _15174_/X
 _15175_/X
 _15176_/X
 _15177_/Y
 _15178_/X
 _15179_/Y
 _15180_/X
 _15181_/X
 _15182_/X
 _15183_/X
 _15184_/Y
 _15185_/X
 _15186_/X
 _15187_/X
 _15188_/X
 _15189_/Y
 _15190_/X
 _15191_/X
 _15192_/X
 _15193_/X
 _15194_/X
 _15195_/X
 _15196_/X
 _15197_/X
 _15198_/X
 _15199_/X
 _15200_/Y
 _15201_/X
 _15202_/X
 _15203_/X
 _15204_/X
 _15205_/X
 _15206_/X
 _15207_/X
 _15208_/X
 _15209_/Y
 _15210_/X
 _15211_/X
 _15212_/X
 _15213_/X
 _15214_/Y
 _15215_/X
 _15216_/X
 _15217_/X
 _15218_/X
 _15219_/X
 _15220_/X
 _15221_/Y
 _15222_/X
 _15223_/X
 _15224_/X
 _15225_/X
 _15226_/X
 _15227_/X
 _15228_/X
 _15229_/X
 _15230_/X
 _15231_/X
 _15232_/X
 _15233_/X
 _15234_/X
 _15235_/X
 _15236_/X
 _15237_/X
 _15238_/X
 _15239_/X
 _15240_/X
 _15241_/X
 _15242_/X
 _15243_/X
 _15244_/X
 _15245_/X
 _15246_/X
 _15247_/X
 _15248_/X
 _15249_/X
 _15250_/X
 _15251_/X
 _15252_/Y
 _15253_/X
 _15254_/Y
 _15255_/X
 _15256_/X
 _15257_/X
 _15258_/X
 _15259_/X
 _15260_/X
 _15261_/X
 _15262_/X
 _15263_/X
 _15264_/Y
 _15265_/X
 _15266_/X
 _15267_/X
 _15268_/X
 _15269_/X
 _15270_/X
 _15271_/Y
 _15272_/X
 _15273_/X
 _15274_/X
 _15275_/X
 _15276_/Y
 _15277_/X
 _15278_/X
 _15279_/X
 _15280_/X
 _15281_/X
 _15282_/X
 _15283_/Y
 _15284_/X
 _15285_/X
 _15286_/X
 _15287_/X
 _15288_/X
 _15289_/X
 _15290_/X
 _15291_/X
 _15292_/X
 _15293_/X
 _15294_/X
 _15295_/X
 _15296_/X
 _15297_/X
 _15298_/X
 _15299_/X
 _15300_/X
 _15301_/X
 _15302_/X
 _15303_/X
 _15304_/X
 _15305_/X
 _15306_/X
 _15307_/X
 _15308_/X
 _15309_/X
 _15310_/X
 _15311_/X
 _15312_/X
 _15313_/X
 _15314_/X
 _15315_/X
 _15316_/X
 _15317_/Y
 _15318_/X
 _15319_/Y
 _15320_/X
 _15321_/X
 _15322_/X
 _15323_/X
 _15324_/X
 _15325_/X
 _15326_/X
 _15327_/X
 _15328_/X
 _15329_/X
 _15330_/X
 _15331_/X
 _15332_/Y
 _15333_/X
 _15334_/X
 _15335_/X
 _15336_/X
 _15337_/X
 _15338_/X
 _15339_/X
 _15340_/X
 _15341_/Y
 _15342_/X
 _15343_/X
 _15344_/X
 _15345_/X
 _15346_/Y
 _15347_/X
 _15348_/X
 _15349_/X
 _15350_/X
 _15351_/X
 _15352_/X
 _15353_/Y
 _15354_/X
 _15355_/X
 _15356_/X
 _15357_/X
 _15358_/X
 _15359_/X
 _15360_/X
 _15361_/X
 _15362_/X
 _15363_/X
 _15364_/X
 _15365_/X
 _15366_/X
 _15367_/X
 _15368_/X
 _15369_/X
 _15370_/X
 _15371_/X
 _15372_/X
 _15373_/X
 _15374_/X
 _15375_/X
 _15376_/X
 _15377_/X
 _15378_/X
 _15379_/X
 _15380_/X
 _15381_/X
 _15382_/X
 _15383_/X
 _15384_/X
 _15385_/X
 _15386_/Y
 _15387_/X
 _15388_/Y
 _15389_/X
 _15390_/X
 _15391_/X
 _15392_/X
 _15393_/X
 _15394_/X
 _15395_/X
 _15396_/X
 _15397_/X
 _15398_/X
 _15399_/Y
 _15400_/X
 _15401_/X
 _15402_/X
 _15403_/X
 _15404_/X
 _15405_/X
 _15406_/X
 _15407_/X
 _15408_/Y
 _15409_/X
 _15410_/X
 _15411_/X
 _15412_/X
 _15413_/Y
 _15414_/X
 _15415_/X
 _15416_/X
 _15417_/X
 _15418_/X
 _15419_/X
 _15420_/Y
 _15421_/X
 _15422_/X
 _15423_/X
 _15424_/X
 _15425_/X
 _15426_/X
 _15427_/X
 _15428_/X
 _15429_/X
 _15430_/X
 _15431_/X
 _15432_/X
 _15433_/X
 _15434_/X
 _15435_/X
 _15436_/X
 _15437_/X
 _15438_/X
 _15439_/X
 _15440_/X
 _15441_/X
 _15442_/X
 _15443_/X
 _15444_/X
 _15445_/X
 _15446_/X
 _15447_/X
 _15448_/X
 _15449_/X
 _15450_/Y
 _15451_/X
 _15452_/Y
 _15453_/X
 _15454_/X
 _15455_/X
 _15456_/X
 _15457_/X
 _15458_/X
 _15459_/X
 _15460_/X
 _15461_/X
 _15462_/X
 _15463_/X
 _15464_/Y
 _15465_/X
 _15466_/X
 _15467_/X
 _15468_/X
 _15469_/X
 _15470_/X
 _15471_/X
 _15472_/X
 _15473_/Y
 _15474_/X
 _15475_/X
 _15476_/X
 _15477_/X
 _15478_/X
 _15479_/Y
 _15480_/X
 _15481_/X
 _15482_/X
 _15483_/X
 _15484_/X
 _15485_/X
 _15486_/X
 _15487_/Y
 _15488_/X
 _15489_/X
 _15490_/X
 _15491_/X
 _15492_/X
 _15493_/X
 _15494_/X
 _15495_/X
 _15496_/X
 _15497_/X
 _15498_/X
 _15499_/X
 _15500_/X
 _15501_/X
 _15502_/X
 _15503_/X
 _15504_/X
 _15505_/X
 _15506_/X
 _15507_/X
 _15508_/X
 _15509_/X
 _15510_/X
 _15511_/X
 _15512_/X
 _15513_/X
 _15514_/X
 _15515_/X
 _15516_/X
 _15517_/X
 _15518_/X
 _15519_/X
 _15520_/X
 _15521_/Y
 _15522_/X
 _15523_/Y
 _15524_/X
 _15525_/X
 _15526_/X
 _15527_/X
 _15528_/X
 _15529_/X
 _15530_/X
 _15531_/X
 _15532_/X
 _15533_/X
 _15534_/X
 _15535_/Y
 _15536_/X
 _15537_/X
 _15538_/X
 _15539_/X
 _15540_/X
 _15541_/X
 _15542_/X
 _15543_/X
 _15544_/Y
 _15545_/X
 _15546_/X
 _15547_/X
 _15548_/X
 _15549_/X
 _15550_/Y
 _15551_/X
 _15552_/X
 _15553_/X
 _15554_/X
 _15555_/X
 _15556_/X
 _15557_/X
 _15558_/X
 _15559_/Y
 _15560_/X
 _15561_/X
 _15562_/X
 _15563_/X
 _15564_/X
 _15565_/X
 _15566_/X
 _15567_/X
 _15568_/X
 _15569_/X
 _15570_/X
 _15571_/X
 _15572_/X
 _15573_/X
 _15574_/X
 _15575_/X
 _15576_/X
 _15577_/X
 _15578_/X
 _15579_/X
 _15580_/X
 _15581_/X
 _15582_/X
 _15583_/X
 _15584_/X
 _15585_/X
 _15586_/X
 _15587_/X
 _15588_/X
 _15589_/X
 _15590_/X
 _15591_/X
 _15592_/X
 _15593_/X
 _15594_/Y
 _15595_/X
 _15596_/Y
 _15597_/X
 _15598_/X
 _15599_/X
 _15600_/X
 _15601_/X
 _15602_/X
 _15603_/X
 _15604_/X
 _15605_/X
 _15606_/X
 _15607_/X
 _15608_/X
 _15609_/X
 _15610_/X
 _15611_/X
 _15612_/Y
 _15613_/X
 _15614_/X
 _15615_/X
 _15616_/X
 _15617_/X
 _15618_/X
 _15619_/X
 _15620_/X
 _15621_/X
 _15622_/X
 _15623_/Y
 _15624_/X
 _15625_/X
 _15626_/X
 _15627_/X
 _15628_/X
 _15629_/X
 _15630_/X
 _15631_/X
 _15632_/X
 _15633_/X
 _15634_/X
 _15635_/Y
 _15636_/X
 _15637_/X
 _15638_/X
 _15639_/X
 _15640_/X
 _15641_/X
 _15642_/X
 _15643_/X
 _15644_/X
 _15645_/X
 _15646_/X
 _15647_/X
 _15648_/X
 _15649_/Y
 _15650_/X
 _15651_/X
 _15652_/X
 _15653_/X
 _15654_/X
 _15655_/X
 _15656_/X
 _15657_/X
 _15658_/X
 _15659_/X
 _15660_/X
 _15661_/X
 _15662_/X
 _15663_/X
 _15664_/X
 _15665_/X
 _15666_/X
 _15667_/X
 _15668_/X
 _15669_/X
 _15670_/X
 _15671_/X
 _15672_/X
 _15673_/X
 _15674_/X
 _15675_/X
 _15676_/X
 _15677_/X
 _15678_/X
 _15679_/X
 _15680_/X
 _15681_/X
 _15682_/X
 _15683_/X
 _15684_/X
 _15685_/X
 _15686_/X
 _15687_/X
 _15688_/X
 _15689_/X
 _15690_/X
 _15691_/X
 _15692_/X
 _15693_/X
 _15694_/X
 _15695_/X
 _15696_/X
 _15697_/X
 _15698_/Y
 _15699_/X
 _15700_/X
 _15701_/Y
 _15702_/X
 _15703_/X
 _15704_/X
 _15705_/X
 _15706_/X
 _15707_/X
 _15708_/X
 _15709_/X
 _15710_/X
 _15711_/X
 _15712_/Y
 _15713_/X
 _15714_/X
 _15715_/X
 _15716_/X
 _15717_/X
 _15718_/X
 _15719_/Y
 _15720_/X
 _15721_/X
 _15722_/X
 _15723_/X
 _15724_/Y
 _15725_/X
 _15726_/X
 _15727_/X
 _15728_/X
 _15729_/X
 _15730_/X
 _15731_/X
 _15732_/Y
 _15733_/X
 _15734_/X
 _15735_/X
 _15736_/X
 _15737_/X
 _15738_/X
 _15739_/X
 _15740_/X
 _15741_/X
 _15742_/X
 _15743_/X
 _15744_/X
 _15745_/X
 _15746_/X
 _15747_/X
 _15748_/X
 _15749_/X
 _15750_/X
 _15751_/X
 _15752_/X
 _15753_/X
 _15754_/X
 _15755_/X
 _15756_/X
 _15757_/X
 _15758_/X
 _15759_/X
 _15760_/X
 _15761_/X
 _15762_/X
 _15763_/Y
 _15764_/X
 _15765_/Y
 _15766_/X
 _15767_/X
 _15768_/X
 _15769_/X
 _15770_/X
 _15771_/X
 _15772_/X
 _15773_/X
 _15774_/X
 _15775_/X
 _15776_/Y
 _15777_/X
 _15778_/X
 _15779_/X
 _15780_/X
 _15781_/X
 _15782_/X
 _15783_/X
 _15784_/X
 _15785_/Y
 _15786_/X
 _15787_/X
 _15788_/X
 _15789_/X
 _15790_/Y
 _15791_/X
 _15792_/X
 _15793_/X
 _15794_/X
 _15795_/X
 _15796_/X
 _15797_/Y
 _15798_/X
 _15799_/X
 _15800_/X
 _15801_/X
 _15802_/X
 _15803_/X
 _15804_/X
 _15805_/X
 _15806_/X
 _15807_/X
 _15808_/X
 _15809_/X
 _15810_/X
 _15811_/X
 _15812_/X
 _15813_/X
 _15814_/X
 _15815_/X
 _15816_/X
 _15817_/X
 _15818_/X
 _15819_/X
 _15820_/X
 _15821_/X
 _15822_/X
 _15823_/X
 _15824_/X
 _15825_/X
 _15826_/X
 _15827_/X
 _15828_/Y
 _15829_/X
 _15830_/Y
 _15831_/X
 _15832_/X
 _15833_/X
 _15834_/X
 _15835_/X
 _15836_/X
 _15837_/X
 _15838_/X
 _15839_/X
 _15840_/Y
 _15841_/X
 _15842_/X
 _15843_/X
 _15844_/X
 _15845_/X
 _15846_/X
 _15847_/Y
 _15848_/X
 _15849_/X
 _15850_/X
 _15851_/X
 _15852_/Y
 _15853_/X
 _15854_/X
 _15855_/X
 _15856_/X
 _15857_/X
 _15858_/X
 _15859_/Y
 _15860_/X
 _15861_/X
 _15862_/X
 _15863_/X
 _15864_/X
 _15865_/X
 _15866_/X
 _15867_/X
 _15868_/X
 _15869_/X
 _15870_/X
 _15871_/X
 _15872_/X
 _15873_/X
 _15874_/X
 _15875_/X
 _15876_/X
 _15877_/X
 _15878_/X
 _15879_/X
 _15880_/X
 _15881_/X
 _15882_/X
 _15883_/X
 _15884_/X
 _15885_/X
 _15886_/X
 _15887_/X
 _15888_/X
 _15889_/X
 _15890_/X
 _15891_/X
 _15892_/X
 _15893_/Y
 _15894_/X
 _15895_/Y
 _15896_/X
 _15897_/X
 _15898_/X
 _15899_/X
 _15900_/X
 _15901_/X
 _15902_/X
 _15903_/X
 _15904_/X
 _15905_/X
 _15906_/X
 _15907_/Y
 _15908_/X
 _15909_/X
 _15910_/X
 _15911_/X
 _15912_/X
 _15913_/X
 _15914_/X
 _15915_/Y
 _15916_/X
 _15917_/X
 _15918_/X
 _15919_/X
 _15920_/Y
 _15921_/X
 _15922_/X
 _15923_/X
 _15924_/X
 _15925_/X
 _15926_/X
 _15927_/Y
 _15928_/X
 _15929_/X
 _15930_/X
 _15931_/X
 _15932_/X
 _15933_/X
 _15934_/X
 _15935_/X
 _15936_/X
 _15937_/X
 _15938_/X
 _15939_/X
 _15940_/X
 _15941_/X
 _15942_/X
 _15943_/X
 _15944_/X
 _15945_/X
 _15946_/X
 _15947_/X
 _15948_/X
 _15949_/X
 _15950_/X
 _15951_/X
 _15952_/X
 _15953_/X
 _15954_/X
 _15955_/X
 _15956_/X
 _15957_/X
 _15958_/X
 _15959_/X
 _15960_/Y
 _15961_/X
 _15962_/Y
 _15963_/X
 _15964_/X
 _15965_/X
 _15966_/X
 _15967_/X
 _15968_/X
 _15969_/X
 _15970_/X
 _15971_/X
 _15972_/X
 _15973_/Y
 _15974_/X
 _15975_/X
 _15976_/X
 _15977_/X
 _15978_/X
 _15979_/X
 _15980_/X
 _15981_/X
 _15982_/Y
 _15983_/X
 _15984_/X
 _15985_/X
 _15986_/X
 _15987_/Y
 _15988_/X
 _15989_/X
 _15990_/X
 _15991_/X
 _15992_/X
 _15993_/X
 _15994_/Y
 _15995_/X
 _15996_/X
 _15997_/X
 _15998_/X
 _15999_/X
 _16000_/X
 _16001_/X
 _16002_/X
 _16003_/X
 _16004_/X
 _16005_/X
 _16006_/X
 _16007_/X
 _16008_/X
 _16009_/X
 _16010_/X
 _16011_/X
 _16012_/X
 _16013_/X
 _16014_/X
 _16015_/X
 _16016_/X
 _16017_/X
 _16018_/X
 _16019_/X
 _16020_/X
 _16021_/X
 _16022_/X
 _16023_/X
 _16024_/Y
 _16025_/X
 _16026_/Y
 _16027_/X
 _16028_/X
 _16029_/X
 _16030_/X
 _16031_/X
 _16032_/X
 _16033_/X
 _16034_/X
 _16035_/X
 _16036_/X
 _16037_/X
 _16038_/Y
 _16039_/X
 _16040_/X
 _16041_/X
 _16042_/X
 _16043_/X
 _16044_/X
 _16045_/X
 _16046_/X
 _16047_/Y
 _16048_/X
 _16049_/X
 _16050_/X
 _16051_/X
 _16052_/X
 _16053_/Y
 _16054_/X
 _16055_/X
 _16056_/X
 _16057_/X
 _16058_/X
 _16059_/X
 _16060_/X
 _16061_/Y
 _16062_/X
 _16063_/X
 _16064_/X
 _16065_/X
 _16066_/X
 _16067_/X
 _16068_/X
 _16069_/X
 _16070_/X
 _16071_/X
 _16072_/X
 _16073_/X
 _16074_/X
 _16075_/X
 _16076_/X
 _16077_/X
 _16078_/X
 _16079_/X
 _16080_/X
 _16081_/X
 _16082_/X
 _16083_/X
 _16084_/X
 _16085_/X
 _16086_/X
 _16087_/X
 _16088_/X
 _16089_/X
 _16090_/X
 _16091_/X
 _16092_/X
 _16093_/X
 _16094_/X
 _16095_/Y
 _16096_/X
 _16097_/Y
 _16098_/X
 _16099_/X
 _16100_/X
 _16101_/X
 _16102_/X
 _16103_/X
 _16104_/X
 _16105_/X
 _16106_/X
 _16107_/X
 _16108_/X
 _16109_/Y
 _16110_/X
 _16111_/X
 _16112_/X
 _16113_/X
 _16114_/X
 _16115_/X
 _16116_/X
 _16117_/X
 _16118_/Y
 _16119_/X
 _16120_/X
 _16121_/X
 _16122_/X
 _16123_/X
 _16124_/Y
 _16125_/X
 _16126_/X
 _16127_/X
 _16128_/X
 _16129_/X
 _16130_/X
 _16131_/X
 _16132_/X
 _16133_/Y
 _16134_/X
 _16135_/X
 _16136_/X
 _16137_/X
 _16138_/X
 _16139_/X
 _16140_/X
 _16141_/X
 _16142_/X
 _16143_/X
 _16144_/X
 _16145_/X
 _16146_/X
 _16147_/X
 _16148_/X
 _16149_/X
 _16150_/X
 _16151_/X
 _16152_/X
 _16153_/X
 _16154_/X
 _16155_/X
 _16156_/X
 _16157_/X
 _16158_/X
 _16159_/X
 _16160_/X
 _16161_/X
 _16162_/X
 _16163_/X
 _16164_/X
 _16165_/X
 _16166_/X
 _16167_/X
 _16168_/Y
 _16169_/X
 _16170_/Y
 _16171_/X
 _16172_/X
 _16173_/X
 _16174_/X
 _16175_/X
 _16176_/X
 _16177_/X
 _16178_/X
 _16179_/X
 _16180_/X
 _16181_/X
 _16182_/X
 _16183_/X
 _16184_/X
 _16185_/X
 _16186_/Y
 _16187_/X
 _16188_/X
 _16189_/X
 _16190_/X
 _16191_/X
 _16192_/X
 _16193_/X
 _16194_/X
 _16195_/X
 _16196_/X
 _16197_/Y
 _16198_/X
 _16199_/X
 _16200_/X
 _16201_/X
 _16202_/X
 _16203_/X
 _16204_/X
 _16205_/X
 _16206_/X
 _16207_/X
 _16208_/X
 _16209_/Y
 _16210_/X
 _16211_/X
 _16212_/X
 _16213_/X
 _16214_/X
 _16215_/X
 _16216_/X
 _16217_/X
 _16218_/X
 _16219_/X
 _16220_/X
 _16221_/X
 _16222_/X
 _16223_/Y
 _16224_/X
 _16225_/X
 _16226_/X
 _16227_/X
 _16228_/X
 _16229_/X
 _16230_/X
 _16231_/X
 _16232_/X
 _16233_/X
 _16234_/X
 _16235_/X
 _16236_/X
 _16237_/X
 _16238_/X
 _16239_/X
 _16240_/X
 _16241_/X
 _16242_/X
 _16243_/X
 _16244_/X
 _16245_/X
 _16246_/X
 _16247_/X
 _16248_/X
 _16249_/X
 _16250_/X
 _16251_/X
 _16252_/X
 _16253_/X
 _16254_/X
 _16255_/X
 _16256_/X
 _16257_/X
 _16258_/X
 _16259_/X
 _16260_/X
 _16261_/X
 _16262_/X
 _16263_/X
 _16264_/X
 _16265_/X
 _16266_/X
 _16267_/X
 _16268_/X
 _16269_/X
 _16270_/X
 _16271_/X
 _16272_/Y
 _16273_/X
 _16274_/X
 _16275_/Y
 _16276_/X
 _16277_/X
 _16278_/X
 _16279_/X
 _16280_/X
 _16281_/X
 _16282_/X
 _16283_/X
 _16284_/X
 _16285_/Y
 _16286_/X
 _16287_/X
 _16288_/X
 _16289_/X
 _16290_/X
 _16291_/X
 _16292_/Y
 _16293_/X
 _16294_/X
 _16295_/X
 _16296_/X
 _16297_/Y
 _16298_/X
 _16299_/X
 _16300_/X
 _16301_/X
 _16302_/X
 _16303_/X
 _16304_/Y
 _16305_/X
 _16306_/X
 _16307_/X
 _16308_/X
 _16309_/X
 _16310_/X
 _16311_/X
 _16312_/X
 _16313_/X
 _16314_/X
 _16315_/X
 _16316_/X
 _16317_/X
 _16318_/X
 _16319_/X
 _16320_/X
 _16321_/X
 _16322_/X
 _16323_/X
 _16324_/X
 _16325_/X
 _16326_/X
 _16327_/X
 _16328_/X
 _16329_/X
 _16330_/X
 _16331_/X
 _16332_/X
 _16333_/X
 _16334_/Y
 _16335_/X
 _16336_/Y
 _16337_/X
 _16338_/X
 _16339_/X
 _16340_/X
 _16341_/X
 _16342_/X
 _16343_/X
 _16344_/X
 _16345_/X
 _16346_/X
 _16347_/Y
 _16348_/X
 _16349_/X
 _16350_/X
 _16351_/X
 _16352_/X
 _16353_/X
 _16354_/Y
 _16355_/X
 _16356_/X
 _16357_/X
 _16358_/X
 _16359_/Y
 _16360_/X
 _16361_/X
 _16362_/X
 _16363_/X
 _16364_/X
 _16365_/X
 _16366_/Y
 _16367_/X
 _16368_/X
 _16369_/X
 _16370_/X
 _16371_/X
 _16372_/X
 _16373_/X
 _16374_/X
 _16375_/X
 _16376_/X
 _16377_/X
 _16378_/X
 _16379_/X
 _16380_/X
 _16381_/X
 _16382_/X
 _16383_/X
 _16384_/X
 _16385_/X
 _16386_/X
 _16387_/X
 _16388_/X
 _16389_/X
 _16390_/X
 _16391_/X
 _16392_/X
 _16393_/X
 _16394_/X
 _16395_/X
 _16396_/Y
 _16397_/X
 _16398_/Y
 _16399_/X
 _16400_/X
 _16401_/X
 _16402_/X
 _16403_/X
 _16404_/X
 _16405_/X
 _16406_/X
 _16407_/X
 _16408_/Y
 _16409_/X
 _16410_/X
 _16411_/X
 _16412_/X
 _16413_/X
 _16414_/X
 _16415_/Y
 _16416_/X
 _16417_/X
 _16418_/X
 _16419_/X
 _16420_/Y
 _16421_/X
 _16422_/X
 _16423_/X
 _16424_/X
 _16425_/X
 _16426_/X
 _16427_/Y
 _16428_/X
 _16429_/X
 _16430_/X
 _16431_/X
 _16432_/X
 _16433_/X
 _16434_/X
 _16435_/X
 _16436_/X
 _16437_/X
 _16438_/X
 _16439_/X
 _16440_/X
 _16441_/X
 _16442_/X
 _16443_/X
 _16444_/X
 _16445_/X
 _16446_/X
 _16447_/X
 _16448_/X
 _16449_/X
 _16450_/X
 _16451_/X
 _16452_/X
 _16453_/X
 _16454_/X
 _16455_/X
 _16456_/X
 _16457_/Y
 _16458_/X
 _16459_/Y
 _16460_/X
 _16461_/X
 _16462_/X
 _16463_/X
 _16464_/X
 _16465_/X
 _16466_/X
 _16467_/X
 _16468_/X
 _16469_/X
 _16470_/X
 _16471_/Y
 _16472_/X
 _16473_/X
 _16474_/X
 _16475_/X
 _16476_/X
 _16477_/X
 _16478_/Y
 _16479_/X
 _16480_/X
 _16481_/X
 _16482_/X
 _16483_/Y
 _16484_/X
 _16485_/X
 _16486_/X
 _16487_/X
 _16488_/X
 _16489_/X
 _16490_/Y
 _16491_/X
 _16492_/X
 _16493_/X
 _16494_/X
 _16495_/X
 _16496_/X
 _16497_/X
 _16498_/X
 _16499_/X
 _16500_/X
 _16501_/X
 _16502_/X
 _16503_/X
 _16504_/X
 _16505_/X
 _16506_/X
 _16507_/X
 _16508_/X
 _16509_/X
 _16510_/X
 _16511_/X
 _16512_/X
 _16513_/X
 _16514_/X
 _16515_/X
 _16516_/X
 _16517_/X
 _16518_/X
 _16519_/X
 _16520_/Y
 _16521_/X
 _16522_/Y
 _16523_/X
 _16524_/X
 _16525_/X
 _16526_/X
 _16527_/X
 _16528_/X
 _16529_/X
 _16530_/X
 _16531_/X
 _16532_/Y
 _16533_/X
 _16534_/X
 _16535_/X
 _16536_/X
 _16537_/X
 _16538_/X
 _16539_/Y
 _16540_/X
 _16541_/X
 _16542_/X
 _16543_/X
 _16544_/Y
 _16545_/X
 _16546_/X
 _16547_/X
 _16548_/X
 _16549_/X
 _16550_/X
 _16551_/Y
 _16552_/X
 _16553_/X
 _16554_/X
 _16555_/X
 _16556_/X
 _16557_/X
 _16558_/X
 _16559_/X
 _16560_/X
 _16561_/X
 _16562_/X
 _16563_/X
 _16564_/X
 _16565_/X
 _16566_/X
 _16567_/X
 _16568_/X
 _16569_/X
 _16570_/X
 _16571_/X
 _16572_/X
 _16573_/X
 _16574_/X
 _16575_/X
 _16576_/X
 _16577_/X
 _16578_/X
 _16579_/X
 _16580_/X
 _16581_/Y
 _16582_/X
 _16583_/Y
 _16584_/X
 _16585_/X
 _16586_/X
 _16587_/X
 _16588_/X
 _16589_/X
 _16590_/X
 _16591_/X
 _16592_/X
 _16593_/X
 _16594_/Y
 _16595_/X
 _16596_/X
 _16597_/X
 _16598_/X
 _16599_/X
 _16600_/X
 _16601_/Y
 _16602_/X
 _16603_/X
 _16604_/X
 _16605_/X
 _16606_/X
 _16607_/Y
 _16608_/X
 _16609_/X
 _16610_/X
 _16611_/X
 _16612_/X
 _16613_/X
 _16614_/X
 _16615_/Y
 _16616_/X
 _16617_/X
 _16618_/X
 _16619_/X
 _16620_/X
 _16621_/X
 _16622_/X
 _16623_/X
 _16624_/X
 _16625_/X
 _16626_/X
 _16627_/X
 _16628_/X
 _16629_/X
 _16630_/X
 _16631_/X
 _16632_/X
 _16633_/X
 _16634_/X
 _16635_/X
 _16636_/X
 _16637_/X
 _16638_/X
 _16639_/X
 _16640_/X
 _16641_/X
 _16642_/X
 _16643_/X
 _16644_/X
 _16645_/Y
 _16646_/X
 _16647_/Y
 _16648_/X
 _16649_/X
 _16650_/X
 _16651_/X
 _16652_/X
 _16653_/X
 _16654_/X
 _16655_/X
 _16656_/X
 _16657_/Y
 _16658_/X
 _16659_/X
 _16660_/X
 _16661_/X
 _16662_/X
 _16663_/X
 _16664_/X
 _16665_/Y
 _16666_/X
 _16667_/X
 _16668_/X
 _16669_/X
 _16670_/Y
 _16671_/X
 _16672_/X
 _16673_/X
 _16674_/X
 _16675_/X
 _16676_/X
 _16677_/X
 _16678_/X
 _16679_/X
 _16680_/Y
 _16681_/X
 _16682_/X
 _16683_/X
 _16684_/X
 _16685_/X
 _16686_/X
 _16687_/X
 _16688_/X
 _16689_/X
 _16690_/X
 _16691_/X
 _16692_/X
 _16693_/X
 _16694_/X
 _16695_/X
 _16696_/X
 _16697_/X
 _16698_/X
 _16699_/X
 _16700_/X
 _16701_/X
 _16702_/X
 _16703_/X
 _16704_/X
 _16705_/X
 _16706_/X
 _16707_/X
 _16708_/X
 _16709_/Y
 _16710_/X
 _16711_/Y
 _16712_/X
 _16713_/X
 _16714_/Y
 _16715_/X
 _16716_/X
 _16717_/X
 _16718_/X
 _16719_/X
 _16720_/X
 _16721_/X
 _16722_/X
 _16723_/X
 _16724_/X
 _16725_/X
 _16726_/X
 _16727_/X
 _16728_/X
 _16729_/X
 _16730_/X
 _16731_/X
 _16732_/X
 _16733_/X
 _16734_/X
 _16735_/Y
 _16736_/X
 _16737_/X
 _16738_/X
 _16739_/X
 _16740_/X
 _16741_/X
 _16742_/X
 _16743_/X
 _16744_/X
 _16745_/X
 _16746_/X
 _16747_/X
 _16748_/X
 _16749_/X
 _16750_/X
 _16751_/X
 _16752_/X
 _16753_/X
 _16754_/Y
 _16755_/X
 _16756_/X
 _16757_/X
 _16758_/X
 _16759_/X
 _16760_/X
 _16761_/X
 _16762_/X
 _16763_/X
 _16764_/X
 _16765_/X
 _16766_/X
 _16767_/Y
 _16768_/X
 _16769_/X
 _16770_/X
 _16771_/X
 _16772_/X
 _16773_/X
 _16774_/X
 _16775_/X
 _16776_/X
 _16777_/X
 _16778_/X
 _16779_/X
 _16780_/X
 _16781_/X
 _16782_/X
 _16783_/X
 _16784_/Y
 _16785_/X
 _16786_/X
 _16787_/X
 _16788_/X
 _16789_/X
 _16790_/X
 _16791_/X
 _16792_/X
 _16793_/X
 _16794_/X
 _16795_/X
 _16796_/X
 _16797_/X
 _16798_/X
 _16799_/X
 _16800_/X
 _16801_/X
 _16802_/X
 _16803_/X
 _16804_/X
 _16805_/X
 _16806_/X
 _16807_/X
 _16808_/X
 _16809_/X
 _16810_/X
 _16811_/X
 _16812_/X
 _16813_/X
 _16814_/X
 _16815_/X
 _16816_/X
 _16817_/X
 _16818_/X
 _16819_/X
 _16820_/X
 _16821_/X
 _16822_/X
 _16823_/X
 _16824_/X
 _16825_/X
 _16826_/X
 _16827_/X
 _16828_/X
 _16829_/X
 _16830_/X
 _16831_/X
 _16832_/X
 _16833_/X
 _16834_/X
 _16835_/X
 _16836_/X
 _16837_/X
 _16838_/X
 _16839_/X
 _16840_/X
 _16841_/X
 _16842_/X
 _16843_/X
 _16844_/X
 _16845_/X
 _16846_/X
 _16847_/X
 _16848_/Y
 _16849_/X
 _16850_/X
 _16851_/Y
 _16852_/X
 _16853_/Y
 _16854_/Y
 _16855_/Y
 _16856_/X
 _16857_/X
 _16858_/X
 _16859_/X
 _16860_/X
 _16861_/X
 _16862_/X
 _16863_/Y
 _16864_/X
 _16865_/X
 _16866_/X
 _16867_/X
 _16868_/X
 _16869_/X
 _16870_/X
 _16871_/Y
 _16872_/X
 _16873_/X
 _16874_/X
 _16875_/X
 _16876_/Y
 _16877_/X
 _16878_/X
 _16879_/X
 _16880_/X
 _16881_/X
 _16882_/X
 _16883_/Y
 _16884_/X
 _16885_/X
 _16886_/X
 _16887_/X
 _16888_/X
 _16889_/X
 _16890_/X
 _16891_/X
 _16892_/X
 _16893_/X
 _16894_/X
 _16895_/X
 _16896_/X
 _16897_/X
 _16898_/X
 _16899_/X
 _16900_/X
 _16901_/X
 _16902_/X
 _16903_/X
 _16904_/X
 _16905_/X
 _16906_/X
 _16907_/X
 _16908_/X
 _16909_/X
 _16910_/X
 _16911_/X
 _16912_/Y
 _16913_/X
 _16914_/Y
 _16915_/Y
 _16916_/Y
 _16917_/Y
 _16918_/X
 _16919_/X
 _16920_/X
 _16921_/X
 _16922_/X
 _16923_/X
 _16924_/X
 _16925_/Y
 _16926_/X
 _16927_/X
 _16928_/X
 _16929_/X
 _16930_/X
 _16931_/X
 _16932_/Y
 _16933_/X
 _16934_/X
 _16935_/X
 _16936_/X
 _16937_/Y
 _16938_/X
 _16939_/X
 _16940_/X
 _16941_/X
 _16942_/X
 _16943_/X
 _16944_/Y
 _16945_/X
 _16946_/X
 _16947_/X
 _16948_/X
 _16949_/X
 _16950_/X
 _16951_/X
 _16952_/X
 _16953_/X
 _16954_/X
 _16955_/X
 _16956_/X
 _16957_/X
 _16958_/X
 _16959_/X
 _16960_/X
 _16961_/X
 _16962_/X
 _16963_/X
 _16964_/X
 _16965_/X
 _16966_/X
 _16967_/X
 _16968_/X
 _16969_/X
 _16970_/X
 _16971_/X
 _16972_/X
 _16973_/Y
 _16974_/X
 _16975_/Y
 _16976_/Y
 _16977_/Y
 _16978_/Y
 _16979_/X
 _16980_/X
 _16981_/X
 _16982_/X
 _16983_/X
 _16984_/X
 _16985_/X
 _16986_/Y
 _16987_/X
 _16988_/X
 _16989_/X
 _16990_/X
 _16991_/X
 _16992_/X
 _16993_/Y
 _16994_/X
 _16995_/X
 _16996_/X
 _16997_/X
 _16998_/Y
 _16999_/X
 _17000_/X
 _17001_/X
 _17002_/X
 _17003_/X
 _17004_/X
 _17005_/Y
 _17006_/X
 _17007_/X
 _17008_/X
 _17009_/X
 _17010_/X
 _17011_/X
 _17012_/X
 _17013_/X
 _17014_/X
 _17015_/X
 _17016_/X
 _17017_/X
 _17018_/X
 _17019_/X
 _17020_/X
 _17021_/X
 _17022_/X
 _17023_/X
 _17024_/X
 _17025_/X
 _17026_/X
 _17027_/X
 _17028_/X
 _17029_/X
 _17030_/X
 _17031_/X
 _17032_/X
 _17033_/X
 _17034_/Y
 _17035_/X
 _17036_/Y
 _17037_/Y
 _17038_/Y
 _17039_/Y
 _17040_/X
 _17041_/X
 _17042_/X
 _17043_/X
 _17044_/X
 _17045_/X
 _17046_/X
 _17047_/Y
 _17048_/X
 _17049_/X
 _17050_/X
 _17051_/X
 _17052_/X
 _17053_/X
 _17054_/Y
 _17055_/X
 _17056_/X
 _17057_/X
 _17058_/X
 _17059_/Y
 _17060_/X
 _17061_/X
 _17062_/X
 _17063_/X
 _17064_/X
 _17065_/X
 _17066_/Y
 _17067_/X
 _17068_/X
 _17069_/X
 _17070_/X
 _17071_/X
 _17072_/X
 _17073_/X
 _17074_/X
 _17075_/X
 _17076_/X
 _17077_/X
 _17078_/X
 _17079_/X
 _17080_/X
 _17081_/X
 _17082_/X
 _17083_/X
 _17084_/X
 _17085_/X
 _17086_/X
 _17087_/X
 _17088_/X
 _17089_/X
 _17090_/X
 _17091_/X
 _17092_/X
 _17093_/X
 _17094_/X
 _17095_/Y
 _17096_/X
 _17097_/Y
 _17098_/Y
 _17099_/Y
 _17100_/Y
 _17101_/X
 _17102_/X
 _17103_/X
 _17104_/X
 _17105_/X
 _17106_/X
 _17107_/X
 _17108_/Y
 _17109_/X
 _17110_/X
 _17111_/X
 _17112_/X
 _17113_/X
 _17114_/X
 _17115_/Y
 _17116_/X
 _17117_/X
 _17118_/X
 _17119_/X
 _17120_/Y
 _17121_/X
 _17122_/X
 _17123_/X
 _17124_/X
 _17125_/X
 _17126_/X
 _17127_/Y
 _17128_/X
 _17129_/X
 _17130_/X
 _17131_/X
 _17132_/X
 _17133_/X
 _17134_/X
 _17135_/X
 _17136_/X
 _17137_/X
 _17138_/X
 _17139_/X
 _17140_/X
 _17141_/X
 _17142_/X
 _17143_/X
 _17144_/X
 _17145_/X
 _17146_/X
 _17147_/X
 _17148_/X
 _17149_/X
 _17150_/X
 _17151_/X
 _17152_/X
 _17153_/X
 _17154_/X
 _17155_/X
 _17156_/Y
 _17157_/X
 _17158_/Y
 _17159_/Y
 _17160_/Y
 _17161_/Y
 _17162_/X
 _17163_/X
 _17164_/X
 _17165_/X
 _17166_/X
 _17167_/X
 _17168_/X
 _17169_/Y
 _17170_/X
 _17171_/X
 _17172_/X
 _17173_/X
 _17174_/X
 _17175_/X
 _17176_/Y
 _17177_/X
 _17178_/X
 _17179_/X
 _17180_/X
 _17181_/Y
 _17182_/X
 _17183_/X
 _17184_/X
 _17185_/X
 _17186_/X
 _17187_/X
 _17188_/Y
 _17189_/X
 _17190_/X
 _17191_/X
 _17192_/X
 _17193_/X
 _17194_/X
 _17195_/X
 _17196_/X
 _17197_/X
 _17198_/X
 _17199_/X
 _17200_/X
 _17201_/X
 _17202_/X
 _17203_/X
 _17204_/X
 _17205_/X
 _17206_/X
 _17207_/X
 _17208_/X
 _17209_/X
 _17210_/X
 _17211_/X
 _17212_/X
 _17213_/X
 _17214_/X
 _17215_/X
 _17216_/X
 _17217_/Y
 _17218_/X
 _17219_/Y
 _17220_/Y
 _17221_/Y
 _17222_/Y
 _17223_/X
 _17224_/X
 _17225_/X
 _17226_/X
 _17227_/X
 _17228_/X
 _17229_/X
 _17230_/Y
 _17231_/X
 _17232_/X
 _17233_/X
 _17234_/X
 _17235_/X
 _17236_/X
 _17237_/Y
 _17238_/X
 _17239_/X
 _17240_/X
 _17241_/X
 _17242_/Y
 _17243_/X
 _17244_/X
 _17245_/X
 _17246_/X
 _17247_/X
 _17248_/X
 _17249_/Y
 _17250_/X
 _17251_/X
 _17252_/X
 _17253_/X
 _17254_/X
 _17255_/X
 _17256_/X
 _17257_/X
 _17258_/X
 _17259_/X
 _17260_/X
 _17261_/X
 _17262_/X
 _17263_/X
 _17264_/X
 _17265_/X
 _17266_/X
 _17267_/X
 _17268_/X
 _17269_/X
 _17270_/X
 _17271_/X
 _17272_/X
 _17273_/X
 _17274_/X
 _17275_/X
 _17276_/X
 _17277_/X
 _17278_/Y
 _17279_/X
 _17280_/Y
 _17281_/Y
 _17282_/Y
 _17283_/Y
 _17284_/X
 _17285_/X
 _17286_/X
 _17287_/X
 _17288_/X
 _17289_/X
 _17290_/X
 _17291_/Y
 _17292_/X
 _17293_/X
 _17294_/X
 _17295_/X
 _17296_/X
 _17297_/X
 _17298_/Y
 _17299_/X
 _17300_/X
 _17301_/X
 _17302_/X
 _17303_/Y
 _17304_/X
 _17305_/X
 _17306_/X
 _17307_/X
 _17308_/X
 _17309_/X
 _17310_/Y
 _17311_/X
 _17312_/X
 _17313_/X
 _17314_/X
 _17315_/X
 _17316_/X
 _17317_/X
 _17318_/X
 _17319_/X
 _17320_/X
 _17321_/X
 _17322_/X
 _17323_/X
 _17324_/X
 _17325_/X
 _17326_/X
 _17327_/X
 _17328_/X
 _17329_/X
 _17330_/X
 _17331_/X
 _17332_/X
 _17333_/X
 _17334_/X
 _17335_/X
 _17336_/X
 _17337_/X
 _17338_/X
 _17339_/Y
 _17340_/X
 _17341_/Y
 _17342_/Y
 _17343_/Y
 _17344_/Y
 _17345_/Y
 _17346_/Y
 _17347_/Y
 _17348_/Y
 _17349_/X
 _17350_/Y
 _17351_/X
 _17352_/Y
 _17353_/Y
 _17354_/X
 _17355_/Y
 _17356_/Y
 _17357_/X
 _17358_/Y
 _17359_/Y
 _17360_/X
 _17361_/X
 _17362_/X
 _17363_/X
 _17364_/X
 _17365_/X
 _17366_/X
 _17367_/X
 _17368_/X
 _17369_/X
 _17370_/X
 _17371_/X
 _17372_/X
 _17373_/X
 _17374_/X
 _17375_/X
 _17376_/X
 _17377_/X
 _17378_/X
 _17379_/X
 _17380_/X
 _17381_/X
 _17382_/X
 _17383_/X
 _17384_/X
 _17385_/X
 _17386_/X
 _17387_/X
 _17388_/X
 _17389_/X
 _17390_/X
 _17391_/X
 _17392_/X
 _17393_/X
 _17394_/X
 _17395_/X
 _17396_/X
 _17397_/X
 _17398_/X
 _17399_/X
 _17400_/X
 _17401_/X
 _17402_/X
 _17403_/X
 _17404_/X
 _17405_/X
 _17406_/X
 _17407_/X
 _17408_/X
 _17409_/X
 _17410_/X
 _17411_/X
 _17412_/X
 _17413_/X
 _17414_/X
 _17415_/X
 _17416_/X
 _17417_/X
 _17418_/X
 _17419_/X
 _17420_/X
 _17421_/X
 _17422_/X
 _17423_/X
 _17424_/X
 _17425_/X
 _17426_/X
 _17427_/X
 _17428_/X
 _17429_/X
 _17430_/X
 _17431_/Y
 _17432_/Y
 _17433_/Y
 _17434_/X
 _17435_/Y
 _17436_/Y
 _17437_/Y
 _17438_/Y
 _17439_/Y
 _17440_/Y
 _17441_/X
 _17442_/Y
 _17443_/Y
 _17444_/Y
 _17445_/X
 _17446_/Y
 _17447_/X
 _17448_/Y
 _17449_/Y
 _17450_/Y
 _17451_/Y
 _17452_/Y
 _17453_/Y
 _17454_/Y
 _17455_/X
 _17456_/Y
 _17457_/X
 _17458_/Y
 _17459_/X
 _17460_/Y
 _17461_/X
 _17462_/Y
 _17463_/X
 _17464_/Y
 _17465_/Y
 _17466_/X
 _17467_/Y
 _17468_/X
 _17469_/X
 _17470_/Y
 _17471_/X
 _17472_/X
 _17473_/Y
 _17474_/X
 _17475_/X
 _17476_/X
 _17477_/Y
 _17478_/X
 _17479_/X
 _17480_/Y
 _17481_/Y
 _17482_/X
 _17483_/Y
 _17484_/X
 _17485_/X
 _17486_/X
 _17487_/Y
 _17488_/X
 _17489_/Y
 _17490_/X
 _17491_/X
 _17492_/Y
 _17493_/Y
 _17494_/Y
 _17495_/Y
 _17496_/Y
 _17497_/Y
 _17498_/X
 _17499_/Y
 _17500_/X
 _17501_/X
 _17502_/Y
 _17503_/X
 _17504_/X
 _17505_/Y
 _17506_/Y
 _17507_/Y
 _17508_/Y
 _17509_/Y
 _17510_/Y
 _17511_/X
 _17512_/Y
 _17513_/X
 _17514_/Y
 _17515_/Y
 _17516_/X
 _17517_/Y
 _17518_/X
 _17519_/Y
 _17520_/X
 _17521_/X
 _17522_/Y
 _17523_/X
 _17524_/Y
 _17525_/Y
 _17526_/Y
 _17527_/Y
 _17528_/X
 _17529_/Y
 _17530_/Y
 _17531_/Y
 _17532_/Y
 _17533_/Y
 _17534_/X
 _17535_/Y
 _17536_/X
 _17537_/Y
 _17538_/X
 _17539_/X
 _17540_/X
 _17541_/Y
 _17542_/Y
 _17543_/X
 _17544_/Y
 _17545_/X
 _17546_/X
 _17547_/Y
 _17548_/X
 _17549_/X
 _17550_/Y
 _17551_/X
 _17552_/X
 _17553_/X
 _17554_/X
 _17555_/Y
 _17556_/Y
 _17557_/X
 _17558_/Y
 _17559_/Y
 _17560_/X
 _17561_/X
 _17562_/X
 _17563_/X
 _17564_/X
 _17565_/Y
 _17566_/X
 _17567_/X
 _17568_/Y
 _17569_/Y
 _17570_/X
 _17571_/Y
 _17572_/Y
 _17573_/Y
 _17574_/X
 _17575_/Y
 _17576_/X
 _17577_/Y
 _17578_/X
 _17579_/Y
 _17580_/Y
 _17581_/Y
 _17582_/Y
 _17583_/X
 _17584_/Y
 _17585_/Y
 _17586_/Y
 _17587_/X
 _17588_/X
 _17589_/Y
 _17590_/Y
 _17591_/Y
 _17592_/X
 _17593_/Y
 _17594_/X
 _17595_/X
 _17596_/Y
 _17597_/X
 _17598_/Y
 _17599_/X
 _17600_/Y
 _17601_/Y
 _17602_/Y
 _17603_/Y
 _17604_/Y
 _17605_/Y
 _17606_/X
 _17607_/X
 _17608_/X
 _17609_/X
 _17610_/X
 _17611_/Y
 _17612_/Y
 _17613_/Y
 _17614_/Y
 _17615_/Y
 _17616_/Y
 _17617_/X
 _17618_/Y
 _17619_/Y
 _17620_/X
 _17621_/Y
 _17622_/X
 _17623_/Y
 _17624_/Y
 _17625_/X
 _17626_/X
 _17627_/X
 _17628_/Y
 _17629_/Y
 _17630_/Y
 _17631_/X
 _17632_/Y
 _17633_/Y
 _17634_/X
 _17635_/X
 _17636_/X
 _17637_/X
 _17638_/X
 _17639_/Y
 _17640_/X
 _17641_/X
 _17642_/Y
 _17643_/X
 _17644_/X
 _17645_/X
 _17646_/X
 _17647_/X
 _17648_/X
 _17649_/X
 _17650_/Y
 _17651_/X
 _17652_/Y
 _17653_/Y
 _17654_/X
 _17655_/Y
 _17656_/Y
 _17657_/X
 _17658_/X
 _17659_/Y
 _17660_/X
 _17661_/X
 _17662_/X
 _17663_/X
 _17664_/X
 _17665_/X
 _17666_/X
 _17667_/X
 _17668_/Y
 _17669_/X
 _17670_/Y
 _17671_/X
 _17672_/X
 _17673_/X
 _17674_/X
 _17675_/X
 _17676_/Y
 _17677_/Y
 _17678_/X
 _17679_/X
 _17680_/X
 _17681_/X
 _17682_/X
 _17683_/Y
 _17684_/X
 _17685_/X
 _17686_/X
 _17687_/X
 _17688_/Y
 _17689_/X
 _17690_/X
 _17691_/X
 _17692_/Y
 _17693_/X
 _17694_/X
 _17695_/X
 _17696_/X
 _17697_/X
 _17698_/X
 _17699_/X
 _17700_/Y
 _17701_/Y
 _17702_/Y
 _17703_/Y
 _17704_/Y
 _17705_/Y
 _17706_/Y
 _17707_/Y
 _17708_/Y
 _17709_/Y
 _17710_/X
 _17711_/X
 _17712_/X
 _17713_/Y
 _17714_/X
 _17715_/X
 _17716_/Y
 _17717_/Y
 _17718_/X
 _17719_/X
 _17720_/X
 _17721_/X
 _17722_/X
 _17723_/X
 _17724_/X
 _17725_/X
 _17726_/X
 _17727_/X
 _17728_/X
 _17729_/X
 _17730_/X
 _17731_/Y
 _17732_/Y
 _17733_/Y
 _17734_/X
 _17735_/Y
 _17736_/X
 _17737_/Y
 _17738_/X
 _17739_/X
 _17740_/X
 _17741_/X
 _17742_/X
 _17743_/X
 _17744_/X
 _17745_/X
 _17746_/X
 _17747_/X
 _17748_/X
 _17749_/X
 _17750_/X
 _17751_/X
 _17752_/X
 _17753_/X
 _17754_/X
 _17755_/X
 _17756_/X
 _17757_/X
 _17758_/X
 _17759_/X
 _17760_/X
 _17761_/X
 _17762_/X
 _17763_/X
 _17764_/X
 _17765_/X
 _17766_/X
 _17767_/X
 _17768_/X
 _17769_/X
 _17770_/X
 _17771_/X
 _17772_/X
 _17773_/X
 _17774_/X
 _17775_/X
 _17776_/X
 _17777_/X
 _17778_/X
 _17779_/X
 _17780_/X
 _17781_/Y
 _17782_/X
 _17783_/X
 _17784_/X
 _17785_/X
 _17786_/X
 _17787_/X
 _17788_/X
 _17789_/X
 _17790_/X
 _17791_/X
 _17792_/X
 _17793_/X
 _17794_/X
 _17795_/X
 _17796_/X
 _17797_/X
 _17798_/X
 _17799_/X
 _17800_/X
 _17801_/X
 _17802_/X
 _17803_/X
 _17804_/X
 _17805_/X
 _17806_/X
 _17807_/X
 _17808_/X
 _17809_/X
 _17810_/X
 _17811_/X
 _17812_/X
 _17813_/X
 _17814_/X
 _17815_/X
 _17816_/X
 _17817_/X
 _17818_/X
 _17819_/X
 _17820_/X
 _17821_/X
 _17822_/X
 _17823_/X
 _17824_/X
 _17825_/X
 _17826_/X
 _17827_/X
 _17828_/X
 _17829_/X
 _17830_/X
 _17831_/X
 _17832_/X
 _17833_/X
 _17834_/X
 _17835_/X
 _17836_/X
 _17837_/X
 _17838_/X
 _17839_/X
 _17840_/X
 _17841_/X
 _17842_/X
 _17843_/X
 _17844_/X
 _17845_/X
 _17846_/X
 _17847_/X
 _17848_/X
 _17849_/X
 _17850_/X
 _17851_/X
 _17852_/X
 _17853_/X
 _17854_/X
 _17855_/X
 _17856_/X
 _17857_/X
 _17858_/X
 _17859_/X
 _17860_/Y
 _17861_/Y
 _17862_/Y
 _17863_/X
 _17864_/X
 _17865_/X
 _17866_/Y
 _17867_/Y
 _17868_/Y
 _17869_/X
 _17870_/X
 _17871_/Y
 _17872_/Y
 _17873_/Y
 _17874_/X
 _17875_/X
 _17876_/Y
 _17877_/Y
 _17878_/Y
 _17879_/X
 _17880_/X
 _17881_/X
 _17882_/Y
 _17883_/X
 _17884_/X
 _17885_/Y
 _17886_/Y
 _17887_/Y
 _17888_/X
 _17889_/X
 _17890_/Y
 _17891_/Y
 _17892_/Y
 _17893_/X
 _17894_/X
 _17895_/X
 _17896_/Y
 _17897_/X
 _17898_/X
 _17899_/X
 _17900_/Y
 _17901_/X
 _17902_/X
 _17903_/Y
 _17904_/X
 _17905_/Y
 _17906_/X
 _17907_/Y
 _17908_/Y
 _17909_/Y
 _17910_/Y
 _17911_/X
 _17912_/Y
 _17913_/Y
 _17914_/Y
 _17915_/X
 _17916_/Y
 _17917_/Y
 _17918_/X
 _17919_/Y
 _17920_/Y
 _17921_/Y
 _17922_/Y
 _17923_/Y
 _17924_/Y
 _17925_/Y
 _17926_/Y
 _17927_/Y
 _17928_/X
 _17929_/X
 _17930_/X
 _17931_/X
 _17932_/X
 _17933_/Y
 _17934_/X
 _17935_/X
 _17936_/Y
 _17937_/Y
 _17938_/X
 _17939_/X
 _17940_/X
 _17941_/X
 _17942_/X
 _17943_/X
 _17944_/X
 _17945_/X
 _17946_/X
 _17947_/X
 _17948_/X
 _17949_/X
 _17950_/X
 _17951_/X
 _17952_/X
 _17953_/X
 _17954_/X
 _17955_/X
 _17956_/X
 _17957_/X
 _17958_/X
 _17959_/X
 _17960_/X
 _17961_/X
 _17962_/X
 _17963_/X
 _17964_/X
 _17965_/X
 _17966_/X
 _17967_/X
 _17968_/X
 _17969_/X
 _17970_/X
 _17971_/X
 _17972_/X
 _17973_/Y
 _17974_/Y
 _17975_/Y
 _17976_/Y
 _17977_/X
 _17978_/X
 _17979_/X
 _17980_/X
 _17981_/Y
 _17982_/X
 _17983_/X
 _17984_/X
 _17985_/X
 _17986_/X
 _17987_/X
 _17988_/X
 _17989_/X
 _17990_/X
 _17991_/X
 _17992_/X
 _17993_/X
 _17994_/X
 _17995_/X
 _17996_/X
 _17997_/X
 _17998_/X
 _17999_/X
 _18000_/X
 _18001_/X
 _18002_/X
 _18003_/X
 _18004_/X
 _18005_/X
 _18006_/X
 _18007_/X
 _18008_/X
 _18009_/X
 _18010_/X
 _18011_/X
 _18012_/X
 _18013_/X
 _18014_/X
 _18015_/X
 _18016_/X
 _18017_/Y
 _18018_/X
 _18019_/X
 _18020_/Y
 _18021_/Y
 _18022_/X
 _18023_/X
 _18024_/X
 _18025_/X
 _18026_/X
 _18027_/X
 _18028_/X
 _18029_/X
 _18030_/X
 _18031_/X
 _18032_/X
 _18033_/Y
 _18034_/X
 _18035_/X
 _18036_/X
 _18037_/X
 _18038_/X
 _18039_/X
 _18040_/X
 _18041_/X
 _18042_/X
 _18043_/X
 _18044_/X
 _18045_/X
 _18046_/X
 _18047_/X
 _18048_/X
 _18049_/X
 _18050_/X
 _18051_/X
 _18052_/X
 _18053_/Y
 _18054_/Y
 _18055_/Y
 _18056_/Y
 _18057_/Y
 _18058_/Y
 _18059_/X
 _18060_/Y
 _18061_/Y
 _18062_/X
 _18063_/Y
 _18064_/Y
 _18065_/X
 _18066_/Y
 _18067_/X
 _18068_/Y
 _18069_/Y
 _18070_/Y
 _18071_/Y
 _18072_/Y
 _18073_/Y
 _18074_/X
 _18075_/X
 _18076_/X
 _18077_/Y
 _18078_/Y
 _18079_/Y
 _18080_/Y
 _18081_/X
 _18082_/Y
 _18083_/Y
 _18084_/Y
 _18085_/Y
 _18086_/X
 _18087_/X
 _18088_/Y
 _18089_/X
 _18090_/X
 _18091_/Y
 _18092_/X
 _18093_/X
 _18094_/Y
 _18095_/X
 _18096_/X
 _18097_/X
 _18098_/X
 _18099_/X
 _18100_/Y
 _18101_/Y
 _18102_/X
 _18103_/X
 _18104_/X
 _18105_/X
 _18106_/X
 _18107_/X
 _18108_/X
 _18109_/Y
 _18110_/Y
 _18111_/X
 _18112_/X
 _18113_/Y
 _18114_/Y
 _18115_/Y
 _18116_/Y
 _18117_/Y
 _18118_/Y
 _18119_/X
 _18120_/X
 _18121_/X
 _18122_/X
 _18123_/Y
 _18124_/X
 _18125_/X
 _18126_/X
 _18127_/X
 _18128_/X
 _18129_/X
 _18130_/X
 _18131_/Y
 _18132_/X
 _18133_/Y
 _18134_/Y
 _18135_/X
 _18136_/Y
 _18137_/Y
 _18138_/Y
 _18139_/X
 _18140_/X
 _18141_/X
 _18142_/X
 _18143_/X
 _18144_/X
 _18145_/X
 _18146_/Y
 _18147_/Y
 _18148_/Y
 _18149_/Y
 _18150_/Y
 _18151_/Y
 _18152_/X
 _18153_/X
 _18154_/Y
 _18155_/Y
 _18156_/X
 _18157_/X
 _18158_/Y
 _18159_/Y
 _18160_/Y
 _18161_/X
 _18162_/X
 _18163_/Y
 _18164_/Y
 _18165_/X
 _18166_/Y
 _18167_/X
 _18168_/Y
 _18169_/Y
 _18170_/Y
 _18171_/Y
 _18172_/X
 _18173_/X
 _18174_/X
 _18175_/Y
 _18176_/Y
 _18177_/Y
 _18178_/Y
 _18179_/X
 _18180_/Y
 _18181_/Y
 _18182_/X
 _18183_/Y
 _18184_/Y
 _18185_/X
 _18186_/Y
 _18187_/X
 _18188_/Y
 _18189_/X
 _18190_/X
 _18191_/X
 _18192_/Y
 _18193_/Y
 _18194_/X
 _18195_/Y
 _18196_/X
 _18197_/Y
 _18198_/Y
 _18199_/Y
 _18200_/Y
 _18201_/X
 _18202_/Y
 _18203_/Y
 _18204_/Y
 _18205_/Y
 _18206_/Y
 _18207_/Y
 _18208_/X
 _18209_/Y
 _18210_/Y
 _18211_/X
 _18212_/X
 _18213_/X
 _18214_/X
 _18215_/X
 _18216_/X
 _18217_/X
 _18218_/X
 _18219_/Y
 _18220_/Y
 _18221_/Y
 _18222_/Y
 _18223_/X
 _18224_/X
 _18225_/X
 _18226_/Y
 _18227_/X
 _18228_/X
 _18229_/X
 _18230_/X
 _18231_/X
 _18232_/X
 _18233_/X
 _18234_/X
 _18235_/Y
 _18236_/X
 _18237_/X
 _18238_/X
 _18239_/X
 _18240_/X
 _18241_/X
 _18242_/X
 _18243_/X
 _18244_/X
 _18245_/X
 _18246_/X
 _18247_/X
 _18248_/X
 _18249_/X
 _18250_/X
 _18251_/X
 _18252_/X
 _18253_/X
 _18254_/X
 _18255_/Y
 _18256_/X
 _18257_/X
 _18258_/X
 _18259_/X
 _18260_/X
 _18261_/X
 _18262_/X
 _18263_/X
 _18264_/X
 _18265_/X
 _18266_/X
 _18267_/X
 _18268_/Y
 _18269_/X
 _18270_/X
 _18271_/X
 _18272_/X
 _18273_/X
 _18274_/X
 _18275_/X
 _18276_/X
 _18277_/X
 _18278_/X
 _18279_/X
 _18280_/X
 _18281_/X
 _18282_/X
 _18283_/X
 _18284_/X
 _18285_/X
 _18286_/X
 _18287_/X
 _18288_/X
 _18289_/Y
 _18290_/Y
 _18291_/Y
 _18292_/X
 _18293_/X
 _18294_/X
 _18295_/X
 _18296_/X
 _18297_/Y
 _18298_/Y
 _18299_/Y
 _18300_/X
 _18301_/X
 _18302_/X
 _18303_/X
 _18304_/X
 _18305_/X
 _18306_/X
 _18307_/X
 _18308_/X
 _18309_/X
 _18310_/X
 _18311_/X
 _18312_/X
 _18313_/X
 _18314_/X
 _18315_/X
 _18316_/X
 _18317_/X
 _18318_/X
 _18319_/X
 _18320_/X
 _18321_/X
 _18322_/X
 _18323_/X
 _18324_/X
 _18325_/X
 _18326_/X
 _18327_/X
 _18328_/X
 _18329_/X
 _18330_/X
 _18331_/X
 _18332_/X
 _18333_/X
 _18334_/Y
 _18335_/Y
 _18336_/X
 _18337_/X
 _18338_/X
 _18339_/X
 _18340_/X
 _18341_/X
 _18342_/X
 _18343_/X
 _18344_/X
 _18345_/X
 _18346_/X
 _18347_/X
 _18348_/X
 _18349_/X
 _18350_/X
 _18351_/X
 _18352_/X
 _18353_/X
 _18354_/X
 _18355_/X
 _18356_/X
 _18357_/X
 _18358_/X
 _18359_/X
 _18360_/X
 _18361_/X
 _18362_/X
 _18363_/X
 _18364_/X
 _18365_/X
 _18366_/X
 _18367_/X
 _18368_/X
 _18369_/X
 _18370_/X
 _18371_/X
 _18372_/X
 _18373_/X
 _18374_/X
 _18375_/X
 _18376_/X
 _18377_/X
 _18378_/Y
 _18379_/Y
 _18380_/Y
 _18381_/Y
 _18382_/Y
 _18383_/X
 _18384_/Y
 _18385_/Y
 _18386_/Y
 _18387_/Y
 _18388_/Y
 _18389_/Y
 _18390_/Y
 _18391_/X
 _18392_/Y
 _18393_/Y
 _18394_/X
 _18395_/Y
 _18396_/Y
 _18397_/Y
 _18398_/Y
 _18399_/Y
 _18400_/Y
 _18401_/Y
 _18402_/Y
 _18403_/Y
 _18404_/X
 _18405_/X
 _18406_/Y
 _18407_/Y
 _18408_/X
 _18409_/X
 _18410_/Y
 _18411_/Y
 _18412_/X
 _18413_/Y
 _18414_/Y
 _18415_/Y
 _18416_/Y
 _18417_/Y
 _18418_/Y
 _18419_/Y
 _18420_/Y
 _18421_/Y
 _18422_/Y
 _18423_/Y
 _18424_/Y
 _18425_/X
 _18426_/Y
 _18427_/Y
 _18428_/X
 _18429_/Y
 _18430_/Y
 _18431_/Y
 _18432_/X
 _18433_/Y
 _18434_/Y
 _18435_/Y
 _18436_/Y
 _18437_/X
 _18438_/Y
 _18439_/Y
 _18440_/Y
 _18441_/X
 _18442_/Y
 _18443_/Y
 _18444_/Y
 _18445_/Y
 _18446_/Y
 _18447_/Y
 _18448_/Y
 _18449_/X
 _18450_/Y
 _18451_/Y
 _18452_/X
 _18453_/Y
 _18454_/Y
 _18455_/Y
 _18456_/Y
 _18457_/Y
 _18458_/Y
 _18459_/Y
 _18460_/Y
 _18461_/Y
 _18462_/Y
 _18463_/Y
 _18464_/Y
 _18465_/X
 _18466_/Y
 _18467_/Y
 _18468_/Y
 _18469_/Y
 _18470_/Y
 _18471_/Y
 _18472_/Y
 _18473_/X
 _18474_/Y
 _18475_/Y
 _18476_/Y
 _18477_/X
 _18478_/Y
 _18479_/Y
 _18480_/Y
 _18481_/Y
 _18482_/Y
 _18483_/X
 _18484_/Y
 _18485_/Y
 _18486_/Y
 _18487_/X
 _18488_/Y
 _18489_/X
 _18490_/X
 _18491_/X
 _18492_/Y
 _18493_/Y
 _18494_/Y
 _18495_/Y
 _18496_/Y
 _18497_/Y
 _18498_/Y
 _18499_/Y
 _18500_/Y
 _18501_/Y
 _18502_/Y
 _18503_/Y
 _18504_/Y
 _18505_/X
 _18506_/Y
 _18507_/Y
 _18508_/X
 _18509_/Y
 _18510_/Y
 _18511_/Y
 _18512_/Y
 _18513_/Y
 _18514_/Y
 _18515_/Y
 _18516_/X
 _18517_/X
 _18518_/Y
 _18519_/Y
 _18520_/Y
 _18521_/Y
 _18522_/Y
 _18523_/Y
 _18524_/Y
 _18525_/Y
 _18526_/X
 _18527_/Y
 _18528_/Y
 _18529_/Y
 _18530_/Y
 _18531_/Y
 _18532_/Y
 _18533_/Y
 _18534_/Y
 _18535_/Y
 _18536_/Y
 _18537_/Y
 _18538_/Y
 _18539_/Y
 _18540_/Y
 _18541_/X
 _18542_/Y
 _18543_/Y
 _18544_/X
 _18545_/Y
 _18546_/X
 _18547_/Y
 _18548_/Y
 _18549_/Y
 _18550_/Y
 _18551_/Y
 _18552_/Y
 _18553_/Y
 _18554_/Y
 _18555_/Y
 _18556_/Y
 _18557_/Y
 _18558_/Y
 _18559_/Y
 _18560_/Y
 _18561_/Y
 _18562_/Y
 _18563_/Y
 _18564_/Y
 _18565_/Y
 _18566_/Y
 _18567_/Y
 _18568_/Y
 _18569_/X
 _18570_/Y
 _18571_/Y
 _18572_/Y
 _18573_/Y
 _18574_/Y
 _18575_/Y
 _18576_/Y
 _18577_/Y
 _18578_/X
 _18579_/Y
 _18580_/Y
 _18581_/Y
 _18582_/Y
 _18583_/Y
 _18584_/Y
 _18585_/Y
 _18586_/Y
 _18587_/Y
 _18588_/Y
 _18589_/Y
 _18590_/Y
 _18591_/Y
 _18592_/Y
 _18593_/X
 _18594_/Y
 _18595_/Y
 _18596_/Y
 _18597_/Y
 _18598_/X
 _18599_/Y
 _18600_/Y
 _18601_/X
 _18602_/Y
 _18603_/Y
 _18604_/X
 _18605_/Y
 _18606_/X
 _18607_/X
 _18608_/Y
 _18609_/Y
 _18610_/Y
 _18611_/Y
 _18612_/X
 _18613_/X
 _18614_/X
 _18615_/Y
 _18616_/Y
 _18617_/Y
 _18618_/Y
 _18619_/Y
 _18620_/Y
 _18621_/Y
 _18622_/X
 _18623_/X
 _18624_/Y
 _18625_/Y
 _18626_/X
 _18627_/Y
 _18628_/Y
 _18629_/Y
 _18630_/Y
 _18631_/Y
 _18632_/Y
 _18633_/Y
 _18634_/Y
 _18635_/Y
 _18636_/Y
 _18637_/Y
 _18638_/X
 _18639_/X
 _18640_/Y
 _18641_/X
 _18642_/Y
 _18643_/Y
 _18644_/X
 _18645_/Y
 _18646_/X
 _18647_/X
 _18648_/Y
 _18649_/X
 _18650_/Y
 _18651_/X
 _18652_/X
 _18653_/X
 _18654_/X
 _18655_/X
 _18656_/X
 _18657_/X
 _18658_/X
 _18659_/X
 _18660_/X
 _18661_/X
 _18662_/X
 _18663_/X
 _18664_/Y
 _18665_/Y
 _18666_/Y
 _18667_/Y
 _18668_/X
 _18669_/Y
 _18670_/X
 _18671_/X
 _18672_/X
 _18673_/Y
 _18674_/Y
 _18675_/Y
 _18676_/Y
 _18677_/X
 _18678_/X
 _18679_/Y
 _18680_/Y
 _18681_/Y
 _18682_/Y
 _18683_/Y
 _18684_/Y
 _18685_/Y
 _18686_/Y
 _18687_/Y
 _18688_/Y
 _18689_/X
 _18690_/X
 _18691_/X
 _18692_/X
 _18693_/Y
 _18694_/X
 _18695_/Y
 _18696_/Y
 _18697_/X
 _18698_/Y
 _18699_/Y
 _18700_/Y
 _18701_/Y
 _18702_/X
 _18703_/Y
 _18704_/X
 _18705_/X
 _18706_/Y
 _18707_/Y
 _18708_/X
 _18709_/Y
 _18710_/Y
 _18711_/X
 _18712_/Y
 _18713_/Y
 _18714_/Y
 _18715_/Y
 _18716_/Y
 _18717_/Y
 _18718_/Y
 _18719_/Y
 _18720_/Y
 _18721_/X
 _18722_/Y
 _18723_/X
 _18724_/X
 _18725_/Y
 _18726_/Y
 _18727_/Y
 _18728_/Y
 _18729_/Y
 _18730_/Y
 _18731_/Y
 _18732_/Y
 _18733_/Y
 _18734_/Y
 _18735_/Y
 _18736_/Y
 _18737_/Y
 _18738_/Y
 _18739_/X
 _18740_/Y
 _18741_/Y
 _18742_/X
 _18743_/Y
 _18744_/X
 _18745_/Y
 _18746_/X
 _18747_/Y
 _18748_/X
 _18749_/Y
 _18750_/Y
 _18751_/Y
 _18752_/Y
 _18753_/Y
 _18754_/X
 _18755_/Y
 _18756_/Y
 _18757_/Y
 _18758_/X
 _18759_/X
 _18760_/X
 _18761_/X
 _18762_/Y
 _18763_/Y
 _18764_/Y
 _18765_/Y
 _18766_/Y
 _18767_/Y
 _18768_/Y
 _18769_/Y
 _18770_/Y
 _18771_/Y
 _18772_/Y
 _18773_/Y
 _18774_/X
 _18775_/X
 _18776_/Y
 _18777_/X
 _18778_/Y
 _18779_/X
 _18780_/X
 _18781_/X
 _18782_/X
 _18783_/Y
 _18784_/Y
 _18785_/Y
 _18786_/Y
 _18787_/Y
 _18788_/Y
 _18789_/Y
 _18790_/Y
 _18791_/Y
 _18792_/Y
 _18793_/Y
 _18794_/Y
 _18795_/X
 _18796_/X
 _18797_/Y
 _18798_/Y
 _18799_/Y
 _18800_/Y
 _18801_/Y
 _18802_/Y
 _18803_/Y
 _18804_/Y
 _18805_/Y
 _18806_/Y
 _18807_/Y
 _18808_/Y
 _18809_/X
 _18810_/Y
 _18811_/Y
 _18812_/Y
 _18813_/Y
 _18814_/Y
 _18815_/Y
 _18816_/Y
 _18817_/Y
 _18818_/Y
 _18819_/Y
 _18820_/X
 _18821_/X
 _18822_/Y
 _18823_/Y
 _18824_/Y
 _18825_/Y
 _18826_/Y
 _18827_/Y
 _18828_/Y
 _18829_/Y
 _18830_/Y
 _18831_/Y
 _18832_/X
 _18833_/Y
 _18834_/X
 _18835_/X
 _18836_/Y
 _18837_/Y
 _18838_/Y
 _18839_/X
 _18840_/Y
 _18841_/Y
 _18842_/Y
 _18843_/Y
 _18844_/Y
 _18845_/Y
 _18846_/Y
 _18847_/X
 _18848_/X
 _18849_/Y
 _18850_/Y
 _18851_/X
 _18852_/X
 _18853_/Y
 _18854_/Y
 _18855_/Y
 _18856_/Y
 _18857_/Y
 _18858_/Y
 _18859_/Y
 _18860_/Y
 _18861_/Y
 _18862_/Y
 _18863_/Y
 _18864_/Y
 _18865_/Y
 _18866_/Y
 _18867_/Y
 _18868_/Y
 _18869_/X
 _18870_/X
 _18871_/X
 _18872_/Y
 _18873_/X
 _18874_/X
 _18875_/Y
 _18876_/Y
 _18877_/Y
 _18878_/Y
 _18879_/Y
 _18880_/Y
 _18881_/X
 _18882_/Y
 _18883_/Y
 _18884_/Y
 _18885_/Y
 _18886_/Y
 _18887_/Y
 _18888_/Y
 _18889_/Y
 _18890_/Y
 _18891_/Y
 _18892_/X
 _18893_/Y
 _18894_/Y
 _18895_/X
 _18896_/X
 _18897_/Y
 _18898_/Y
 _18899_/Y
 _18900_/Y
 _18901_/Y
 _18902_/Y
 _18903_/Y
 _18904_/Y
 _18905_/Y
 _18906_/Y
 _18907_/Y
 _18908_/X
 _18909_/X
 _18910_/Y
 _18911_/Y
 _18912_/Y
 _18913_/Y
 _18914_/Y
 _18915_/Y
 _18916_/Y
 _18917_/Y
 _18918_/Y
 _18919_/Y
 _18920_/X
 _18921_/Y
 _18922_/X
 _18923_/Y
 _18924_/X
 _18925_/Y
 _18926_/Y
 _18927_/Y
 _18928_/X
 _18929_/X
 _18930_/Y
 _18931_/Y
 _18932_/Y
 _18933_/Y
 _18934_/X
 _18935_/Y
 _18936_/Y
 _18937_/Y
 _18938_/Y
 _18939_/Y
 _18940_/Y
 _18941_/Y
 _18942_/Y
 _18943_/X
 _18944_/X
 _18945_/Y
 _18946_/Y
 _18947_/Y
 _18948_/Y
 _18949_/Y
 _18950_/Y
 _18951_/Y
 _18952_/Y
 _18953_/Y
 _18954_/X
 _18955_/Y
 _18956_/Y
 _18957_/Y
 _18958_/Y
 _18959_/Y
 _18960_/Y
 _18961_/Y
 _18962_/Y
 _18963_/Y
 _18964_/Y
 _18965_/Y
 _18966_/Y
 _18967_/Y
 _18968_/X
 _18969_/X
 _18970_/X
 _18971_/Y
 _18972_/Y
 _18973_/Y
 _18974_/Y
 _18975_/Y
 _18976_/Y
 _18977_/Y
 _18978_/X
 _18979_/Y
 _18980_/Y
 _18981_/X
 _18982_/Y
 _18983_/X
 _18984_/X
 _18985_/Y
 _18986_/Y
 _18987_/Y
 _18988_/Y
 _18989_/Y
 _18990_/Y
 _18991_/Y
 _18992_/Y
 _18993_/Y
 _18994_/Y
 _18995_/Y
 _18996_/Y
 _18997_/Y
 _18998_/X
 _18999_/X
 _19000_/Y
 _19001_/X
 _19002_/Y
 _19003_/X
 _19004_/Y
 _19005_/Y
 _19006_/Y
 _19007_/Y
 _19008_/Y
 _19009_/Y
 _19010_/Y
 _19011_/Y
 _19012_/Y
 _19013_/Y
 _19014_/Y
 _19015_/Y
 _19016_/Y
 _19017_/Y
 _19018_/X
 _19019_/X
 _19020_/X
 _19021_/X
 _19022_/Y
 _19023_/Y
 _19024_/Y
 _19025_/Y
 _19026_/Y
 _19027_/Y
 _19028_/Y
 _19029_/Y
 _19030_/Y
 _19031_/Y
 _19032_/Y
 _19033_/Y
 _19034_/X
 _19035_/Y
 _19036_/Y
 _19037_/X
 _19038_/X
 _19039_/Y
 _19040_/Y
 _19041_/Y
 _19042_/Y
 _19043_/Y
 _19044_/Y
 _19045_/Y
 _19046_/Y
 _19047_/Y
 _19048_/Y
 _19049_/Y
 _19050_/Y
 _19051_/X
 _19052_/X
 _19053_/Y
 _19054_/Y
 _19055_/Y
 _19056_/Y
 _19057_/Y
 _19058_/Y
 _19059_/Y
 _19060_/Y
 _19061_/Y
 _19062_/Y
 _19063_/Y
 _19064_/Y
 _19065_/Y
 _19066_/X
 _19067_/X
 _19068_/Y
 _19069_/X
 _19070_/Y
 _19071_/X
 _19072_/Y
 _19073_/Y
 _19074_/Y
 _19075_/Y
 _19076_/Y
 _19077_/Y
 _19078_/Y
 _19079_/Y
 _19080_/Y
 _19081_/Y
 _19082_/Y
 _19083_/Y
 _19084_/X
 _19085_/X
 _19086_/Y
 _19087_/Y
 _19088_/Y
 _19089_/Y
 _19090_/X
 _19091_/X
 _19092_/Y
 _19093_/Y
 _19094_/Y
 _19095_/Y
 _19096_/Y
 _19097_/Y
 _19098_/Y
 _19099_/Y
 _19100_/X
 _19101_/Y
 _19102_/Y
 _19103_/Y
 _19104_/Y
 _19105_/Y
 _19106_/X
 _19107_/Y
 _19108_/Y
 _19109_/X
 _19110_/X
 _19111_/Y
 _19112_/Y
 _19113_/Y
 _19114_/Y
 _19115_/Y
 _19116_/Y
 _19117_/X
 _19118_/Y
 _19119_/X
 _19120_/Y
 _19121_/X
 _19122_/X
 _19123_/Y
 _19124_/Y
 _19125_/X
 _19126_/Y
 _19127_/Y
 _19128_/Y
 _19129_/Y
 _19130_/Y
 _19131_/Y
 _19132_/Y
 _19133_/Y
 _19134_/Y
 _19135_/X
 _19136_/X
 _19137_/X
 _19138_/X
 _19139_/Y
 _19140_/X
 _19141_/Y
 _19142_/X
 _19143_/Y
 _19144_/X
 _19145_/Y
 _19146_/Y
 _19147_/Y
 _19148_/Y
 _19149_/Y
 _19150_/Y
 _19151_/Y
 _19152_/Y
 _19153_/Y
 _19154_/Y
 _19155_/Y
 _19156_/X
 _19157_/Y
 _19158_/Y
 _19159_/X
 _19160_/Y
 _19161_/Y
 _19162_/Y
 _19163_/Y
 _19164_/X
 _19165_/X
 _19166_/X
 _19167_/Y
 _19168_/Y
 _19169_/Y
 _19170_/Y
 _19171_/Y
 _19172_/X
 _19173_/X
 _19174_/Y
 _19175_/Y
 _19176_/X
 _19177_/X
 _19178_/Y
 _19179_/X
 _19180_/Y
 _19181_/X
 _19182_/Y
 _19183_/Y
 _19184_/Y
 _19185_/Y
 _19186_/Y
 _19187_/Y
 _19188_/X
 _19189_/Y
 _19190_/X
 _19191_/X
 _19192_/Y
 _19193_/X
 _19194_/Y
 _19195_/Y
 _19196_/Y
 _19197_/Y
 _19198_/Y
 _19199_/Y
 _19200_/Y
 _19201_/X
 _19202_/Y
 _19203_/Y
 _19204_/Y
 _19205_/X
 _19206_/Y
 _19207_/Y
 _19208_/Y
 _19209_/X
 _19210_/Y
 _19211_/Y
 _19212_/Y
 _19213_/Y
 _19214_/Y
 _19215_/Y
 _19216_/X
 _19217_/Y
 _19218_/Y
 _19219_/X
 _19220_/Y
 _19221_/Y
 _19222_/Y
 _19223_/Y
 _19224_/Y
 _19225_/Y
 _19226_/Y
 _19227_/X
 _19228_/Y
 _19229_/Y
 _19230_/X
 _19231_/Y
 _19232_/Y
 _19233_/X
 _19234_/X
 _19235_/X
 _19236_/Y
 _19237_/Y
 _19238_/Y
 _19239_/X
 _19240_/X
 _19241_/Y
 _19242_/X
 _19243_/X
 _19244_/Y
 _19245_/Y
 _19246_/X
 _19247_/Y
 _19248_/X
 _19249_/X
 _19250_/X
 _19251_/Y
 _19252_/X
 _19253_/X
 _19254_/X
 _19255_/X
 _19256_/X
 _19257_/X
 _19258_/X
 _19259_/X
 _19260_/X
 _19261_/X
 _19262_/X
 _19263_/X
 _19264_/X
 _19265_/X
 _19266_/X
 _19267_/X
 _19268_/Y
 _19269_/X
 _19270_/Y
 _19271_/X
 _19272_/X
 _19273_/X
 _19274_/Y
 _19275_/X
 _19276_/X
 _19277_/X
 _19278_/X
 _19279_/X
 _19280_/X
 _19281_/X
 _19282_/X
 _19283_/X
 _19284_/X
 _19285_/X
 _19286_/X
 _19287_/X
 _19288_/X
 _19289_/X
 _19290_/X
 _19291_/X
 _19292_/X
 _19293_/X
 _19294_/X
 _19295_/Y
 _19296_/Y
 _19297_/X
 _19298_/X
 _19299_/X
 _19300_/X
 _19301_/Y
 _19302_/Y
 _19303_/Y
 _19304_/X
 _19305_/Y
 _19306_/Y
 _19307_/X
 _19308_/Y
 _19309_/Y
 _19310_/X
 _19311_/Y
 _19312_/Y
 _19313_/X
 _19314_/X
 _19315_/X
 _19316_/X
 _19317_/Y
 _19318_/Y
 _19319_/Y
 _19320_/X
 _19321_/X
 _19322_/X
 _19323_/X
 _19324_/X
 _19325_/Y
 _19326_/X
 _19327_/Y
 _19328_/Y
 _19329_/Y
 _19330_/X
 _19331_/X
 _19332_/X
 _19333_/Y
 _19334_/Y
 _19335_/Y
 _19336_/X
 _19337_/Y
 _19338_/Y
 _19339_/Y
 _19340_/X
 _19341_/X
 _19342_/X
 _19343_/Y
 _19344_/Y
 _19345_/Y
 _19346_/Y
 _19347_/Y
 _19348_/X
 _19349_/Y
 _19350_/Y
 _19351_/X
 _19352_/X
 _19353_/X
 _19354_/X
 _19355_/Y
 _19356_/Y
 _19357_/Y
 _19358_/Y
 _19359_/Y
 _19360_/Y
 _19361_/Y
 _19362_/X
 _19363_/X
 _19364_/X
 _19365_/X
 _19366_/Y
 _19367_/X
 _19368_/Y
 _19369_/Y
 _19370_/Y
 _19371_/X
 _19372_/X
 _19373_/X
 _19374_/X
 _19375_/Y
 _19376_/Y
 _19377_/Y
 _19378_/Y
 _19379_/Y
 _19380_/Y
 _19381_/Y
 _19382_/X
 _19383_/X
 _19384_/X
 _19385_/X
 _19386_/Y
 _19387_/Y
 _19388_/Y
 _19389_/Y
 _19390_/Y
 _19391_/Y
 _19392_/X
 _19393_/X
 _19394_/X
 _19395_/X
 _19396_/Y
 _19397_/X
 _19398_/X
 _19399_/Y
 _19400_/Y
 _19401_/Y
 _19402_/Y
 _19403_/X
 _19404_/Y
 _19405_/Y
 _19406_/Y
 _19407_/X
 _19408_/X
 _19409_/X
 _19410_/X
 _19411_/X
 _19412_/Y
 _19413_/Y
 _19414_/Y
 _19415_/Y
 _19416_/Y
 _19417_/Y
 _19418_/Y
 _19419_/X
 _19420_/X
 _19421_/X
 _19422_/X
 _19423_/X
 _19424_/Y
 _19425_/Y
 _19426_/Y
 _19427_/Y
 _19428_/Y
 _19429_/Y
 _19430_/X
 _19431_/X
 _19432_/X
 _19433_/X
 _19434_/X
 _19435_/Y
 _19436_/Y
 _19437_/Y
 _19438_/Y
 _19439_/Y
 _19440_/Y
 _19441_/Y
 _19442_/X
 _19443_/X
 _19444_/X
 _19445_/X
 _19446_/X
 _19447_/Y
 _19448_/Y
 _19449_/Y
 _19450_/Y
 _19451_/Y
 _19452_/Y
 _19453_/Y
 _19454_/X
 _19455_/X
 _19456_/X
 _19457_/X
 _19458_/Y
 _19459_/Y
 _19460_/Y
 _19461_/X
 _19462_/X
 _19463_/Y
 _19464_/X
 _19465_/X
 _19466_/X
 _19467_/X
 _19468_/Y
 _19469_/Y
 _19470_/Y
 _19471_/Y
 _19472_/Y
 _19473_/Y
 _19474_/Y
 _19475_/X
 _19476_/X
 _19477_/X
 _19478_/X
 _19479_/X
 _19480_/Y
 _19481_/Y
 _19482_/Y
 _19483_/Y
 _19484_/Y
 _19485_/X
 _19486_/Y
 _19487_/X
 _19488_/X
 _19489_/X
 _19490_/X
 _19491_/X
 _19492_/Y
 _19493_/Y
 _19494_/Y
 _19495_/X
 _19496_/X
 _19497_/X
 _19498_/X
 _19499_/X
 _19500_/X
 _19501_/X
 _19502_/X
 _19503_/X
 _19504_/X
 _19505_/X
 _19506_/X
 _19507_/X
 _19508_/X
 _19509_/X
 _19510_/Y
 _19511_/Y
 _19512_/X
 _19513_/X
 _19514_/X
 _19515_/X
 _19516_/X
 _19517_/X
 _19518_/X
 _19519_/X
 _19520_/Y
 _19521_/Y
 _19522_/Y
 _19523_/Y
 _19524_/X
 _19525_/X
 _19526_/X
 _19527_/X
 _19528_/X
 _19529_/X
 _19530_/X
 _19531_/Y
 _19532_/Y
 _19533_/Y
 _19534_/Y
 _19535_/Y
 _19536_/X
 _19537_/X
 _19538_/X
 _19539_/X
 _19540_/Y
 _19541_/X
 _19542_/Y
 _19543_/X
 _19544_/X
 _19545_/X
 _19546_/X
 _19547_/X
 _19548_/X
 _19549_/Y
 _19550_/X
 _19551_/X
 _19552_/X
 _19553_/X
 _19554_/X
 _19555_/X
 _19556_/X
 _19557_/Y
 _19558_/Y
 _19559_/X
 _19560_/X
 _19561_/X
 _19562_/X
 _19563_/X
 _19564_/X
 _19565_/X
 _19566_/X
 _19567_/Y
 _19568_/X
 _19569_/X
 _19570_/X
 _19571_/X
 _19572_/X
 _19573_/X
 _19574_/Y
 _19575_/Y
 _19576_/X
 _19577_/X
 _19578_/X
 _19579_/X
 _19580_/X
 _19581_/X
 _19582_/X
 _19583_/X
 _19584_/Y
 _19585_/Y
 _19586_/X
 _19587_/X
 _19588_/X
 _19589_/X
 _19590_/X
 _19591_/X
 _19592_/Y
 _19593_/Y
 _19594_/Y
 _19595_/Y
 _19596_/X
 _19597_/X
 _19598_/X
 _19599_/X
 _19600_/X
 _19601_/X
 _19602_/Y
 _19603_/X
 _19604_/X
 _19605_/X
 _19606_/X
 _19607_/X
 _19608_/X
 _19609_/Y
 _19610_/X
 _19611_/Y
 _19612_/X
 _19613_/X
 _19614_/X
 _19615_/X
 _19616_/X
 _19617_/X
 _19618_/Y
 _19619_/X
 _19620_/X
 _19621_/X
 _19622_/X
 _19623_/X
 _19624_/X
 _19625_/Y
 _19626_/Y
 _19627_/X
 _19628_/X
 _19629_/X
 _19630_/X
 _19631_/X
 _19632_/X
 _19633_/X
 _19634_/X
 _19635_/X
 _19636_/X
 _19637_/X
 _19638_/Y
 _19639_/X
 _19640_/X
 _19641_/X
 _19642_/X
 _19643_/X
 _19644_/X
 _19645_/X
 _19646_/X
 _19647_/X
 _19648_/X
 _19649_/X
 _19650_/X
 _19651_/X
 _19652_/X
 _19653_/X
 _19654_/X
 _19655_/X
 _19656_/X
 _19657_/X
 _19658_/X
 _19659_/X
 _19660_/X
 _19661_/X
 _19662_/X
 _19663_/X
 _19664_/X
 _19665_/X
 _19666_/Y
 _19667_/X
 _19668_/X
 _19669_/X
 _19670_/X
 _19671_/X
 _19672_/X
 _19673_/X
 _19674_/X
 _19675_/Y
 _19676_/X
 _19677_/X
 _19678_/X
 _19679_/X
 _19680_/X
 _19681_/X
 _19682_/X
 _19683_/X
 _19684_/Y
 _19685_/Y
 _19686_/X
 _19687_/X
 _19688_/X
 _19689_/X
 _19690_/X
 _19691_/X
 _19692_/X
 _19693_/X
 _19694_/X
 _19695_/X
 _19696_/Y
 _19697_/X
 _19698_/X
 _19699_/X
 _19700_/X
 _19701_/X
 _19702_/X
 _19703_/X
 _19704_/X
 _19705_/X
 _19706_/X
 _19707_/X
 _19708_/X
 _19709_/X
 _19710_/X
 _19711_/X
 _19712_/X
 _19713_/X
 _19714_/X
 _19715_/X
 _19716_/X
 _19717_/X
 _19718_/X
 _19719_/X
 _19720_/X
 _19721_/X
 _19722_/X
 _19723_/X
 _19724_/X
 _19725_/X
 _19726_/X
 _19727_/X
 _19728_/X
 _19729_/X
 _19730_/X
 _19731_/X
 _19732_/X
 _19733_/X
 _19734_/Y
 _19735_/X
 _19736_/X
 _19737_/X
 _19738_/X
 _19739_/X
 _19740_/X
 _19741_/X
 _19742_/X
 _19743_/X
 _19744_/X
 _19745_/X
 _19746_/X
 _19747_/X
 _19748_/X
 _19749_/X
 _19750_/X
 _19751_/X
 _19752_/X
 _19753_/X
 _19754_/X
 _19755_/X
 _19756_/X
 _19757_/X
 _19758_/X
 _19759_/X
 _19760_/X
 _19761_/X
 _19762_/X
 _19763_/X
 _19764_/Y
 _19765_/Y
 _19766_/X
 _19767_/X
 _19768_/X
 _19769_/X
 _19770_/X
 _19771_/X
 _19772_/X
 _19773_/X
 _19774_/X
 _19775_/Y
 _19776_/X
 _19777_/X
 _19778_/X
 _19779_/X
 _19780_/X
 _19781_/X
 _19782_/X
 _19783_/X
 _19784_/X
 _19785_/X
 _19786_/X
 _19787_/X
 _19788_/X
 _19789_/X
 _19790_/X
 _19791_/X
 _19792_/X
 _19793_/X
 _19794_/X
 _19795_/X
 _19796_/X
 _19797_/X
 _19798_/X
 _19799_/X
 _19800_/X
 _19801_/X
 _19802_/X
 _19803_/X
 _19804_/X
 _19805_/X
 _19806_/X
 _19807_/X
 _19808_/Y
 _19809_/X
 _19810_/X
 _19811_/X
 _19812_/X
 _19813_/X
 _19814_/X
 _19815_/X
 _19816_/X
 _19817_/X
 _19818_/X
 _19819_/X
 _19820_/X
 _19821_/X
 _19822_/X
 _19823_/X
 _19824_/Y
 _19825_/X
 _19826_/X
 _19827_/X
 _19828_/X
 _19829_/X
 _19830_/X
 _19831_/X
 _19832_/X
 _19833_/X
 _19834_/X
 _19835_/X
 _19836_/X
 _19837_/X
 _19838_/X
 _19839_/X
 _19840_/X
 _19841_/X
 _19842_/X
 _19843_/X
 _19844_/X
 _19845_/X
 _19846_/X
 _19847_/X
 _19848_/X
 _19849_/X
 _19850_/X
 _19851_/X
 _19852_/X
 _19853_/X
 _19854_/X
 _19855_/X
 _19856_/X
 _19857_/X
 _19858_/X
 _19859_/X
 _19860_/X
 _19861_/Y
 _19862_/X
 _19863_/Y
 _19864_/Y
 _19865_/X
 _19866_/X
 _19867_/X
 _19868_/X
 _19869_/X
 _19870_/X
 _19871_/X
 _19872_/X
 _19873_/X
 _19874_/X
 _19875_/X
 _19876_/X
 _19877_/X
 _19878_/X
 _19879_/X
 _19880_/X
 _19881_/X
 _19882_/X
 _19883_/Y
 _19884_/X
 _19885_/X
 _19886_/X
 _19887_/X
 _19888_/X
 _19889_/X
 _19890_/X
 _19891_/X
 _19892_/X
 _19893_/X
 _19894_/X
 _19895_/X
 _19896_/X
 _19897_/X
 _19898_/X
 _19899_/X
 _19900_/X
 _19901_/X
 _19902_/X
 _19903_/X
 _19904_/X
 _19905_/X
 _19906_/X
 _19907_/X
 _19908_/X
 _19909_/X
 _19910_/X
 _19911_/X
 _19912_/Y
 _19913_/Y
 _19914_/X
 _19915_/X
 _19916_/X
 _19917_/X
 _19918_/X
 _19919_/X
 _19920_/X
 _19921_/Y
 _19922_/X
 _19923_/X
 _19924_/X
 _19925_/X
 _19926_/X
 _19927_/X
 _19928_/X
 _19929_/X
 _19930_/X
 _19931_/X
 _19932_/X
 _19933_/X
 _19934_/X
 _19935_/X
 _19936_/X
 _19937_/X
 _19938_/X
 _19939_/X
 _19940_/X
 _19941_/X
 _19942_/X
 _19943_/X
 _19944_/X
 _19945_/X
 _19946_/X
 _19947_/X
 _19948_/X
 _19949_/X
 _19950_/X
 _19951_/X
 _19952_/X
 _19953_/Y
 _19954_/Y
 _19955_/Y
 _19956_/Y
 _19957_/Y
 _19958_/Y
 _19959_/Y
 _19960_/Y
 _19961_/X
 _19962_/Y
 _19963_/Y
 _19964_/Y
 _19965_/Y
 _19966_/Y
 _19967_/Y
 _19968_/Y
 _19969_/Y
 _19970_/X
 _19971_/Y
 _19972_/Y
 _19973_/Y
 _19974_/Y
 _19975_/Y
 _19976_/Y
 _19977_/Y
 _19978_/Y
 _19979_/X
 _19980_/Y
 _19981_/Y
 _19982_/Y
 _19983_/Y
 _19984_/Y
 _19985_/Y
 _19986_/Y
 _19987_/Y
 _19988_/X
 _19989_/Y
 _19990_/Y
 _19991_/Y
 _19992_/Y
 _19993_/Y
 _19994_/Y
 _19995_/Y
 _19996_/Y
 _19997_/X
 _19998_/Y
 _19999_/Y
 _20000_/Y
 _20001_/Y
 _20002_/Y
 _20003_/Y
 _20004_/Y
 _20005_/Y
 _20006_/X
 _20007_/X
 _20008_/Y
 _20009_/Y
 _20010_/Y
 _20011_/Y
 _20012_/Y
 _20013_/Y
 _20014_/Y
 _20015_/Y
 _20016_/X
 _20017_/Y
 _20018_/Y
 _20019_/Y
 _20020_/Y
 _20021_/Y
 _20022_/Y
 _20023_/Y
 _20024_/Y
 _20025_/X
 _20026_/Y
 _20027_/Y
 _20028_/Y
 _20029_/Y
 _20030_/Y
 _20031_/Y
 _20032_/Y
 _20033_/Y
 _20034_/X
 _20035_/Y
 _20036_/Y
 _20037_/Y
 _20038_/Y
 _20039_/Y
 _20040_/Y
 _20041_/Y
 _20042_/Y
 _20043_/X
 _20044_/Y
 _20045_/Y
 _20046_/Y
 _20047_/Y
 _20048_/Y
 _20049_/Y
 _20050_/Y
 _20051_/Y
 _20052_/X
 _20053_/Y
 _20054_/Y
 _20055_/Y
 _20056_/Y
 _20057_/Y
 _20058_/Y
 _20059_/Y
 _20060_/Y
 _20061_/X
 _20062_/Y
 _20063_/Y
 _20064_/Y
 _20065_/Y
 _20066_/Y
 _20067_/Y
 _20068_/Y
 _20069_/Y
 _20070_/X
 _20071_/Y
 _20072_/Y
 _20073_/Y
 _20074_/Y
 _20075_/Y
 _20076_/Y
 _20077_/Y
 _20078_/Y
 _20079_/X
 _20080_/X
 _20081_/Y
 _20082_/Y
 _20083_/Y
 _20084_/Y
 _20085_/Y
 _20086_/Y
 _20087_/Y
 _20088_/Y
 _20089_/X
 _20090_/Y
 _20091_/Y
 _20092_/Y
 _20093_/Y
 _20094_/X
 _20095_/Y
 _20096_/Y
 _20097_/X
 _20098_/X
 _20099_/X
 _20100_/X
 _20101_/X
 _20102_/X
 _20103_/X
 _20104_/X
 _20105_/Y
 _20106_/Y
 _20107_/X
 _20108_/Y
 _20109_/Y
 _20110_/Y
 _20111_/X
 _20112_/Y
 _20113_/X
 _20114_/Y
 _20115_/Y
 _20116_/Y
 _20117_/Y
 _20118_/Y
 _20119_/X
 _20120_/Y
 _20121_/X
 _20122_/X
 _20123_/Y
 _20124_/X
 _20125_/X
 _20126_/Y
 _20127_/Y
 _20128_/X
 _20129_/Y
 _20130_/X
 _20131_/Y
 _20132_/Y
 _20133_/Y
 _20134_/Y
 _20135_/Y
 _20136_/X
 _20137_/Y
 _20138_/Y
 _20139_/X
 _20140_/Y
 _20141_/Y
 _20142_/Y
 _20143_/Y
 _20144_/X
 _20145_/X
 _20146_/X
 _20147_/X
 _20148_/X
 _20149_/X
 _20150_/Y
 _20151_/X
 _20152_/X
 _20153_/X
 _20154_/X
 _20155_/Y
 _20156_/X
 _20157_/X
 _20158_/Y
 _20159_/Y
 _20160_/X
 _20161_/Y
 _20162_/Y
 _20163_/X
 _20164_/X
 _20165_/X
 _20166_/X
 _20167_/X
 _20168_/Y
 _20169_/X
 _20170_/X
 _20171_/X
 _20172_/X
 _20173_/X
 _20174_/Y
 _20175_/X
 _20176_/X
 _20177_/X
 _20178_/X
 _20179_/X
 _20180_/X
 _20181_/Y
 _20182_/Y
 _20183_/X
 _20184_/X
 _20185_/X
 _20186_/X
 _20187_/X
 _20188_/X
 _20189_/X
 _20190_/X
 _20191_/X
 _20192_/X
 _20193_/Y
 _20194_/Y
 _20195_/X
 _20196_/X
 _20197_/Y
 _20198_/X
 _20199_/X
 _20200_/X
 _20201_/X
 _20202_/Y
 _20203_/Y
 _20204_/X
 _20205_/X
 _20206_/X
 _20207_/X
 _20208_/X
 _20209_/X
 _20210_/Y
 _20211_/X
 _20212_/Y
 _20213_/X
 _20214_/X
 _20215_/Y
 _20216_/X
 _20217_/Y
 _20218_/X
 _20219_/Y
 _20220_/Y
 _20221_/X
 _20222_/Y
 _20223_/X
 _20224_/Y
 _20225_/Y
 _20226_/X
 _20227_/Y
 _20228_/X
 _20229_/X
 _20230_/X
 _20231_/Y
 _20232_/X
 _20233_/X
 _20234_/Y
 _20235_/Y
 _20236_/X
 _20237_/X
 _20238_/X
 _20239_/X
 _20240_/X
 _20241_/X
 _20242_/X
 _20243_/X
 _20244_/Y
 _20245_/Y
 _20246_/X
 _20247_/X
 _20248_/X
 _20249_/X
 _20250_/X
 _20251_/X
 _20252_/X
 _20253_/X
 _20254_/X
 _20255_/Y
 _20256_/Y
 _20257_/X
 _20258_/X
 _20259_/Y
 _20260_/Y
 _20261_/Y
 _20262_/X
 _20263_/X
 _20264_/Y
 _20265_/Y
 _20266_/Y
 _20267_/X
 _20268_/Y
 _20269_/Y
 _20270_/X
 _20271_/X
 _20272_/X
 _20273_/X
 _20274_/X
 _20275_/Y
 _20276_/Y
 _20277_/Y
 _20278_/X
 _20279_/X
 _20280_/X
 _20281_/X
 _20282_/Y
 _20283_/Y
 _20284_/X
 _20285_/X
 _20286_/X
 _20287_/X
 _20288_/X
 _20289_/X
 _20290_/X
 _20291_/X
 _20292_/X
 _20293_/X
 _20294_/X
 _20295_/X
 _20296_/X
 _20297_/X
 _20298_/X
 _20299_/X
 _20300_/X
 _20301_/X
 _20302_/X
 _20303_/Y
 _20304_/X
 _20305_/X
 _20306_/X
 _20307_/X
 _20308_/X
 _20309_/X
 _20310_/X
 _20311_/X
 _20312_/X
 _20313_/X
 _20314_/X
 _20315_/X
 _20316_/X
 _20317_/X
 _20318_/X
 _20319_/X
 _20320_/X
 _20321_/X
 _20322_/X
 _20323_/X
 _20324_/X
 _20325_/X
 _20326_/X
 _20327_/X
 _20328_/X
 _20329_/X
 _20330_/X
 _20331_/X
 _20332_/X
 _20333_/X
 _20334_/X
 _20335_/X
 _20336_/X
 _20337_/X
 _20338_/X
 _20339_/X
 _20340_/X
 _20341_/X
 _20342_/X
 _20343_/X
 _20344_/X
 _20345_/X
 _20346_/X
 _20347_/X
 _20348_/X
 _20349_/X
 _20350_/X
 _20351_/X
 _20352_/X
 _20353_/X
 _20354_/X
 _20355_/X
 _20356_/Y
 _20357_/X
 _20358_/X
 _20359_/X
 _20360_/X
 _20361_/X
 _20362_/X
 _20363_/X
 _20364_/Y
 _20365_/X
 _20366_/X
 _20367_/X
 _20368_/X
 _20369_/X
 _20370_/X
 _20371_/X
 _20372_/X
 _20373_/X
 _20374_/X
 _20375_/X
 _20376_/X
 _20377_/X
 _20378_/X
 _20379_/X
 _20380_/X
 _20381_/X
 _20382_/X
 _20383_/X
 _20384_/X
 _20385_/X
 _20386_/X
 _20387_/X
 _20388_/X
 _20389_/X
 _20390_/X
 _20391_/X
 _20392_/X
 _20393_/X
 _20394_/Y
 _20395_/Y
 _20396_/Y
 _20397_/X
 _20398_/X
 _20399_/Y
 _20400_/X
 _20401_/Y
 _20402_/Y
 _20403_/X
 _20404_/X
 _20405_/X
 _20406_/X
 _20407_/X
 _20408_/Y
 _20409_/X
 _20410_/X
 _20411_/X
 _20412_/X
 _20413_/Y
 _20414_/X
 _20415_/Y
 _20416_/Y
 _20417_/X
 _20418_/Y
 _20419_/Y
 _20420_/Y
 _20421_/X
 _20422_/X
 _20423_/Y
 _20424_/X
 _20425_/Y
 _20426_/Y
 _20427_/X
 _20428_/X
 _20429_/Y
 _20430_/X
 _20431_/Y
 _20432_/Y
 _20433_/X
 _20434_/Y
 _20435_/Y
 _20436_/Y
 _20437_/X
 _20438_/Y
 _20439_/Y
 _20440_/Y
 _20441_/X
 _20442_/X
 _20443_/Y
 _20444_/Y
 _20445_/Y
 _20446_/X
 _20447_/Y
 _20448_/Y
 _20449_/Y
 _20450_/X
 _20451_/Y
 _20452_/Y
 _20453_/Y
 _20454_/X
 _20455_/Y
 _20456_/Y
 _20457_/Y
 _20458_/X
 _20459_/X
 _20460_/Y
 _20461_/Y
 _20462_/Y
 _20463_/X
 _20464_/Y
 _20465_/Y
 _20466_/Y
 _20467_/X
 _20468_/Y
 _20469_/Y
 _20470_/Y
 _20471_/X
 _20472_/Y
 _20473_/Y
 _20474_/Y
 _20475_/X
 _20476_/X
 _20477_/Y
 _20478_/Y
 _20479_/Y
 _20480_/X
 _20481_/Y
 _20482_/Y
 _20483_/Y
 _20484_/Y
 _20485_/X
 _20486_/Y
 _20487_/Y
 _20488_/Y
 _20489_/X
 _20490_/Y
 _20491_/Y
 _20492_/Y
 _20493_/Y
 _20494_/X
 _20495_/X
 _20496_/Y
 _20497_/Y
 _20498_/Y
 _20499_/X
 _20500_/Y
 _20501_/Y
 _20502_/Y
 _20503_/Y
 _20504_/X
 _20505_/Y
 _20506_/Y
 _20507_/Y
 _20508_/Y
 _20509_/X
 _20510_/Y
 _20511_/Y
 _20512_/Y
 _20513_/Y
 _20514_/X
 _20515_/X
 _20516_/Y
 _20517_/Y
 _20518_/Y
 _20519_/Y
 _20520_/X
 _20521_/X
 _20522_/Y
 _20523_/Y
 _20524_/Y
 _20525_/Y
 _20526_/X
 _20527_/Y
 _20528_/Y
 _20529_/Y
 _20530_/Y
 _20531_/X
 _20532_/Y
 _20533_/Y
 _20534_/Y
 _20535_/Y
 _20536_/X
 _20537_/X
 _20538_/Y
 _20539_/Y
 _20540_/Y
 _20541_/Y
 _20542_/X
 _20543_/Y
 _20544_/Y
 _20545_/Y
 _20546_/Y
 _20547_/X
 _20548_/Y
 _20549_/X
 _20550_/X
 _20551_/Y
 _20552_/X
 _20553_/X
 _20554_/Y
 _20555_/X
 _20556_/X
 _20557_/Y
 _20558_/X
 _20559_/Y
 _20560_/X
 _20561_/Y
 _20562_/X
 _20563_/Y
 _20564_/Y
 _20565_/X
 _20566_/Y
 _20567_/X
 _20568_/X
 _20569_/Y
 _20570_/X
 _20571_/Y
 _20572_/Y
 _20573_/Y
 _20574_/X
 _20575_/Y
 _20576_/Y
 _20577_/X
 _20578_/Y
 _20579_/X
 _20580_/Y
 _20581_/X
 _20582_/Y
 _20583_/X
 _20584_/Y
 _20585_/X
 _20586_/Y
 _20587_/X
 _20588_/Y
 _20589_/Y
 _20590_/Y
 _20591_/X
 _20592_/X
 _20593_/Y
 _20594_/X
 _20595_/Y
 _20596_/Y
 _20597_/Y
 _20598_/X
 _20599_/X
 _20600_/Y
 _20601_/X
 _20602_/Y
 _20603_/Y
 _20604_/Y
 _20605_/X
 _20606_/Y
 _20607_/X
 _20608_/Y
 _20609_/Y
 _20610_/Y
 _20611_/Y
 _20612_/X
 _20613_/Y
 _20614_/Y
 _20615_/Y
 _20616_/X
 _20617_/Y
 _20618_/X
 _20619_/Y
 _20620_/X
 _20621_/X
 _20622_/Y
 _20623_/Y
 _20624_/Y
 _20625_/Y
 _20626_/X
 _20627_/X
 _20628_/Y
 _20629_/Y
 _20630_/Y
 _20631_/X
 _20632_/X
 _20633_/Y
 _20634_/X
 _20635_/Y
 _20636_/Y
 _20637_/Y
 _20638_/X
 _20639_/X
 _20640_/Y
 _20641_/X
 _20642_/Y
 _20643_/X
 _20644_/Y
 _20645_/X
 _20646_/Y
 _20647_/Y
 _20648_/Y
 _20649_/X
 _20650_/Y
 _20651_/Y
 _20652_/X
 _20653_/X
 _20654_/Y
 _20655_/Y
 _20656_/Y
 _20657_/Y
 _20658_/Y
 _20659_/X
 _20660_/Y
 _20661_/X
 _20662_/Y
 _20663_/Y
 _20664_/Y
 _20665_/Y
 _20666_/Y
 _20667_/X
 _20668_/Y
 _20669_/Y
 _20670_/Y
 _20671_/X
 _20672_/Y
 _20673_/Y
 _20674_/X
 _20675_/Y
 _20676_/Y
 _20677_/Y
 _20678_/Y
 _20679_/Y
 _20680_/Y
 _20681_/X
 _20682_/Y
 _20683_/Y
 _20684_/X
 _20685_/Y
 _20686_/Y
 _20687_/Y
 _20688_/Y
 _20689_/Y
 _20690_/Y
 _20691_/Y
 _20692_/X
 _20693_/Y
 _20694_/Y
 _20695_/X
 _20696_/X
 _20697_/X
 _20698_/X
 _20699_/X
 _20700_/Y
 _20701_/X
 _20702_/X
 _20703_/X
 _20704_/Y
 _20705_/X
 _20706_/X
 _20707_/Y
 _20708_/X
 _20709_/X
 _20710_/Y
 _20711_/X
 _20712_/X
 _20713_/X
 _20714_/Y
 _20715_/X
 _20716_/X
 _20717_/Y
 _20718_/X
 _20719_/X
 _20720_/X
 _20721_/Y
 _20722_/X
 _20723_/X
 _20724_/Y
 _20725_/X
 _20726_/X
 _20727_/X
 _20728_/X
 _20729_/Y
 _20730_/X
 _20731_/X
 _20732_/Y
 _20733_/X
 _20734_/X
 _20735_/Y
 _20736_/X
 _20737_/X
 _20738_/Y
 _20739_/X
 _20740_/X
 _20741_/X
 _20742_/Y
 _20743_/X
 _20744_/X
 _20745_/Y
 _20746_/X
 _20747_/X
 _20748_/Y
 _20749_/X
 _20750_/X
 _20751_/Y
 _20752_/X
 _20753_/X
 _20754_/X
 _20755_/X
 _20756_/X
 _20757_/X
 _20758_/X
 _20759_/X
 _20760_/X
 _20761_/X
 _20762_/X
 _20763_/X
 _20764_/Y
 _20765_/X
 _20766_/X
 _20767_/X
 _20768_/X
 _20769_/X
 _20770_/X
 _20771_/X
 _20772_/X
 _20773_/X
 _20774_/X
 _20775_/X
 _20776_/X
 _20777_/X
 _20778_/X
 _20779_/X
 _20780_/X
 _20781_/X
 _20782_/X
 _20783_/X
 _20784_/X
 _20785_/X
 _20786_/X
 _20787_/X
 _20788_/X
 _20789_/X
 _20790_/X
 _20791_/X
 _20792_/X
 _20793_/X
 _20794_/X
 _20795_/X
 _20796_/X
 _20797_/X
 _20798_/X
 _20799_/X
 _20800_/X
 _20801_/Y
 _20802_/Y
 _20803_/X
 _20804_/X
 _20805_/X
 _20806_/X
 _20807_/X
 _20808_/X
 _20809_/X
 _20810_/X
 _20811_/Y
 _20812_/Y
 _20813_/X
 _20814_/X
 _20815_/X
 _20816_/X
 _20817_/X
 _20818_/X
 _20819_/X
 _20820_/X
 _20821_/Y
 _20822_/X
 _20823_/X
 _20824_/X
 _20825_/X
 _20826_/X
 _20827_/X
 _20828_/X
 _20829_/X
 _20830_/Y
 _20831_/X
 _20832_/X
 _20833_/X
 _20834_/X
 _20835_/X
 _20836_/X
 _20837_/X
 _20838_/X
 _20839_/Y
 _20840_/Y
 _20841_/X
 _20842_/X
 _20843_/X
 _20844_/X
 _20845_/X
 _20846_/X
 _20847_/X
 _20848_/X
 _20849_/Y
 _20850_/X
 _20851_/X
 _20852_/X
 _20853_/X
 _20854_/X
 _20855_/X
 _20856_/X
 _20857_/X
 _20858_/Y
 _20859_/Y
 _20860_/X
 _20861_/X
 _20862_/X
 _20863_/X
 _20864_/X
 _20865_/X
 _20866_/X
 _20867_/X
 _20868_/Y
 _20869_/X
 _20870_/X
 _20871_/X
 _20872_/X
 _20873_/X
 _20874_/X
 _20875_/X
 _20876_/X
 _20877_/Y
 _20878_/X
 _20879_/X
 _20880_/X
 _20881_/X
 _20882_/X
 _20883_/X
 _20884_/X
 _20885_/X
 _20886_/X
 _20887_/X
 _20888_/X
 _20889_/X
 _20890_/X
 _20891_/X
 _20892_/X
 _20893_/X
 _20894_/X
 _20895_/X
 _20896_/X
 _20897_/X
 _20898_/X
 _20899_/X
 _20900_/X
 _20901_/X
 _20902_/X
 _20903_/X
 _20904_/X
 _20905_/X
 _20906_/X
 _20907_/X
 _20908_/X
 _20909_/X
 _20910_/X
 _20911_/X
 _20912_/X
 _20913_/X
 _20914_/X
 _20915_/X
 _20916_/X
 _20917_/X
 _20918_/X
 _20919_/X
 _20920_/X
 _20921_/Y
 _20922_/Y
 _20923_/X
 _20924_/X
 _20925_/X
 _20926_/X
 _20927_/X
 _20928_/X
 _20929_/X
 _20930_/Y
 _20931_/X
 _20932_/Y
 _20933_/X
 _20934_/Y
 _20935_/X
 _20936_/X
 _20937_/X
 _20938_/X
 _20939_/X
 _20940_/X
 _20941_/X
 _20942_/X
 _20943_/X
 _20944_/X
 _20945_/X
 _20946_/X
 _20947_/X
 _20948_/X
 _20949_/X
 _20950_/X
 _20951_/X
 _20952_/X
 _20953_/X
 _20954_/X
 _20955_/X
 _20956_/X
 _20957_/X
 _20958_/X
 _20959_/X
 _20960_/X
 _20961_/X
 _20962_/X
 _20963_/X
 _20964_/X
 _20965_/X
 _20966_/X
 _20967_/X
 _20968_/X
 _20969_/Y
 _20970_/Y
 _20971_/X
 _20972_/Y
 _20973_/Y
 _20974_/Y
 _20975_/X
 _20976_/X
 _20977_/X
 _20978_/X
 _20979_/X
 _20980_/X
 _20981_/X
 _20982_/X
 _20983_/Y
 _20984_/X
 _20985_/X
 _20986_/X
 _20987_/X
 _20988_/X
 _20989_/X
 _20990_/X
 _20991_/X
 _20992_/Y
 _20993_/X
 _20994_/X
 _20995_/X
 _20996_/X
 _20997_/X
 _20998_/X
 _20999_/X
 _21000_/X
 _21001_/X
 _21002_/X
 _21003_/X
 _21004_/X
 _21005_/X
 _21006_/X
 _21007_/X
 _21008_/X
 _21009_/X
 _21010_/X
 _21011_/Y
 _21012_/X
 _21013_/Y
 _21014_/X
 _21015_/Y
 _21016_/X
 _21017_/X
 _21018_/Y
 _21019_/X
 _21020_/Y
 _21021_/Y
 _21022_/Y
 _21023_/X
 _21024_/X
 _21025_/X
 _21026_/Y
 _21027_/X
 _21028_/X
 _21029_/Y
 _21030_/Y
 _21031_/X
 _21032_/Y
 _21033_/X
 _21034_/Y
 _21035_/X
 _21036_/X
 _21037_/Y
 _21038_/Y
 _21039_/Y
 _21040_/Y
 _21041_/X
 _21042_/X
 _21043_/Y
 _21044_/Y
 _21045_/Y
 _21046_/X
 _21047_/Y
 _21048_/Y
 _21049_/Y
 _21050_/Y
 _21051_/X
 _21052_/Y
 _21053_/X
 _21054_/Y
 _21055_/X
 _21056_/X
 _21057_/Y
 _21058_/Y
 _21059_/X
 _21060_/X
 _21061_/Y
 _21062_/X
 _21063_/X
 _21064_/Y
 _21065_/Y
 _21066_/Y
 _21067_/Y
 _21068_/Y
 _21069_/X
 _21070_/Y
 _21071_/X
 _21072_/X
 _21073_/Y
 _21074_/Y
 _21075_/Y
 _21076_/Y
 _21077_/Y
 _21078_/Y
 _21079_/Y
 _21080_/Y
 _21081_/Y
 _21082_/X
 _21083_/Y
 _21084_/Y
 _21085_/Y
 _21086_/Y
 _21087_/Y
 _21088_/Y
 _21089_/X
 _21090_/Y
 _21091_/Y
 _21092_/X
 _21093_/X
 _21094_/Y
 _21095_/Y
 _21096_/Y
 _21097_/X
 _21098_/Y
 _21099_/Y
 _21100_/X
 _21101_/Y
 _21102_/Y
 _21103_/X
 _21104_/Y
 _21105_/Y
 _21106_/X
 _21107_/Y
 _21108_/X
 _21109_/Y
 _21110_/X
 _21111_/Y
 _21112_/Y
 _21113_/X
 _21114_/Y
 _21115_/X
 _21116_/Y
 _21117_/Y
 _21118_/X
 _21119_/Y
 _21120_/X
 _21121_/X
 _21122_/X
 _21123_/X
 _21124_/Y
 _21125_/X
 _21126_/Y
 _21127_/X
 _21128_/Y
 _21129_/Y
 _21130_/Y
 _21131_/X
 _21132_/Y
 _21133_/X
 _21134_/Y
 _21135_/Y
 _21136_/Y
 _21137_/Y
 _21138_/X
 _21139_/X
 _21140_/Y
 _21141_/X
 _21142_/X
 _21143_/Y
 _21144_/X
 _21145_/Y
 _21146_/Y
 _21147_/X
 _21148_/X
 _21149_/X
 _21150_/X
 _21151_/Y
 _21152_/X
 _21153_/Y
 _21154_/X
 _21155_/Y
 _21156_/Y
 _21157_/Y
 _21158_/Y
 _21159_/X
 _21160_/Y
 _21161_/Y
 _21162_/Y
 _21163_/Y
 _21164_/X
 _21165_/Y
 _21166_/X
 _21167_/Y
 _21168_/Y
 _21169_/X
 _21170_/X
 _21171_/Y
 _21172_/X
 _21173_/Y
 _21174_/X
 _21175_/X
 _21176_/X
 _21177_/X
 _21178_/X
 _21179_/X
 _21180_/X
 _21181_/X
 _21182_/X
 _21183_/X
 _21184_/X
 _21185_/X
 _21186_/X
 _21187_/X
 _21188_/X
 _21189_/Y
 _21190_/X
 _21191_/X
 _21192_/X
 _21193_/X
 _21194_/X
 _21195_/X
 _21196_/X
 _21197_/X
 _21198_/Y
 _21199_/X
 _21200_/X
 _21201_/X
 _21202_/X
 _21203_/X
 _21204_/X
 _21205_/X
 _21206_/X
 _21207_/X
 _21208_/Y
 _21209_/Y
 _21210_/X
 _21211_/X
 _21212_/X
 _21213_/X
 _21214_/X
 _21215_/X
 _21216_/X
 _21217_/X
 _21218_/Y
 _21219_/X
 _21220_/X
 _21221_/X
 _21222_/X
 _21223_/X
 _21224_/X
 _21225_/X
 _21226_/X
 _21227_/X
 _21228_/X
 _21229_/Y
 _21230_/X
 _21231_/X
 _21232_/X
 _21233_/X
 _21234_/X
 _21235_/X
 _21236_/X
 _21237_/X
 _21238_/X
 _21239_/X
 _21240_/X
 _21241_/X
 _21242_/X
 _21243_/X
 _21244_/X
 _21245_/Y
 _21246_/X
 _21247_/X
 _21248_/X
 _21249_/X
 _21250_/X
 _21251_/X
 _21252_/X
 _21253_/X
 _21254_/X
 _21255_/Y
 _21256_/Y
 _21257_/X
 _21258_/X
 _21259_/X
 _21260_/X
 _21261_/X
 _21262_/X
 _21263_/X
 _21264_/Y
 _21265_/X
 _21266_/X
 _21267_/X
 _21268_/X
 _21269_/X
 _21270_/X
 _21271_/X
 _21272_/X
 _21273_/X
 _21274_/X
 _21275_/X
 _21276_/X
 _21277_/X
 _21278_/X
 _21279_/X
 _21280_/X
 _21281_/X
 _21282_/X
 _21283_/X
 _21284_/X
 _21285_/X
 _21286_/X
 _21287_/X
 _21288_/X
 _21289_/X
 _21290_/X
 _21291_/X
 _21292_/X
 _21293_/Y
 _21294_/X
 _21295_/X
 _21296_/X
 _21297_/X
 _21298_/X
 _21299_/X
 _21300_/X
 _21301_/X
 _21302_/Y
 _21303_/X
 _21304_/X
 _21305_/X
 _21306_/X
 _21307_/X
 _21308_/X
 _21309_/X
 _21310_/Y
 _21311_/X
 _21312_/X
 _21313_/X
 _21314_/X
 _21315_/X
 _21316_/X
 _21317_/X
 _21318_/X
 _21319_/X
 _21320_/X
 _21321_/X
 _21322_/X
 _21323_/X
 _21324_/X
 _21325_/X
 _21326_/X
 _21327_/X
 _21328_/X
 _21329_/X
 _21330_/X
 _21331_/X
 _21332_/X
 _21333_/X
 _21334_/X
 _21335_/X
 _21336_/X
 _21337_/X
 _21338_/X
 _21339_/Y
 _21340_/Y
 _21341_/Y
 _21342_/Y
 _21343_/X
 _21344_/Y
 _21345_/Y
 _21346_/Y
 _21347_/Y
 _21348_/Y
 _21349_/Y
 _21350_/Y
 _21351_/Y
 _21352_/X
 _21353_/Y
 _21354_/Y
 _21355_/Y
 _21356_/Y
 _21357_/Y
 _21358_/Y
 _21359_/Y
 _21360_/Y
 _21361_/X
 _21362_/Y
 _21363_/Y
 _21364_/Y
 _21365_/Y
 _21366_/Y
 _21367_/Y
 _21368_/Y
 _21369_/Y
 _21370_/X
 _21371_/Y
 _21372_/Y
 _21373_/Y
 _21374_/X
 _21375_/X
 _21376_/X
 _21377_/X
 _21378_/X
 _21379_/X
 _21380_/X
 _21381_/Y
 _21382_/X
 _21383_/X
 _21384_/X
 _21385_/X
 _21386_/X
 _21387_/X
 _21388_/X
 _21389_/X
 _21390_/X
 _21391_/X
 _21392_/X
 _21393_/X
 _21394_/X
 _21395_/X
 _21396_/X
 _21397_/X
 _21398_/X
 _21399_/X
 _21400_/X
 _21401_/X
 _21402_/X
 _21403_/X
 _21404_/X
 _21405_/X
 _21406_/X
 _21407_/X
 _21408_/X
 _21409_/X
 _21410_/X
 _21411_/Y
 _21412_/Y
 _21413_/X
 _21414_/X
 _21415_/X
 _21416_/X
 _21417_/X
 _21418_/X
 _21419_/X
 _21420_/X
 _21421_/Y
 _21422_/X
 _21423_/X
 _21424_/X
 _21425_/X
 _21426_/X
 _21427_/X
 _21428_/X
 _21429_/X
 _21430_/X
 _21431_/Y
 _21432_/Y
 _21433_/Y
 _21434_/X
 _21435_/Y
 _21436_/Y
 _21437_/X
 _21438_/X
 _21439_/Y
 _21440_/Y
 _21441_/Y
 _21442_/Y
 _21443_/X
 _21444_/Y
 _21445_/Y
 _21446_/X
 _21447_/X
 _21448_/Y
 _21449_/X
 _21450_/X
 _21451_/X
 _21452_/Y
 _21453_/Y
 _21454_/Y
 _21455_/Y
 _21456_/X
 _21457_/Y
 _21458_/Y
 _21459_/Y
 _21460_/Y
 _21461_/X
 _21462_/Y
 _21463_/X
 _21464_/X
 _21465_/Y
 _21466_/Y
 _21467_/Y
 _21468_/Y
 _21469_/Y
 _21470_/X
 _21471_/X
 _21472_/Y
 _21473_/Y
 _21474_/X
 _21475_/Y
 _21476_/X
 _21477_/X
 _21478_/X
 _21479_/Y
 _21480_/Y
 _21481_/Y
 _21482_/Y
 _21483_/Y
 _21484_/Y
 _21485_/Y
 _21486_/Y
 _21487_/X
 _21488_/Y
 _21489_/X
 _21490_/Y
 _21491_/Y
 _21492_/Y
 _21493_/Y
 _21494_/X
 _21495_/X
 _21496_/X
 _21497_/X
 _21498_/X
 _21499_/Y
 _21500_/X
 _21501_/Y
 _21502_/Y
 _21503_/Y
 _21504_/Y
 _21505_/Y
 _21506_/X
 _21507_/X
 _21508_/X
 _21509_/Y
 _21510_/Y
 _21511_/Y
 _21512_/Y
 _21513_/Y
 _21514_/Y
 _21515_/Y
 _21516_/Y
 _21517_/Y
 _21518_/X
 _21519_/Y
 _21520_/Y
 _21521_/Y
 _21522_/X
 _21523_/Y
 _21524_/X
 _21525_/X
 _21526_/X
 _21527_/Y
 _21528_/X
 _21529_/Y
 _21530_/Y
 _21531_/Y
 _21532_/Y
 _21533_/X
 _21534_/X
 _21535_/X
 _21536_/X
 _21537_/X
 _21538_/Y
 _21539_/Y
 _21540_/Y
 _21541_/Y
 _21542_/Y
 _21543_/Y
 _21544_/Y
 _21545_/X
 _21546_/Y
 _21547_/Y
 _21548_/X
 _21549_/Y
 _21550_/X
 _21551_/X
 _21552_/Y
 _21553_/Y
 _21554_/Y
 _21555_/X
 _21556_/X
 _21557_/X
 _21558_/X
 _21559_/Y
 _21560_/Y
 _21561_/Y
 _21562_/Y
 _21563_/Y
 _21564_/Y
 _21565_/Y
 _21566_/Y
 _21567_/X
 _21568_/X
 _21569_/X
 _21570_/X
 _21571_/Y
 _21572_/Y
 _21573_/Y
 _21574_/Y
 _21575_/Y
 _21576_/X
 _21577_/Y
 _21578_/Y
 _21579_/Y
 _21580_/Y
 _21581_/Y
 _21582_/Y
 _21583_/X
 _21584_/Y
 _21585_/X
 _21586_/X
 _21587_/X
 _21588_/X
 _21589_/Y
 _21590_/X
 _21591_/X
 _21592_/Y
 _21593_/Y
 _21594_/Y
 _21595_/Y
 _21596_/X
 _21597_/Y
 _21598_/Y
 _21599_/X
 _21600_/Y
 _21601_/X
 _21602_/X
 _21603_/X
 _21604_/X
 _21605_/Y
 _21606_/X
 _21607_/Y
 _21608_/Y
 _21609_/Y
 _21610_/Y
 _21611_/Y
 _21612_/Y
 _21613_/X
 _21614_/Y
 _21615_/Y
 _21616_/Y
 _21617_/X
 _21618_/Y
 _21619_/Y
 _21620_/Y
 _21621_/Y
 _21622_/Y
 _21623_/X
 _21624_/Y
 _21625_/Y
 _21626_/X
 _21627_/Y
 _21628_/X
 _21629_/Y
 _21630_/X
 _21631_/X
 _21632_/X
 _21633_/X
 _21634_/X
 _21635_/Y
 _21636_/Y
 _21637_/Y
 _21638_/Y
 _21639_/X
 _21640_/Y
 _21641_/Y
 _21642_/Y
 _21643_/Y
 _21644_/X
 _21645_/Y
 _21646_/X
 _21647_/Y
 _21648_/Y
 _21649_/Y
 _21650_/Y
 _21651_/Y
 _21652_/X
 _21653_/Y
 _21654_/Y
 _21655_/Y
 _21656_/Y
 _21657_/Y
 _21658_/Y
 _21659_/Y
 _21660_/Y
 _21661_/Y
 _21662_/Y
 _21663_/Y
 _21664_/X
 _21665_/X
 _21666_/Y
 _21667_/Y
 _21668_/Y
 _21669_/Y
 _21670_/X
 _21671_/X
 _21672_/Y
 _21673_/Y
 _21674_/X
 _21675_/X
 _21676_/X
 _21677_/Y
 _21678_/Y
 _21679_/Y
 _21680_/Y
 _21681_/X
 _21682_/Y
 _21683_/Y
 _21684_/Y
 _21685_/X
 _21686_/X
 _21687_/Y
 _21688_/Y
 _21689_/Y
 _21690_/Y
 _21691_/Y
 _21692_/Y
 _21693_/Y
 _21694_/X
 _21695_/X
 _21696_/Y
 _21697_/Y
 _21698_/X
 _21699_/Y
 _21700_/Y
 _21701_/X
 _21702_/Y
 _21703_/Y
 _21704_/Y
 _21705_/Y
 _21706_/Y
 _21707_/X
 _21708_/Y
 _21709_/Y
 _21710_/X
 _21711_/Y
 _21712_/X
 _21713_/X
 _21714_/X
 _21715_/Y
 _21716_/Y
 _21717_/Y
 _21718_/Y
 _21719_/Y
 _21720_/Y
 _21721_/Y
 _21722_/Y
 _21723_/X
 _21724_/X
 _21725_/Y
 _21726_/X
 _21727_/X
 _21728_/Y
 _21729_/Y
 _21730_/Y
 _21731_/Y
 _21732_/Y
 _21733_/Y
 _21734_/Y
 _21735_/X
 _21736_/Y
 _21737_/Y
 _21738_/Y
 _21739_/Y
 _21740_/Y
 _21741_/Y
 _21742_/Y
 _21743_/Y
 _21744_/Y
 _21745_/Y
 _21746_/Y
 _21747_/Y
 _21748_/Y
 _21749_/X
 _21750_/Y
 _21751_/Y
 _21752_/X
 _21753_/Y
 _21754_/Y
 _21755_/Y
 _21756_/X
 _21757_/Y
 _21758_/Y
 _21759_/Y
 _21760_/Y
 _21761_/Y
 _21762_/Y
 _21763_/Y
 _21764_/Y
 _21765_/Y
 _21766_/Y
 _21767_/X
 _21768_/Y
 _21769_/Y
 _21770_/Y
 _21771_/Y
 _21772_/Y
 _21773_/Y
 _21774_/Y
 _21775_/Y
 _21776_/Y
 _21777_/Y
 _21778_/Y
 _21779_/Y
 _21780_/Y
 _21781_/X
 _21782_/Y
 _21783_/Y
 _21784_/Y
 _21785_/Y
 _21786_/Y
 _21787_/Y
 _21788_/Y
 _21789_/Y
 _21790_/Y
 _21791_/X
 _21792_/Y
 _21793_/X
 _21794_/Y
 _21795_/Y
 _21796_/Y
 _21797_/Y
 _21798_/Y
 _21799_/Y
 _21800_/X
 _21801_/Y
 _21802_/Y
 _21803_/Y
 _21804_/Y
 _21805_/Y
 _21806_/Y
 _21807_/Y
 _21808_/Y
 _21809_/Y
 _21810_/Y
 _21811_/Y
 _21812_/Y
 _21813_/Y
 _21814_/Y
 _21815_/X
 _21816_/Y
 _21817_/Y
 _21818_/Y
 _21819_/Y
 _21820_/Y
 _21821_/Y
 _21822_/Y
 _21823_/Y
 _21824_/Y
 _21825_/Y
 _21826_/X
 _21827_/Y
 _21828_/X
 _21829_/Y
 _21830_/Y
 _21831_/Y
 _21832_/Y
 _21833_/X
 _21834_/X
 _21835_/Y
 _21836_/Y
 _21837_/Y
 _21838_/Y
 _21839_/Y
 _21840_/Y
 _21841_/Y
 _21842_/Y
 _21843_/Y
 _21844_/Y
 _21845_/Y
 _21846_/Y
 _21847_/Y
 _21848_/X
 _21849_/X
 _21850_/Y
 _21851_/X
 _21852_/Y
 _21853_/Y
 _21854_/Y
 _21855_/Y
 _21856_/Y
 _21857_/X
 _21858_/Y
 _21859_/Y
 _21860_/Y
 _21861_/Y
 _21862_/X
 _21863_/Y
 _21864_/Y
 _21865_/Y
 _21866_/X
 _21867_/X
 _21868_/Y
 _21869_/X
 _21870_/Y
 _21871_/Y
 _21872_/X
 _21873_/Y
 _21874_/Y
 _21875_/Y
 _21876_/Y
 _21877_/Y
 _21878_/Y
 _21879_/Y
 _21880_/X
 _21881_/Y
 _21882_/Y
 _21883_/Y
 _21884_/Y
 _21885_/Y
 _21886_/Y
 _21887_/Y
 _21888_/Y
 _21889_/Y
 _21890_/Y
 _21891_/Y
 _21892_/X
 _21893_/X
 _21894_/X
 _21895_/Y
 _21896_/X
 _21897_/Y
 _21898_/Y
 _21899_/Y
 _21900_/Y
 _21901_/Y
 _21902_/Y
 _21903_/Y
 _21904_/Y
 _21905_/Y
 _21906_/Y
 _21907_/Y
 _21908_/Y
 _21909_/Y
 _21910_/X
 _21911_/Y
 _21912_/X
 _21913_/Y
 _21914_/Y
 _21915_/Y
 _21916_/X
 _21917_/Y
 _21918_/Y
 _21919_/Y
 _21920_/Y
 _21921_/Y
 _21922_/Y
 _21923_/Y
 _21924_/Y
 _21925_/Y
 _21926_/Y
 _21927_/Y
 _21928_/Y
 _21929_/Y
 _21930_/Y
 _21931_/Y
 _21932_/Y
 _21933_/Y
 _21934_/X
 _21935_/Y
 _21936_/X
 _21937_/Y
 _21938_/Y
 _21939_/Y
 _21940_/Y
 _21941_/Y
 _21942_/Y
 _21943_/Y
 _21944_/X
 _21945_/Y
 _21946_/X
 _21947_/Y
 _21948_/Y
 _21949_/Y
 _21950_/Y
 _21951_/Y
 _21952_/Y
 _21953_/Y
 _21954_/X
 _21955_/Y
 _21956_/Y
 _21957_/Y
 _21958_/Y
 _21959_/Y
 _21960_/Y
 _21961_/Y
 _21962_/Y
 _21963_/Y
 _21964_/Y
 _21965_/Y
 _21966_/X
 _21967_/Y
 _21968_/Y
 _21969_/Y
 _21970_/Y
 _21971_/Y
 _21972_/Y
 _21973_/X
 _21974_/Y
 _21975_/X
 _21976_/Y
 _21977_/X
 _21978_/Y
 _21979_/Y
 _21980_/Y
 _21981_/Y
 _21982_/Y
 _21983_/Y
 _21984_/Y
 _21985_/Y
 _21986_/Y
 _21987_/X
 _21988_/Y
 _21989_/X
 _21990_/Y
 _21991_/Y
 _21992_/Y
 _21993_/Y
 _21994_/Y
 _21995_/Y
 _21996_/Y
 _21997_/Y
 _21998_/Y
 _21999_/Y
 _22000_/Y
 _22001_/Y
 _22002_/Y
 _22003_/Y
 _22004_/Y
 _22005_/X
 _22006_/X
 _22007_/Y
 _22008_/X
 _22009_/X
 _22010_/X
 _22011_/X
 _22012_/X
 _22013_/X
 _22014_/Y
 _22015_/X
 _22016_/Y
 _22017_/Y
 _22018_/Y
 _22019_/Y
 _22020_/Y
 _22021_/X
 _22022_/X
 _22023_/Y
 _22024_/Y
 _22025_/Y
 _22026_/X
 _22027_/X
 _22028_/X
 _22029_/X
 _22030_/X
 _22031_/Y
 _22032_/Y
 _22033_/X
 _22034_/Y
 _22035_/Y
 _22036_/Y
 _22037_/Y
 _22038_/X
 _22039_/Y
 _22040_/Y
 _22041_/X
 _22042_/Y
 _22043_/X
 _22044_/Y
 _22045_/Y
 _22046_/Y
 _22047_/X
 _22048_/Y
 _22049_/X
 _22050_/Y
 _22051_/X
 _22052_/Y
 _22053_/Y
 _22054_/Y
 _22055_/Y
 _22056_/Y
 _22057_/X
 _22058_/Y
 _22059_/X
 _22060_/X
 _22061_/X
 _22062_/X
 _22063_/X
 _22064_/Y
 _22065_/Y
 _22066_/X
 _22067_/X
 _22068_/X
 _22069_/X
 _22070_/X
 _22071_/X
 _22072_/Y
 _22073_/Y
 _22074_/Y
 _22075_/Y
 _22076_/Y
 _22077_/X
 _22078_/Y
 _22079_/X
 _22080_/Y
 _22081_/X
 _22082_/Y
 _22083_/Y
 _22084_/Y
 _22085_/Y
 _22086_/X
 _22087_/X
 _22088_/Y
 _22089_/X
 _22090_/Y
 _22091_/Y
 _22092_/X
 _22093_/Y
 _22094_/Y
 _22095_/X
 _22096_/Y
 _22097_/X
 _22098_/X
 _22099_/X
 _22100_/X
 _22101_/X
 _22102_/X
 _22103_/X
 _22104_/X
 _22105_/X
 _22106_/X
 _22107_/Y
 _22108_/Y
 _22109_/Y
 _22110_/X
 _22111_/Y
 _22112_/X
 _22113_/X
 _22114_/Y
 _22115_/Y
 _22116_/X
 _22117_/Y
 _22118_/Y
 _22119_/X
 _22120_/Y
 _22121_/X
 _22122_/X
 _22123_/X
 _22124_/Y
 _22125_/X
 _22126_/Y
 _22127_/Y
 _22128_/Y
 _22129_/X
 _22130_/Y
 _22131_/X
 _22132_/X
 _22133_/X
 _22134_/X
 _22135_/X
 _22136_/X
 _22137_/X
 _22138_/X
 _22139_/Y
 _22140_/Y
 _22141_/X
 _22142_/Y
 _22143_/X
 _22144_/Y
 _22145_/Y
 _22146_/Y
 _22147_/X
 _22148_/X
 _22149_/X
 _22150_/X
 _22151_/X
 _22152_/X
 _22153_/X
 _22154_/X
 _22155_/X
 _22156_/X
 _22157_/X
 _22158_/Y
 _22159_/Y
 _22160_/Y
 _22161_/X
 _22162_/Y
 _22163_/Y
 _22164_/X
 _22165_/X
 _22166_/Y
 _22167_/X
 _22168_/Y
 _22169_/Y
 _22170_/X
 _22171_/X
 _22172_/X
 _22173_/Y
 _22174_/X
 _22175_/Y
 _22176_/Y
 _22177_/Y
 _22178_/Y
 _22179_/Y
 _22180_/Y
 _22181_/Y
 _22182_/X
 _22183_/X
 _22184_/X
 _22185_/X
 _22186_/X
 _22187_/Y
 _22188_/X
 _22189_/X
 _22190_/Y
 _22191_/X
 _22192_/Y
 _22193_/X
 _22194_/Y
 _22195_/X
 _22196_/X
 _22197_/X
 _22198_/Y
 _22199_/Y
 _22200_/Y
 _22201_/X
 _22202_/Y
 _22203_/Y
 _22204_/X
 _22205_/Y
 _22206_/X
 _22207_/Y
 _22208_/Y
 _22209_/X
 _22210_/Y
 _22211_/X
 _22212_/X
 _22213_/X
 _22214_/X
 _22215_/X
 _22216_/Y
 _22217_/Y
 _22218_/Y
 _22219_/Y
 _22220_/Y
 _22221_/X
 _22222_/Y
 _22223_/X
 _22224_/X
 _22225_/X
 _22226_/Y
 _22227_/Y
 _22228_/X
 _22229_/X
 _22230_/Y
 _22231_/X
 _22232_/Y
 _22233_/Y
 _22234_/X
 _22235_/Y
 _22236_/Y
 _22237_/Y
 _22238_/X
 _22239_/X
 _22240_/Y
 _22241_/Y
 _22242_/X
 _22243_/Y
 _22244_/X
 _22245_/X
 _22246_/Y
 _22247_/X
 _22248_/X
 _22249_/Y
 _22250_/Y
 _22251_/X
 _22252_/Y
 _22253_/Y
 _22254_/X
 _22255_/Y
 _22256_/X
 _22257_/X
 _22258_/X
 _22259_/X
 _22260_/X
 _22261_/X
 _22262_/Y
 _22263_/Y
 _22264_/Y
 _22265_/Y
 _22266_/X
 _22267_/Y
 _22268_/Y
 _22269_/X
 _22270_/Y
 _22271_/X
 _22272_/X
 _22273_/Y
 _22274_/Y
 _22275_/X
 _22276_/Y
 _22277_/X
 _22278_/X
 _22279_/Y
 _22280_/X
 _22281_/X
 _22282_/Y
 _22283_/Y
 _22284_/Y
 _22285_/Y
 _22286_/X
 _22287_/Y
 _22288_/Y
 _22289_/X
 _22290_/Y
 _22291_/Y
 _22292_/X
 _22293_/X
 _22294_/X
 _22295_/Y
 _22296_/Y
 _22297_/X
 _22298_/X
 _22299_/X
 _22300_/X
 _22301_/Y
 _22302_/X
 _22303_/Y
 _22304_/Y
 _22305_/X
 _22306_/Y
 _22307_/Y
 _22308_/Y
 _22309_/Y
 _22310_/Y
 _22311_/Y
 _22312_/X
 _22313_/Y
 _22314_/Y
 _22315_/Y
 _22316_/Y
 _22317_/Y
 _22318_/Y
 _22319_/Y
 _22320_/Y
 _22321_/X
 _22322_/X
 _22323_/Y
 _22324_/X
 _22325_/X
 _22326_/Y
 _22327_/X
 _22328_/Y
 _22329_/Y
 _22330_/Y
 _22331_/X
 _22332_/X
 _22333_/X
 _22334_/X
 _22335_/X
 _22336_/Y
 _22337_/X
 _22338_/X
 _22339_/X
 _22340_/Y
 _22341_/X
 _22342_/Y
 _22343_/Y
 _22344_/X
 _22345_/X
 _22346_/X
 _22347_/Y
 _22348_/Y
 _22349_/Y
 _22350_/X
 _22351_/Y
 _22352_/X
 _22353_/X
 _22354_/X
 _22355_/Y
 _22356_/Y
 _22357_/X
 _22358_/Y
 _22359_/Y
 _22360_/Y
 _22361_/Y
 _22362_/Y
 _22363_/Y
 _22364_/Y
 _22365_/X
 _22366_/Y
 _22367_/X
 _22368_/X
 _22369_/Y
 _22370_/Y
 _22371_/Y
 _22372_/Y
 _22373_/Y
 _22374_/X
 _22375_/X
 _22376_/Y
 _22377_/Y
 _22378_/Y
 _22379_/X
 _22380_/Y
 _22381_/X
 _22382_/Y
 _22383_/Y
 _22384_/X
 _22385_/Y
 _22386_/X
 _22387_/Y
 _22388_/Y
 _22389_/X
 _22390_/Y
 _22391_/Y
 _22392_/X
 _22393_/Y
 _22394_/Y
 _22395_/Y
 _22396_/Y
 _22397_/Y
 _22398_/Y
 _22399_/X
 _22400_/Y
 _22401_/X
 _22402_/Y
 _22403_/Y
 _22404_/Y
 _22405_/Y
 _22406_/X
 _22407_/Y
 _22408_/Y
 _22409_/Y
 _22410_/X
 _22411_/Y
 _22412_/X
 _22413_/X
 _22414_/Y
 _22415_/Y
 _22416_/Y
 _22417_/X
 _22418_/X
 _22419_/Y
 _22420_/X
 _22421_/Y
 _22422_/Y
 _22423_/Y
 _22424_/Y
 _22425_/Y
 _22426_/Y
 _22427_/X
 _22428_/Y
 _22429_/Y
 _22430_/X
 _22431_/Y
 _22432_/X
 _22433_/X
 _22434_/Y
 _22435_/Y
 _22436_/Y
 _22437_/Y
 _22438_/Y
 _22439_/X
 _22440_/X
 _22441_/Y
 _22442_/Y
 _22443_/Y
 _22444_/X
 _22445_/X
 _22446_/Y
 _22447_/X
 _22448_/Y
 _22449_/X
 _22450_/Y
 _22451_/X
 _22452_/Y
 _22453_/Y
 _22454_/X
 _22455_/Y
 _22456_/Y
 _22457_/Y
 _22458_/Y
 _22459_/Y
 _22460_/Y
 _22461_/Y
 _22462_/X
 _22463_/Y
 _22464_/X
 _22465_/X
 _22466_/Y
 _22467_/Y
 _22468_/Y
 _22469_/Y
 _22470_/Y
 _22471_/Y
 _22472_/Y
 _22473_/Y
 _22474_/X
 _22475_/X
 _22476_/X
 _22477_/X
 _22478_/X
 _22479_/Y
 _22480_/Y
 _22481_/X
 _22482_/Y
 _22483_/Y
 _22484_/X
 _22485_/X
 _22486_/Y
 _22487_/Y
 _22488_/Y
 _22489_/Y
 _22490_/Y
 _22491_/Y
 _22492_/X
 _22493_/Y
 _22494_/Y
 _22495_/Y
 _22496_/X
 _22497_/X
 _22498_/Y
 _22499_/Y
 _22500_/Y
 _22501_/Y
 _22502_/Y
 _22503_/Y
 _22504_/X
 _22505_/X
 _22506_/Y
 _22507_/Y
 _22508_/X
 _22509_/Y
 _22510_/X
 _22511_/Y
 _22512_/Y
 _22513_/X
 _22514_/Y
 _22515_/Y
 _22516_/X
 _22517_/X
 _22518_/Y
 _22519_/Y
 _22520_/Y
 _22521_/X
 _22522_/Y
 _22523_/X
 _22524_/Y
 _22525_/Y
 _22526_/Y
 _22527_/X
 _22528_/X
 _22529_/Y
 _22530_/Y
 _22531_/Y
 _22532_/Y
 _22533_/Y
 _22534_/Y
 _22535_/Y
 _22536_/X
 _22537_/X
 _22538_/Y
 _22539_/X
 _22540_/Y
 _22541_/X
 _22542_/Y
 _22543_/Y
 _22544_/X
 _22545_/Y
 _22546_/Y
 _22547_/X
 _22548_/Y
 _22549_/Y
 _22550_/Y
 _22551_/Y
 _22552_/X
 _22553_/Y
 _22554_/Y
 _22555_/Y
 _22556_/Y
 _22557_/X
 _22558_/X
 _22559_/Y
 _22560_/Y
 _22561_/Y
 _22562_/Y
 _22563_/Y
 _22564_/Y
 _22565_/X
 _22566_/Y
 _22567_/Y
 _22568_/Y
 _22569_/Y
 _22570_/Y
 _22571_/Y
 _22572_/Y
 _22573_/Y
 _22574_/Y
 _22575_/Y
 _22576_/X
 _22577_/Y
 _22578_/X
 _22579_/Y
 _22580_/X
 _22581_/Y
 _22582_/Y
 _22583_/Y
 _22584_/Y
 _22585_/X
 _22586_/Y
 _22587_/Y
 _22588_/Y
 _22589_/Y
 _22590_/Y
 _22591_/Y
 _22592_/Y
 _22593_/X
 _22594_/Y
 _22595_/Y
 _22596_/Y
 _22597_/Y
 _22598_/Y
 _22599_/X
 _22600_/X
 _22601_/Y
 _22602_/Y
 _22603_/Y
 _22604_/X
 _22605_/Y
 _22606_/Y
 _22607_/X
 _22608_/Y
 _22609_/Y
 _22610_/Y
 _22611_/Y
 _22612_/X
 _22613_/Y
 _22614_/Y
 _22615_/Y
 _22616_/X
 _22617_/Y
 _22618_/Y
 _22619_/Y
 _22620_/Y
 _22621_/X
 _22622_/Y
 _22623_/Y
 _22624_/Y
 _22625_/Y
 _22626_/Y
 _22627_/Y
 _22628_/Y
 _22629_/Y
 _22630_/X
 _22631_/Y
 _22632_/Y
 _22633_/Y
 _22634_/Y
 _22635_/X
 _22636_/X
 _22637_/Y
 _22638_/X
 _22639_/Y
 _22640_/X
 _22641_/Y
 _22642_/X
 _22643_/X
 _22644_/Y
 _22645_/Y
 _22646_/X
 _22647_/Y
 _22648_/Y
 _22649_/X
 _22650_/Y
 _22651_/Y
 _22652_/Y
 _22653_/Y
 _22654_/X
 _22655_/Y
 _22656_/Y
 _22657_/Y
 _22658_/X
 _22659_/Y
 _22660_/Y
 _22661_/Y
 _22662_/Y
 _22663_/Y
 _22664_/X
 _22665_/Y
 _22666_/Y
 _22667_/X
 _22668_/Y
 _22669_/Y
 _22670_/X
 _22671_/Y
 _22672_/Y
 _22673_/X
 _22674_/Y
 _22675_/Y
 _22676_/X
 _22677_/Y
 _22678_/Y
 _22679_/X
 _22680_/Y
 _22681_/Y
 _22682_/X
 _22683_/X
 _22684_/X
 _22685_/Y
 _22686_/Y
 _22687_/Y
 _22688_/X
 _22689_/Y
 _22690_/Y
 _22691_/X
 _22692_/Y
 _22693_/Y
 _22694_/Y
 _22695_/X
 _22696_/Y
 _22697_/Y
 _22698_/X
 _22699_/Y
 _22700_/Y
 _22701_/Y
 _22702_/X
 _22703_/X
 _22704_/Y
 _22705_/Y
 _22706_/Y
 _22707_/X
 _22708_/Y
 _22709_/Y
 _22710_/X
 _22711_/X
 _22712_/Y
 _22713_/X
 _22714_/Y
 _22715_/Y
 _22716_/Y
 _22717_/X
 _22718_/Y
 _22719_/Y
 _22720_/X
 _22721_/Y
 _22722_/Y
 _22723_/Y
 _22724_/X
 _22725_/X
 _22726_/X
 _22727_/X
 _22728_/X
 _22729_/X
 _22730_/X
 _22731_/X
 _22732_/X
 _22733_/X
 _22734_/X
 _22735_/Y
 _22736_/X
 _22737_/X
 _22738_/X
 _22739_/X
 _22740_/X
 _22741_/X
 _22742_/X
 _22743_/X
 _22744_/X
 _22745_/X
 _22746_/X
 _22747_/X
 _22748_/X
 _22749_/X
 _22750_/X
 _22751_/X
 _22752_/X
 _22753_/X
 _22754_/X
 _22755_/X
 _22756_/X
 _22757_/Y
 _22758_/X
 _22759_/X
 _22760_/X
 _22761_/X
 _22762_/X
 _22763_/X
 _22764_/X
 _22765_/X
 _22766_/X
 _22767_/X
 _22768_/X
 _22769_/X
 _22770_/Y
 _22771_/X
 _22772_/X
 _22773_/X
 _22774_/X
 _22775_/Y
 _22776_/Y
 _22777_/Y
 _22778_/X
 _22779_/X
 _22780_/X
 _22781_/X
 _22782_/Y
 _22783_/X
 _22784_/X
 _22785_/X
 _22786_/X
 _22787_/Y
 _22788_/Y
 _22789_/Y
 _22790_/Y
 _22791_/X
 _22792_/X
 _22793_/X
 _22794_/Y
 _22795_/Y
 _22796_/X
 _22797_/Y
 _22798_/X
 _22799_/X
 _22800_/Y
 _22801_/X
 _22802_/Y
 _22803_/X
 _22804_/X
 _22805_/X
 _22806_/Y
 _22807_/X
 _22808_/X
 _22809_/Y
 _22810_/X
 _22811_/X
 _22812_/X
 _22813_/X
 _22814_/Y
 _22815_/Y
 _22816_/X
 _22817_/Y
 _22818_/Y
 _22819_/X
 _22820_/Y
 _22821_/Y
 _22822_/X
 _22823_/Y
 _22824_/Y
 _22825_/X
 _22826_/X
 _22827_/Y
 _22828_/Y
 _22829_/X
 _22830_/X
 _22831_/X
 _22832_/X
 _22833_/X
 _22834_/X
 _22835_/X
 _22836_/X
 _22837_/X
 _22838_/X
 _22839_/X
 _22840_/X
 _22841_/X
 _22842_/X
 _22843_/X
 _22844_/X
 _22845_/X
 _22846_/X
 _22847_/Y
 _22848_/X
 _22849_/X
 _22850_/X
 _22851_/X
 _22852_/X
 _22853_/X
 _22854_/X
 _22855_/X
 _22856_/X
 _22857_/X
 _22858_/X
 _22859_/X
 _22860_/X
 _22861_/X
 _22862_/Y
 _22863_/X
 _22864_/X
 _22865_/X
 _22866_/X
 _22867_/X
 _22868_/X
 _22869_/X
 _22870_/X
 _22871_/X
 _22872_/X
 _22873_/X
 _22874_/X
 _22875_/X
 _22876_/X
 _22877_/X
 _22878_/X
 _22879_/X
 _22880_/X
 _22881_/X
 _22882_/Y
 _22883_/X
 _22884_/X
 _22885_/X
 _22886_/X
 _22887_/X
 _22888_/X
 _22889_/X
 _22890_/X
 _22891_/X
 _22892_/X
 _22893_/Y
 _22894_/X
 _22895_/X
 _22896_/X
 _22897_/X
 _22898_/X
 _22899_/X
 _22900_/Y
 _22901_/X
 _22902_/X
 _22903_/X
 _22904_/X
 _22905_/X
 _22906_/X
 _22907_/X
 _22908_/X
 _22909_/X
 _22910_/X
 _22911_/X
 _22912_/X
 _22913_/X
 _22914_/Y
 _22915_/X
 _22916_/X
 _22917_/Y
 _22918_/X
 _22919_/Y
 _22920_/Y
 _22921_/X
 _22922_/Y
 _22923_/Y
 _22924_/X
 _22925_/X
 _22926_/X
 _22927_/Y
 _22928_/X
 _22929_/X
 _22930_/X
 _22931_/Y
 _22932_/X
 _22933_/X
 _22934_/X
 _22935_/X
 _22936_/X
 _22937_/X
 _22938_/X
 _22939_/X
 _22940_/Y
 _22941_/X
 _22942_/X
 _22943_/X
 _22944_/X
 _22945_/Y
 _22946_/X
 _22947_/X
 _22948_/X
 _22949_/Y
 _22950_/X
 _22951_/X
 _22952_/X
 _22953_/X
 _22954_/X
 _22955_/X
 _22956_/X
 _22957_/X
 _22958_/X
 _22959_/Y
 _22960_/X
 _22961_/Y
 _22962_/Y
 _22963_/X
 _22964_/Y
 _22965_/Y
 _22966_/X
 _22967_/X
 _22968_/X
 _22969_/Y
 _22970_/X
 _22971_/X
 _22972_/X
 _22973_/X
 _22974_/Y
 _22975_/X
 _22976_/X
 _22977_/X
 _22978_/X
 _22979_/X
 _22980_/X
 _22981_/X
 _22982_/X
 _22983_/Y
 _22984_/X
 _22985_/X
 _22986_/X
 _22987_/X
 _22988_/X
 _22989_/Y
 _22990_/X
 _22991_/X
 _22992_/X
 _22993_/X
 _22994_/X
 _22995_/Y
 _22996_/X
 _22997_/X
 _22998_/X
 _22999_/X
 _23000_/X
 _23001_/X
 _23002_/X
 _23003_/Y
 _23004_/X
 _23005_/Y
 _23006_/Y
 _23007_/X
 _23008_/Y
 _23009_/Y
 _23010_/X
 _23011_/X
 _23012_/X
 _23013_/Y
 _23014_/X
 _23015_/X
 _23016_/X
 _23017_/Y
 _23018_/X
 _23019_/X
 _23020_/X
 _23021_/X
 _23022_/X
 _23023_/X
 _23024_/X
 _23025_/Y
 _23026_/X
 _23027_/X
 _23028_/X
 _23029_/X
 _23030_/Y
 _23031_/X
 _23032_/X
 _23033_/X
 _23034_/X
 _23035_/Y
 _23036_/X
 _23037_/X
 _23038_/X
 _23039_/X
 _23040_/X
 _23041_/X
 _23042_/X
 _23043_/Y
 _23044_/X
 _23045_/Y
 _23046_/Y
 _23047_/X
 _23048_/Y
 _23049_/Y
 _23050_/X
 _23051_/X
 _23052_/X
 _23053_/Y
 _23054_/X
 _23055_/X
 _23056_/X
 _23057_/Y
 _23058_/X
 _23059_/X
 _23060_/X
 _23061_/X
 _23062_/X
 _23063_/X
 _23064_/X
 _23065_/X
 _23066_/X
 _23067_/X
 _23068_/Y
 _23069_/X
 _23070_/X
 _23071_/X
 _23072_/X
 _23073_/Y
 _23074_/X
 _23075_/X
 _23076_/X
 _23077_/Y
 _23078_/X
 _23079_/X
 _23080_/X
 _23081_/X
 _23082_/X
 _23083_/X
 _23084_/X
 _23085_/X
 _23086_/Y
 _23087_/X
 _23088_/Y
 _23089_/Y
 _23090_/X
 _23091_/Y
 _23092_/X
 _23093_/Y
 _23094_/X
 _23095_/X
 _23096_/X
 _23097_/X
 _23098_/Y
 _23099_/X
 _23100_/X
 _23101_/X
 _23102_/Y
 _23103_/X
 _23104_/X
 _23105_/X
 _23106_/X
 _23107_/X
 _23108_/X
 _23109_/X
 _23110_/X
 _23111_/X
 _23112_/X
 _23113_/X
 _23114_/X
 _23115_/Y
 _23116_/X
 _23117_/X
 _23118_/X
 _23119_/X
 _23120_/X
 _23121_/X
 _23122_/Y
 _23123_/X
 _23124_/X
 _23125_/X
 _23126_/Y
 _23127_/X
 _23128_/X
 _23129_/X
 _23130_/X
 _23131_/X
 _23132_/X
 _23133_/X
 _23134_/X
 _23135_/Y
 _23136_/X
 _23137_/Y
 _23138_/Y
 _23139_/X
 _23140_/Y
 _23141_/Y
 _23142_/X
 _23143_/X
 _23144_/X
 _23145_/Y
 _23146_/X
 _23147_/X
 _23148_/X
 _23149_/Y
 _23150_/X
 _23151_/X
 _23152_/X
 _23153_/X
 _23154_/X
 _23155_/X
 _23156_/X
 _23157_/Y
 _23158_/X
 _23159_/X
 _23160_/X
 _23161_/X
 _23162_/X
 _23163_/Y
 _23164_/X
 _23165_/X
 _23166_/X
 _23167_/Y
 _23168_/X
 _23169_/X
 _23170_/X
 _23171_/X
 _23172_/X
 _23173_/X
 _23174_/X
 _23175_/Y
 _23176_/X
 _23177_/Y
 _23178_/Y
 _23179_/X
 _23180_/Y
 _23181_/X
 _23182_/Y
 _23183_/X
 _23184_/X
 _23185_/X
 _23186_/Y
 _23187_/X
 _23188_/X
 _23189_/X
 _23190_/X
 _23191_/Y
 _23192_/X
 _23193_/X
 _23194_/X
 _23195_/X
 _23196_/X
 _23197_/X
 _23198_/X
 _23199_/Y
 _23200_/X
 _23201_/X
 _23202_/X
 _23203_/X
 _23204_/Y
 _23205_/X
 _23206_/X
 _23207_/X
 _23208_/X
 _23209_/Y
 _23210_/X
 _23211_/X
 _23212_/X
 _23213_/X
 _23214_/X
 _23215_/X
 _23216_/X
 _23217_/X
 _23218_/X
 _23219_/X
 _23220_/X
 _23221_/X
 _23222_/Y
 _23223_/X
 _23224_/Y
 _23225_/Y
 _23226_/X
 _23227_/X
 _23228_/Y
 _23229_/Y
 _23230_/X
 _23231_/X
 _23232_/X
 _23233_/X
 _23234_/X
 _23235_/X
 _23236_/X
 _23237_/X
 _23238_/Y
 _23239_/X
 _23240_/X
 _23241_/X
 _23242_/X
 _23243_/X
 _23244_/Y
 _23245_/X
 _23246_/X
 _23247_/X
 _23248_/X
 _23249_/X
 _23250_/X
 _23251_/X
 _23252_/Y
 _23253_/X
 _23254_/X
 _23255_/X
 _23256_/X
 _23257_/X
 _23258_/Y
 _23259_/X
 _23260_/X
 _23261_/X
 _23262_/Y
 _23263_/X
 _23264_/X
 _23265_/X
 _23266_/X
 _23267_/X
 _23268_/X
 _23269_/X
 _23270_/Y
 _23271_/X
 _23272_/X
 _23273_/X
 _23274_/Y
 _23275_/Y
 _23276_/X
 _23277_/Y
 _23278_/Y
 _23279_/X
 _23280_/X
 _23281_/X
 _23282_/Y
 _23283_/X
 _23284_/X
 _23285_/X
 _23286_/Y
 _23287_/X
 _23288_/X
 _23289_/X
 _23290_/X
 _23291_/X
 _23292_/X
 _23293_/X
 _23294_/X
 _23295_/Y
 _23296_/X
 _23297_/X
 _23298_/X
 _23299_/X
 _23300_/Y
 _23301_/X
 _23302_/X
 _23303_/X
 _23304_/Y
 _23305_/X
 _23306_/X
 _23307_/X
 _23308_/X
 _23309_/X
 _23310_/X
 _23311_/X
 _23312_/X
 _23313_/X
 _23314_/Y
 _23315_/X
 _23316_/Y
 _23317_/Y
 _23318_/X
 _23319_/Y
 _23320_/Y
 _23321_/X
 _23322_/X
 _23323_/X
 _23324_/Y
 _23325_/X
 _23326_/X
 _23327_/X
 _23328_/X
 _23329_/Y
 _23330_/X
 _23331_/X
 _23332_/X
 _23333_/X
 _23334_/X
 _23335_/X
 _23336_/X
 _23337_/X
 _23338_/Y
 _23339_/X
 _23340_/X
 _23341_/X
 _23342_/X
 _23343_/X
 _23344_/Y
 _23345_/X
 _23346_/X
 _23347_/X
 _23348_/X
 _23349_/X
 _23350_/Y
 _23351_/X
 _23352_/X
 _23353_/X
 _23354_/X
 _23355_/X
 _23356_/X
 _23357_/X
 _23358_/Y
 _23359_/X
 _23360_/Y
 _23361_/Y
 _23362_/X
 _23363_/Y
 _23364_/Y
 _23365_/X
 _23366_/X
 _23367_/X
 _23368_/Y
 _23369_/X
 _23370_/X
 _23371_/X
 _23372_/Y
 _23373_/X
 _23374_/X
 _23375_/X
 _23376_/X
 _23377_/X
 _23378_/X
 _23379_/X
 _23380_/Y
 _23381_/X
 _23382_/X
 _23383_/X
 _23384_/X
 _23385_/Y
 _23386_/X
 _23387_/X
 _23388_/X
 _23389_/X
 _23390_/Y
 _23391_/X
 _23392_/X
 _23393_/X
 _23394_/X
 _23395_/X
 _23396_/X
 _23397_/X
 _23398_/Y
 _23399_/X
 _23400_/Y
 _23401_/Y
 _23402_/X
 _23403_/Y
 _23404_/Y
 _23405_/X
 _23406_/X
 _23407_/X
 _23408_/Y
 _23409_/X
 _23410_/X
 _23411_/X
 _23412_/Y
 _23413_/X
 _23414_/X
 _23415_/X
 _23416_/X
 _23417_/X
 _23418_/X
 _23419_/X
 _23420_/X
 _23421_/X
 _23422_/X
 _23423_/Y
 _23424_/X
 _23425_/X
 _23426_/X
 _23427_/X
 _23428_/Y
 _23429_/X
 _23430_/X
 _23431_/X
 _23432_/Y
 _23433_/X
 _23434_/X
 _23435_/X
 _23436_/X
 _23437_/X
 _23438_/X
 _23439_/X
 _23440_/X
 _23441_/Y
 _23442_/X
 _23443_/Y
 _23444_/Y
 _23445_/X
 _23446_/Y
 _23447_/X
 _23448_/Y
 _23449_/X
 _23450_/X
 _23451_/X
 _23452_/X
 _23453_/Y
 _23454_/X
 _23455_/X
 _23456_/X
 _23457_/Y
 _23458_/X
 _23459_/X
 _23460_/X
 _23461_/X
 _23462_/X
 _23463_/X
 _23464_/X
 _23465_/X
 _23466_/X
 _23467_/X
 _23468_/X
 _23469_/Y
 _23470_/X
 _23471_/X
 _23472_/X
 _23473_/X
 _23474_/X
 _23475_/X
 _23476_/Y
 _23477_/X
 _23478_/X
 _23479_/X
 _23480_/Y
 _23481_/X
 _23482_/X
 _23483_/X
 _23484_/X
 _23485_/X
 _23486_/X
 _23487_/X
 _23488_/X
 _23489_/Y
 _23490_/X
 _23491_/Y
 _23492_/Y
 _23493_/X
 _23494_/Y
 _23495_/Y
 _23496_/X
 _23497_/X
 _23498_/X
 _23499_/Y
 _23500_/X
 _23501_/X
 _23502_/X
 _23503_/Y
 _23504_/X
 _23505_/X
 _23506_/X
 _23507_/X
 _23508_/X
 _23509_/X
 _23510_/X
 _23511_/Y
 _23512_/X
 _23513_/X
 _23514_/X
 _23515_/X
 _23516_/X
 _23517_/Y
 _23518_/X
 _23519_/X
 _23520_/X
 _23521_/Y
 _23522_/X
 _23523_/X
 _23524_/X
 _23525_/X
 _23526_/X
 _23527_/X
 _23528_/X
 _23529_/Y
 _23530_/X
 _23531_/Y
 _23532_/Y
 _23533_/X
 _23534_/Y
 _23535_/X
 _23536_/Y
 _23537_/X
 _23538_/X
 _23539_/X
 _23540_/Y
 _23541_/X
 _23542_/X
 _23543_/X
 _23544_/X
 _23545_/Y
 _23546_/X
 _23547_/X
 _23548_/X
 _23549_/X
 _23550_/X
 _23551_/X
 _23552_/X
 _23553_/Y
 _23554_/X
 _23555_/X
 _23556_/X
 _23557_/X
 _23558_/Y
 _23559_/X
 _23560_/X
 _23561_/X
 _23562_/X
 _23563_/Y
 _23564_/X
 _23565_/X
 _23566_/X
 _23567_/X
 _23568_/X
 _23569_/X
 _23570_/X
 _23571_/X
 _23572_/X
 _23573_/X
 _23574_/X
 _23575_/X
 _23576_/Y
 _23577_/X
 _23578_/Y
 _23579_/Y
 _23580_/X
 _23581_/X
 _23582_/Y
 _23583_/Y
 _23584_/X
 _23585_/X
 _23586_/X
 _23587_/X
 _23588_/X
 _23589_/X
 _23590_/X
 _23591_/X
 _23592_/Y
 _23593_/X
 _23594_/X
 _23595_/X
 _23596_/X
 _23597_/X
 _23598_/Y
 _23599_/X
 _23600_/X
 _23601_/X
 _23602_/X
 _23603_/X
 _23604_/X
 _23605_/X
 _23606_/Y
 _23607_/X
 _23608_/X
 _23609_/X
 _23610_/X
 _23611_/X
 _23612_/Y
 _23613_/X
 _23614_/X
 _23615_/X
 _23616_/Y
 _23617_/X
 _23618_/X
 _23619_/X
 _23620_/X
 _23621_/X
 _23622_/X
 _23623_/X
 _23624_/Y
 _23625_/X
 _23626_/X
 _23627_/X
 _23628_/Y
 _23629_/Y
 _23630_/X
 _23631_/Y
 _23632_/Y
 _23633_/X
 _23634_/X
 _23635_/X
 _23636_/Y
 _23637_/X
 _23638_/X
 _23639_/X
 _23640_/Y
 _23641_/X
 _23642_/X
 _23643_/X
 _23644_/X
 _23645_/X
 _23646_/X
 _23647_/X
 _23648_/X
 _23649_/Y
 _23650_/X
 _23651_/X
 _23652_/X
 _23653_/X
 _23654_/Y
 _23655_/X
 _23656_/X
 _23657_/X
 _23658_/Y
 _23659_/X
 _23660_/X
 _23661_/X
 _23662_/X
 _23663_/X
 _23664_/X
 _23665_/X
 _23666_/X
 _23667_/X
 _23668_/Y
 _23669_/X
 _23670_/Y
 _23671_/Y
 _23672_/X
 _23673_/Y
 _23674_/Y
 _23675_/X
 _23676_/X
 _23677_/X
 _23678_/Y
 _23679_/X
 _23680_/X
 _23681_/X
 _23682_/X
 _23683_/Y
 _23684_/X
 _23685_/X
 _23686_/X
 _23687_/X
 _23688_/X
 _23689_/X
 _23690_/X
 _23691_/X
 _23692_/Y
 _23693_/X
 _23694_/X
 _23695_/X
 _23696_/X
 _23697_/X
 _23698_/Y
 _23699_/X
 _23700_/X
 _23701_/X
 _23702_/X
 _23703_/X
 _23704_/Y
 _23705_/X
 _23706_/X
 _23707_/X
 _23708_/X
 _23709_/X
 _23710_/X
 _23711_/X
 _23712_/Y
 _23713_/X
 _23714_/Y
 _23715_/Y
 _23716_/X
 _23717_/Y
 _23718_/Y
 _23719_/X
 _23720_/X
 _23721_/X
 _23722_/Y
 _23723_/X
 _23724_/X
 _23725_/X
 _23726_/Y
 _23727_/X
 _23728_/X
 _23729_/X
 _23730_/X
 _23731_/X
 _23732_/X
 _23733_/X
 _23734_/Y
 _23735_/X
 _23736_/X
 _23737_/X
 _23738_/X
 _23739_/Y
 _23740_/X
 _23741_/X
 _23742_/X
 _23743_/X
 _23744_/Y
 _23745_/X
 _23746_/X
 _23747_/X
 _23748_/X
 _23749_/X
 _23750_/X
 _23751_/X
 _23752_/Y
 _23753_/X
 _23754_/Y
 _23755_/Y
 _23756_/X
 _23757_/Y
 _23758_/Y
 _23759_/X
 _23760_/X
 _23761_/X
 _23762_/Y
 _23763_/X
 _23764_/X
 _23765_/X
 _23766_/Y
 _23767_/X
 _23768_/X
 _23769_/X
 _23770_/X
 _23771_/X
 _23772_/X
 _23773_/X
 _23774_/Y
 _23775_/X
 _23776_/X
 _23777_/X
 _23778_/X
 _23779_/Y
 _23780_/X
 _23781_/X
 _23782_/X
 _23783_/Y
 _23784_/X
 _23785_/X
 _23786_/X
 _23787_/X
 _23788_/X
 _23789_/X
 _23790_/X
 _23791_/Y
 _23792_/X
 _23793_/Y
 _23794_/Y
 _23795_/X
 _23796_/Y
 _23797_/X
 _23798_/X
 _23799_/X
 _23800_/Y
 _23801_/X
 _23802_/X
 _23803_/X
 _23804_/Y
 _23805_/X
 _23806_/X
 _23807_/X
 _23808_/X
 _23809_/X
 _23810_/X
 _23811_/X
 _23812_/Y
 _23813_/X
 _23814_/X
 _23815_/X
 _23816_/X
 _23817_/Y
 _23818_/X
 _23819_/X
 _23820_/X
 _23821_/Y
 _23822_/X
 _23823_/X
 _23824_/X
 _23825_/X
 _23826_/X
 _23827_/X
 _23828_/X
 _23829_/Y
 _23830_/X
 _23831_/Y
 _23832_/Y
 _23833_/X
 _23834_/Y
 _23835_/Y
 _23836_/X
 _23837_/X
 _23838_/X
 _23839_/Y
 _23840_/X
 _23841_/X
 _23842_/X
 _23843_/Y
 _23844_/X
 _23845_/X
 _23846_/X
 _23847_/X
 _23848_/X
 _23849_/X
 _23850_/X
 _23851_/Y
 _23852_/X
 _23853_/X
 _23854_/X
 _23855_/X
 _23856_/Y
 _23857_/X
 _23858_/X
 _23859_/X
 _23860_/Y
 _23861_/X
 _23862_/X
 _23863_/X
 _23864_/X
 _23865_/X
 _23866_/X
 _23867_/X
 _23868_/Y
 _23869_/X
 _23870_/Y
 _23871_/Y
 _23872_/X
 _23873_/Y
 _23874_/Y
 _23875_/X
 _23876_/X
 _23877_/X
 _23878_/Y
 _23879_/X
 _23880_/X
 _23881_/X
 _23882_/Y
 _23883_/X
 _23884_/X
 _23885_/X
 _23886_/X
 _23887_/X
 _23888_/X
 _23889_/X
 _23890_/Y
 _23891_/X
 _23892_/X
 _23893_/X
 _23894_/X
 _23895_/Y
 _23896_/X
 _23897_/X
 _23898_/X
 _23899_/Y
 _23900_/X
 _23901_/X
 _23902_/X
 _23903_/X
 _23904_/X
 _23905_/X
 _23906_/X
 _23907_/Y
 _23908_/X
 _23909_/Y
 _23910_/Y
 _23911_/X
 _23912_/Y
 _23913_/Y
 _23914_/X
 _23915_/X
 _23916_/X
 _23917_/Y
 _23918_/X
 _23919_/X
 _23920_/X
 _23921_/Y
 _23922_/X
 _23923_/X
 _23924_/X
 _23925_/X
 _23926_/X
 _23927_/X
 _23928_/X
 _23929_/Y
 _23930_/X
 _23931_/X
 _23932_/X
 _23933_/X
 _23934_/Y
 _23935_/X
 _23936_/X
 _23937_/X
 _23938_/Y
 _23939_/X
 _23940_/X
 _23941_/X
 _23942_/X
 _23943_/X
 _23944_/X
 _23945_/X
 _23946_/Y
 _23947_/X
 _23948_/Y
 _23949_/Y
 _23950_/X
 _23951_/Y
 _23952_/X
 _23953_/X
 _23954_/X
 _23955_/Y
 _23956_/X
 _23957_/X
 _23958_/X
 _23959_/Y
 _23960_/X
 _23961_/X
 _23962_/X
 _23963_/X
 _23964_/X
 _23965_/X
 _23966_/X
 _23967_/Y
 _23968_/X
 _23969_/X
 _23970_/X
 _23971_/X
 _23972_/Y
 _23973_/X
 _23974_/X
 _23975_/X
 _23976_/Y
 _23977_/X
 _23978_/X
 _23979_/X
 _23980_/X
 _23981_/X
 _23982_/X
 _23983_/X
 _23984_/Y
 _23985_/X
 _23986_/Y
 _23987_/Y
 _23988_/X
 _23989_/Y
 _23990_/Y
 _23991_/X
 _23992_/X
 _23993_/X
 _23994_/Y
 _23995_/X
 _23996_/X
 _23997_/X
 _23998_/Y
 _23999_/X
 _24000_/X
 _24001_/X
 _24002_/X
 _24003_/X
 _24004_/X
 _24005_/X
 _24006_/Y
 _24007_/X
 _24008_/X
 _24009_/X
 _24010_/X
 _24011_/Y
 _24012_/X
 _24013_/X
 _24014_/X
 _24015_/Y
 _24016_/X
 _24017_/X
 _24018_/X
 _24019_/X
 _24020_/X
 _24021_/X
 _24022_/X
 _24023_/Y
 _24024_/X
 _24025_/Y
 _24026_/Y
 _24027_/X
 _24028_/Y
 _24029_/Y
 _24030_/Y
 _24031_/Y
 _24032_/X
 _24033_/Y
 _24034_/Y
 _24035_/Y
 _24036_/Y
 _24037_/Y
 _24038_/X
 _24039_/Y
 _24040_/X
 _24041_/Y
 _24042_/X
 _24043_/Y
 _24044_/Y
 _24045_/Y
 _24046_/Y
 _24047_/X
 _24048_/Y
 _24049_/X
 _24050_/X
 _24051_/Y
 _24052_/X
 _24053_/X
 _24054_/X
 _24055_/X
 _24056_/X
 _24057_/X
 _24058_/X
 _24059_/X
 _24060_/X
 _24061_/X
 _24062_/X
 _24063_/X
 _24064_/X
 _24065_/X
 _24066_/X
 _24067_/X
 _24068_/X
 _24069_/Y
 _24070_/X
 _24071_/X
 _24072_/Y
 _24073_/X
 _24074_/X
 _24075_/X
 _24076_/Y
 _24077_/Y
 _24078_/X
 _24079_/X
 _24080_/X
 _24081_/X
 _24082_/X
 _24083_/X
 _24084_/X
 _24085_/X
 _24086_/X
 _24087_/X
 _24088_/X
 _24089_/X
 _24090_/X
 _24091_/X
 _24092_/X
 _24093_/X
 _24094_/X
 _24095_/X
 _24096_/X
 _24097_/X
 _24098_/X
 _24099_/X
 _24100_/X
 _24101_/X
 _24102_/X
 _24103_/X
 _24104_/X
 _24105_/X
 _24106_/X
 _24107_/X
 _24108_/X
 _24109_/X
 _24110_/X
 _24111_/X
 _24112_/X
 _24113_/X
 _24114_/X
 _24115_/X
 _24116_/Y
 _24117_/Y
 _24118_/Y
 _24119_/Y
 _24120_/Y
 _24121_/X
 _24122_/Y
 _24123_/X
 _24124_/Y
 _24125_/Y
 _24126_/Y
 _24127_/Y
 _24128_/Y
 _24129_/Y
 _24130_/Y
 _24131_/Y
 _24132_/X
 _24133_/Y
 _24134_/Y
 _24135_/Y
 _24136_/X
 _24137_/Y
 _24138_/Y
 _24139_/X
 _24140_/X
 _24141_/X
 _24142_/X
 _24143_/X
 _24144_/X
 _24145_/X
 _24146_/X
 _24147_/X
 _24148_/Y
 _24149_/Y
 _24150_/X
 _24151_/X
 _24152_/X
 _24153_/X
 _24154_/X
 _24155_/X
 _24156_/X
 _24157_/X
 _24158_/Y
 _24159_/X
 _24160_/X
 _24161_/X
 _24162_/X
 _24163_/X
 _24164_/X
 _24165_/X
 _24166_/X
 _24167_/X
 _24168_/X
 _24169_/X
 _24170_/X
 _24171_/X
 _24172_/X
 _24173_/X
 _24174_/Y
 _24175_/Y
 _24176_/X
 _24177_/Y
 _24178_/Y
 _24179_/X
 _24180_/Y
 _24181_/Y
 _24182_/X
 _24183_/X
 _24184_/X
 _24185_/Y
 _24186_/Y
 _24187_/X
 _24188_/X
 _24189_/Y
 _24190_/X
 _24191_/X
 _24192_/Y
 _24193_/X
 _24194_/X
 _24195_/X
 _24196_/Y
 _24197_/Y
 _24198_/Y
 _24199_/X
 _24200_/X
 _24201_/X
 _24202_/X
 _24203_/X
 _24204_/X
 _24205_/X
 _24206_/X
 _24207_/Y
 _24208_/X
 _24209_/X
 _24210_/X
 _24211_/X
 _24212_/X
 _24213_/X
 _24214_/X
 _24215_/X
 _24216_/Y
 _24217_/X
 _24218_/X
 _24219_/X
 _24220_/X
 _24221_/X
 _24222_/X
 _24223_/X
 _24224_/X
 _24225_/X
 _24226_/X
 _24227_/X
 _24228_/X
 _24229_/X
 _24230_/X
 _24231_/X
 _24232_/X
 _24233_/X
 _24234_/X
 _24235_/X
 _24236_/X
 _24237_/X
 _24238_/X
 _24239_/X
 _24240_/X
 _24241_/X
 _24242_/X
 _24243_/X
 _24244_/X
 _24245_/Y
 _24246_/X
 _24247_/X
 _24248_/X
 _24249_/X
 _24250_/X
 _24251_/X
 _24252_/X
 _24253_/X
 _24254_/X
 _24255_/X
 _24256_/X
 _24257_/X
 _24258_/X
 _24259_/X
 _24260_/X
 _24261_/X
 _24262_/X
 _24263_/X
 _24264_/X
 _24265_/X
 _24266_/X
 _24267_/X
 _24268_/X
 _24269_/X
 _24270_/X
 _24271_/X
 _24272_/X
 _24273_/X
 _24274_/X
 _24275_/X
 _24276_/X
 _24277_/X
 _24278_/X
 _24279_/X
 _24280_/X
 _24281_/Y
 _24282_/Y
 _24283_/X
 _24284_/X
 _24285_/X
 _24286_/X
 _24287_/X
 _24288_/X
 _24289_/X
 _24290_/X
 _24291_/Y
 _24292_/X
 _24293_/X
 _24294_/X
 _24295_/X
 _24296_/X
 _24297_/X
 _24298_/X
 _24299_/X
 _24300_/Y
 _24301_/X
 _24302_/X
 _24303_/X
 _24304_/X
 _24305_/X
 _24306_/X
 _24307_/X
 _24308_/X
 _24309_/Y
 _24310_/X
 _24311_/X
 _24312_/X
 _24313_/X
 _24314_/X
 _24315_/X
 _24316_/X
 _24317_/X
 _24318_/X
 _24319_/X
 _24320_/X
 _24321_/Y
 _24322_/Y
 _24323_/X
 _24324_/X
 _24325_/X
 _24326_/X
 _24327_/X
 _24328_/X
 _24329_/X
 _24330_/X
 _24331_/Y
 _24332_/X
 _24333_/X
 _24334_/X
 _24335_/X
 _24336_/X
 _24337_/X
 _24338_/X
 _24339_/X
 _24340_/Y
 _24341_/X
 _24342_/X
 _24343_/X
 _24344_/X
 _24345_/X
 _24346_/X
 _24347_/X
 _24348_/X
 _24349_/X
 _24350_/Y
 _24351_/Y
 _24352_/X
 _24353_/X
 _24354_/X
 _24355_/X
 _24356_/X
 _24357_/X
 _24358_/X
 _24359_/X
 _24360_/X
 _24361_/X
 _24362_/Y
 _24363_/X
 _24364_/Y
 _24365_/X
 _24366_/Y
 _24367_/X
 _24368_/Y
 _24369_/X
 _24370_/X
 _24371_/X
 _24372_/X
 _24373_/X
 _24374_/X
 _24375_/X
 _24376_/X
 _24377_/Y
 _24378_/X
 _24379_/Y
 _24380_/Y
 _24381_/X
 _24382_/Y
 _24383_/X
 _24384_/X
 _24385_/X
 _24386_/X
 _24387_/X
 _24388_/X
 _24389_/X
 _24390_/X
 _24391_/X
 _24392_/X
 _24393_/X
 _24394_/X
 _24395_/X
 _24396_/X
 _24397_/X
 _24398_/X
 _24399_/X
 _24400_/X
 _24401_/X
 _24402_/X
 _24403_/X
 _24404_/X
 _24405_/X
 _24406_/X
 _24407_/X
 _24408_/X
 _24409_/X
 _24410_/X
 _24411_/X
 _24412_/X
 _24413_/X
 _24414_/X
 _24415_/X
 _24416_/X
 _24417_/X
 _24418_/X
 _24419_/X
 _24420_/X
 _24421_/X
 _24422_/X
 _24423_/X
 _24424_/X
 _24425_/X
 _24426_/X
 _24427_/X
 _24428_/X
 _24429_/X
 _24430_/X
 _24431_/X
 _24432_/X
 _24433_/X
 _24434_/X
 _24435_/X
 _24436_/X
 _24437_/X
 _24438_/X
 _24439_/X
 _24440_/X
 _24441_/X
 _24442_/X
 _24443_/X
 _24444_/X
 _24445_/X
 _24446_/X
 _24447_/X
 _24448_/X
 _24449_/X
 _24450_/X
 _24451_/X
 _24452_/X
 _24453_/X
 _24454_/X
 _24455_/X
 _24456_/X
 _24457_/X
 _24458_/X
 _24459_/X
 _24460_/X
 _24461_/X
 _24462_/X
 _24463_/X
 _24464_/Y
 _24465_/X
 _24466_/X
 _24467_/Y
 _24468_/X
 _24469_/X
 _24470_/X
 _24471_/X
 _24472_/X
 _24473_/X
 _24474_/X
 _24475_/X
 _24476_/Y
 _24477_/Y
 _24478_/Y
 _24479_/Y
 _24480_/Y
 _24481_/X
 _24482_/Y
 _24483_/Y
 _24484_/Y
 _24485_/Y
 _24486_/Y
 _24487_/Y
 _24488_/Y
 _24489_/Y
 _24490_/X
 _24491_/X
 _24492_/Y
 _24493_/Y
 _24494_/Y
 _24495_/Y
 _24496_/Y
 _24497_/Y
 _24498_/Y
 _24499_/Y
 _24500_/X
 _24501_/Y
 _24502_/Y
 _24503_/Y
 _24504_/Y
 _24505_/Y
 _24506_/Y
 _24507_/Y
 _24508_/Y
 _24509_/X
 _24510_/Y
 _24511_/Y
 _24512_/Y
 _24513_/Y
 _24514_/Y
 _24515_/Y
 _24516_/Y
 _24517_/Y
 _24518_/X
 _24519_/Y
 _24520_/Y
 _24521_/Y
 _24522_/Y
 _24523_/Y
 _24524_/X
 _24525_/X
 _24526_/X
 _24527_/X
 _24528_/X
 _24529_/X
 _24530_/X
 _24531_/X
 _24532_/X
 _24533_/X
 _24534_/X
 _24535_/X
 _24536_/X
 _24537_/X
 _24538_/X
 _24539_/X
 _24540_/X
 _24541_/X
 _24542_/X
 _24543_/X
 _24544_/X
 _24545_/X
 _24546_/X
 _24547_/X
 _24548_/X
 _24549_/X
 _24550_/X
 _24551_/X
 _24552_/X
 _24553_/X
 _24554_/X
 _24555_/X
 _24556_/X
 _24557_/Y
 _24558_/Y
 _24559_/X
 _24560_/X
 _24561_/X
 _24562_/X
 _24563_/X
 _24564_/X
 _24565_/X
 _24566_/X
 _24567_/X
 _24568_/Y
 _24569_/Y
 _24570_/X
 _24571_/X
 _24572_/X
 _24573_/X
 _24574_/X
 _24575_/X
 _24576_/X
 _24577_/X
 _24578_/Y
 _24579_/X
 _24580_/X
 _24581_/X
 _24582_/X
 _24583_/X
 _24584_/X
 _24585_/X
 _24586_/X
 _24587_/X
 _24588_/X
 _24589_/X
 _24590_/X
 _24591_/X
 _24592_/X
 _24593_/X
 _24594_/X
 _24595_/X
 _24596_/X
 _24597_/X
 _24598_/X
 _24599_/X
 _24600_/X
 _24601_/X
 _24602_/Y
 _24603_/X
 _24604_/Y
 _24605_/X
 _24606_/Y
 _24607_/X
 _24608_/X
 _24609_/X
 _24610_/X
 _24611_/X
 _24612_/X
 _24613_/X
 _24614_/X
 _24615_/X
 _24616_/X
 _24617_/X
 _24618_/X
 _24619_/X
 _24620_/X
 _24621_/X
 _24622_/Y
 _24623_/X
 _24624_/Y
 _24625_/X
 _24626_/X
 _24627_/X
 _24628_/Y
 _24629_/X
 _24630_/X
 _24631_/X
 _24632_/X
 _24633_/X
 _24634_/X
 _24635_/X
 _24636_/X
 _24637_/X
 _24638_/X
 _24639_/X
 _24640_/X
 _24641_/X
 _24642_/X
 _24643_/X
 _24644_/X
 _24645_/X
 _24646_/X
 _24647_/X
 _24648_/Y
 _24649_/Y
 _24650_/X
 _24651_/X
 _24652_/X
 _24653_/Y
 _24654_/X
 _24655_/Y
 _24656_/Y
 _24657_/Y
 _24658_/X
 _24659_/Y
 _24660_/X
 _24661_/Y
 _24662_/Y
 _24663_/X
 _24664_/Y
 _24665_/Y
 _24666_/X
 _24667_/X
 _24668_/X
 _24669_/X
 _24670_/X
 _24671_/Y
 _24672_/X
 _24673_/X
 _24674_/X
 _24675_/X
 _24676_/X
 _24677_/Y
 _24678_/X
 _24679_/X
 _24680_/X
 _24681_/X
 _24682_/Y
 _24683_/X
 _24684_/X
 _24685_/X
 _24686_/Y
 _24687_/Y
 _24688_/X
 _24689_/X
 _24690_/Y
 _24691_/X
 _24692_/X
 _24693_/X
 _24694_/Y
 _24695_/X
 _24696_/X
 _24697_/X
 _24698_/Y
 _24699_/X
 _24700_/X
 _24701_/X
 _24702_/X
 _24703_/X
 _24704_/X
 _24705_/X
 _24706_/Y
 _24707_/X
 _24708_/X
 _24709_/Y
 _24710_/X
 _24711_/Y
 _24712_/Y
 _24713_/X
 _24714_/X
 _24715_/X
 _24716_/X
 _24717_/X
 _24718_/X
 _24719_/X
 _24720_/X
 _24721_/X
 _24722_/X
 _24723_/X
 _24724_/X
 _24725_/X
 _24726_/X
 _24727_/X
 _24728_/X
 _24729_/X
 _24730_/X
 _24731_/X
 _24732_/X
 _24733_/X
 _24734_/X
 _24735_/X
 _24736_/X
 _24737_/X
 _24738_/X
 _24739_/X
 _24740_/X
 _24741_/X
 _24742_/X
 _24743_/X
 _24744_/X
 _24745_/X
 _24746_/X
 _24747_/X
 _24748_/X
 _24749_/X
 _24750_/X
 _24751_/X
 _24752_/X
 _24753_/X
 _24754_/Y
 _24755_/X
 _24756_/Y
 _24757_/Y
 _24758_/Y
 _24759_/Y
 _24760_/Y
 _24761_/X
 _24762_/Y
 _24763_/Y
 _24764_/Y
 _24765_/X
 _24766_/X
 _24767_/X
 _24768_/X
 _24769_/X
 _24770_/X
 _24771_/X
 _24772_/X
 _24773_/X
 _24774_/X
 _24775_/X
 _24776_/X
 _24777_/X
 _24778_/X
 _24779_/X
 _24780_/X
 _24781_/X
 _24782_/X
 _24783_/X
 _24784_/X
 _24785_/X
 _24786_/X
 _24787_/X
 _24788_/X
 _24789_/X
 _24790_/X
 _24791_/X
 _24792_/X
 _24793_/X
 _24794_/X
 _24795_/X
 _24796_/X
 _24797_/X
 _24798_/X
 _24799_/Y
 _24800_/X
 _24801_/Y
 _24802_/Y
 _24803_/X
 _24804_/Y
 _24805_/Y
 _24806_/X
 _24807_/Y
 _24808_/Y
 _24809_/Y
 _24810_/X
 _24811_/X
 _24812_/X
 _24813_/X
 _24814_/X
 _24815_/X
 _24816_/X
 _24817_/X
 _24818_/X
 _24819_/X
 _24820_/X
 _24821_/X
 _24822_/X
 _24823_/X
 _24824_/X
 _24825_/X
 _24826_/X
 _24827_/X
 _24828_/X
 _24829_/X
 _24830_/X
 _24831_/X
 _24832_/X
 _24833_/X
 _24834_/X
 _24835_/X
 _24836_/X
 _24837_/X
 _24838_/X
 _24839_/X
 _24840_/X
 _24841_/X
 _24842_/X
 _24843_/X
 _24844_/X
 _24845_/X
 _24846_/X
 _24847_/Y
 _24848_/X
 _24849_/Y
 _24850_/Y
 _24851_/Y
 _24852_/X
 _24853_/Y
 _24854_/X
 _24855_/X
 _24856_/X
 _24857_/Y
 _24858_/Y
 _24859_/Y
 _24860_/X
 _24861_/X
 _24862_/X
 _24863_/X
 _24864_/X
 _24865_/X
 _24866_/X
 _24867_/X
 _24868_/X
 _24869_/X
 _24870_/X
 _24871_/X
 _24872_/X
 _24873_/X
 _24874_/X
 _24875_/X
 _24876_/X
 _24877_/X
 _24878_/X
 _24879_/X
 _24880_/X
 _24881_/X
 _24882_/X
 _24883_/X
 _24884_/X
 _24885_/X
 _24886_/X
 _24887_/X
 _24888_/X
 _24889_/X
 _24890_/X
 _24891_/X
 _24892_/X
 _24893_/X
 _24894_/X
 _24895_/X
 _24896_/X
 _24897_/X
 _24898_/X
 _24899_/X
 _24900_/X
 _24901_/X
 _24902_/X
 _24903_/X
 _24904_/X
 _24905_/X
 _24906_/X
 _24907_/X
 _24908_/X
 _24909_/X
 _24910_/X
 _24911_/X
 _24912_/X
 _24913_/X
 _24914_/X
 _24915_/Y
 _24916_/X
 _24917_/X
 _24918_/X
 _24919_/Y
 _24920_/X
 _24921_/X
 _24922_/Y
 _24923_/X
 _24924_/Y
 _24925_/Y
 _24926_/Y
 _24927_/X
 _24928_/Y
 _24929_/Y
 _24930_/Y
 _24931_/Y
 _24932_/X
 _24933_/X
 _24934_/X
 _24935_/Y
 _24936_/X
 _24937_/X
 _24938_/X
 _24939_/X
 _24940_/X
 _24941_/X
 _24942_/X
 _24943_/X
 _24944_/X
 _24945_/X
 _24946_/X
 _24947_/X
 _24948_/X
 _24949_/X
 _24950_/X
 _24951_/X
 _24952_/X
 _24953_/X
 _24954_/X
 _24955_/X
 _24956_/X
 _24957_/X
 _24958_/X
 _24959_/X
 _24960_/X
 _24961_/X
 _24962_/X
 _24963_/X
 _24964_/X
 _24965_/X
 _24966_/X
 _24967_/Y
 _24968_/X
 _24969_/X
 _24970_/X
 _24971_/X
 _24972_/Y
 _24973_/Y
 _24974_/Y
 _24975_/X
 _24976_/Y
 _24977_/Y
 _24978_/X
 _24979_/X
 _24980_/Y
 _24981_/Y
 _24982_/X
 _24983_/X
 _24984_/Y
 _24985_/X
 _24986_/X
 _24987_/X
 _24988_/X
 _24989_/X
 _24990_/X
 _24991_/X
 _24992_/X
 _24993_/X
 _24994_/X
 _24995_/X
 _24996_/X
 _24997_/X
 _24998_/X
 _24999_/X
 _25000_/X
 _25001_/X
 _25002_/X
 _25003_/X
 _25004_/X
 _25005_/X
 _25006_/X
 _25007_/X
 _25008_/X
 _25009_/X
 _25010_/X
 _25011_/X
 _25012_/X
 _25013_/X
 _25014_/X
 _25015_/X
 _25016_/X
 _25017_/Y
 _25018_/X
 _25019_/X
 _25020_/Y
 _25021_/Y
 _25022_/Y
 _25023_/Y
 _25024_/Y
 _25025_/X
 _25026_/X
 _25027_/X
 _25028_/Y
 _25029_/X
 _25030_/X
 _25031_/X
 _25032_/X
 _25033_/X
 _25034_/X
 _25035_/X
 _25036_/X
 _25037_/X
 _25038_/X
 _25039_/X
 _25040_/X
 _25041_/X
 _25042_/X
 _25043_/X
 _25044_/X
 _25045_/X
 _25046_/X
 _25047_/X
 _25048_/X
 _25049_/X
 _25050_/X
 _25051_/X
 _25052_/X
 _25053_/X
 _25054_/X
 _25055_/X
 _25056_/X
 _25057_/X
 _25058_/X
 _25059_/X
 _25060_/X
 _25061_/Y
 _25062_/X
 _25063_/X
 _25064_/Y
 _25065_/X
 _25066_/Y
 _25067_/Y
 _25068_/Y
 _25069_/X
 _25070_/Y
 _25071_/Y
 _25072_/X
 _25073_/X
 _25074_/Y
 _25075_/X
 _25076_/X
 _25077_/X
 _25078_/X
 _25079_/X
 _25080_/X
 _25081_/X
 _25082_/X
 _25083_/X
 _25084_/X
 _25085_/X
 _25086_/X
 _25087_/X
 _25088_/X
 _25089_/X
 _25090_/X
 _25091_/X
 _25092_/X
 _25093_/X
 _25094_/X
 _25095_/X
 _25096_/X
 _25097_/X
 _25098_/X
 _25099_/X
 _25100_/X
 _25101_/X
 _25102_/X
 _25103_/X
 _25104_/X
 _25105_/X
 _25106_/Y
 _25107_/X
 _25108_/X
 _25109_/Y
 _25110_/Y
 _25111_/Y
 _25112_/Y
 _25113_/Y
 _25114_/Y
 _25115_/X
 _25116_/X
 _25117_/Y
 _25118_/X
 _25119_/X
 _25120_/X
 _25121_/X
 _25122_/X
 _25123_/X
 _25124_/X
 _25125_/X
 _25126_/X
 _25127_/X
 _25128_/X
 _25129_/X
 _25130_/X
 _25131_/X
 _25132_/X
 _25133_/X
 _25134_/X
 _25135_/X
 _25136_/X
 _25137_/X
 _25138_/X
 _25139_/X
 _25140_/X
 _25141_/X
 _25142_/X
 _25143_/X
 _25144_/X
 _25145_/X
 _25146_/X
 _25147_/X
 _25148_/X
 _25149_/Y
 _25150_/X
 _25151_/X
 _25152_/Y
 _25153_/Y
 _25154_/Y
 _25155_/Y
 _25156_/X
 _25157_/X
 _25158_/Y
 _25159_/Y
 _25160_/X
 _25161_/X
 _25162_/Y
 _25163_/Y
 _25164_/Y
 _25165_/Y
 _25166_/X
 _25167_/X
 _25168_/X
 _25169_/X
 _25170_/X
 _25171_/X
 _25172_/X
 _25173_/X
 _25174_/X
 _25175_/X
 _25176_/X
 _25177_/X
 _25178_/X
 _25179_/X
 _25180_/X
 _25181_/X
 _25182_/X
 _25183_/X
 _25184_/X
 _25185_/X
 _25186_/X
 _25187_/X
 _25188_/X
 _25189_/X
 _25190_/X
 _25191_/X
 _25192_/X
 _25193_/X
 _25194_/X
 _25195_/X
 _25196_/X
 _25197_/X
 _25198_/X
 _25199_/X
 _25200_/X
 _25201_/X
 _25202_/X
 _25203_/X
 _25204_/X
 _25205_/X
 _25206_/X
 _25207_/Y
 _25208_/Y
 _25209_/X
 _25210_/Y
 _25211_/X
 _25212_/Y
 _25213_/Y
 _25214_/X
 _25215_/Y
 _25216_/Y
 _25217_/X
 _25218_/X
 _25219_/X
 _25220_/X
 _25221_/X
 _25222_/X
 _25223_/X
 _25224_/X
 _25225_/X
 _25226_/X
 _25227_/X
 _25228_/X
 _25229_/X
 _25230_/X
 _25231_/X
 _25232_/X
 _25233_/X
 _25234_/X
 _25235_/X
 _25236_/X
 _25237_/X
 _25238_/X
 _25239_/X
 _25240_/X
 _25241_/X
 _25242_/X
 _25243_/X
 _25244_/X
 _25245_/X
 _25246_/X
 _25247_/X
 _25248_/X
 _25249_/Y
 _25250_/X
 _25251_/X
 _25252_/Y
 _25253_/Y
 _25254_/X
 _25255_/Y
 _25256_/Y
 _25257_/Y
 _25258_/Y
 _25259_/X
 _25260_/X
 _25261_/Y
 _25262_/Y
 _25263_/X
 _25264_/X
 _25265_/Y
 _25266_/Y
 _25267_/X
 _25268_/Y
 _25269_/Y
 _25270_/X
 _25271_/X
 _25272_/X
 _25273_/X
 _25274_/X
 _25275_/X
 _25276_/X
 _25277_/X
 _25278_/X
 _25279_/X
 _25280_/X
 _25281_/X
 _25282_/X
 _25283_/X
 _25284_/X
 _25285_/X
 _25286_/X
 _25287_/X
 _25288_/X
 _25289_/X
 _25290_/X
 _25291_/X
 _25292_/X
 _25293_/X
 _25294_/X
 _25295_/X
 _25296_/X
 _25297_/X
 _25298_/X
 _25299_/X
 _25300_/X
 _25301_/X
 _25302_/Y
 _25303_/Y
 _25304_/X
 _25305_/Y
 _25306_/X
 _25307_/Y
 _25308_/Y
 _25309_/Y
 _25310_/Y
 _25311_/Y
 _25312_/Y
 _25313_/Y
 _25314_/X
 _25315_/Y
 _25316_/X
 _25317_/Y
 _25318_/X
 _25319_/X
 _25320_/Y
 _25321_/X
 _25322_/X
 _25323_/X
 _25324_/X
 _25325_/X
 _25326_/X
 _25327_/X
 _25328_/X
 _25329_/X
 _25330_/X
 _25331_/X
 _25332_/X
 _25333_/X
 _25334_/X
 _25335_/X
 _25336_/X
 _25337_/X
 _25338_/X
 _25339_/X
 _25340_/X
 _25341_/X
 _25342_/X
 _25343_/X
 _25344_/X
 _25345_/X
 _25346_/X
 _25347_/X
 _25348_/X
 _25349_/X
 _25350_/X
 _25351_/X
 _25352_/X
 _25353_/X
 _25354_/X
 _25355_/X
 _25356_/X
 _25357_/Y
 _25358_/X
 _25359_/X
 _25360_/Y
 _25361_/Y
 _25362_/Y
 _25363_/Y
 _25364_/Y
 _25365_/X
 _25366_/X
 _25367_/Y
 _25368_/X
 _25369_/X
 _25370_/X
 _25371_/X
 _25372_/X
 _25373_/X
 _25374_/X
 _25375_/X
 _25376_/X
 _25377_/X
 _25378_/X
 _25379_/X
 _25380_/X
 _25381_/X
 _25382_/X
 _25383_/X
 _25384_/X
 _25385_/X
 _25386_/X
 _25387_/X
 _25388_/X
 _25389_/X
 _25390_/X
 _25391_/X
 _25392_/X
 _25393_/X
 _25394_/X
 _25395_/X
 _25396_/X
 _25397_/X
 _25398_/X
 _25399_/X
 _25400_/X
 _25401_/X
 _25402_/X
 _25403_/X
 _25404_/X
 _25405_/X
 _25406_/X
 _25407_/X
 _25408_/X
 _25409_/X
 _25410_/X
 _25411_/X
 _25412_/X
 _25413_/X
 _25414_/X
 _25415_/X
 _25416_/X
 _25417_/X
 _25418_/X
 _25419_/X
 _25420_/X
 _25421_/X
 _25422_/X
 _25423_/X
 _25424_/X
 _25425_/X
 _25426_/X
 _25427_/X
 _25428_/X
 _25429_/Y
 _25430_/X
 _25431_/X
 _25432_/Y
 _25433_/Y
 _25434_/X
 _25435_/Y
 _25436_/X
 _25437_/X
 _25438_/X
 _25439_/Y
 _25440_/Y
 _25441_/X
 _25442_/X
 _25443_/X
 _25444_/X
 _25445_/X
 _25446_/X
 _25447_/X
 _25448_/X
 _25449_/X
 _25450_/X
 _25451_/X
 _25452_/X
 _25453_/X
 _25454_/X
 _25455_/X
 _25456_/X
 _25457_/X
 _25458_/X
 _25459_/X
 _25460_/X
 _25461_/X
 _25462_/X
 _25463_/X
 _25464_/X
 _25465_/X
 _25466_/X
 _25467_/X
 _25468_/X
 _25469_/X
 _25470_/X
 _25471_/X
 _25472_/Y
 _25473_/X
 _25474_/X
 _25475_/Y
 _25476_/Y
 _25477_/Y
 _25478_/Y
 _25479_/X
 _25480_/Y
 _25481_/Y
 _25482_/X
 _25483_/X
 _25484_/Y
 _25485_/Y
 _25486_/Y
 _25487_/X
 _25488_/X
 _25489_/X
 _25490_/X
 _25491_/X
 _25492_/X
 _25493_/X
 _25494_/X
 _25495_/X
 _25496_/X
 _25497_/X
 _25498_/X
 _25499_/X
 _25500_/X
 _25501_/X
 _25502_/X
 _25503_/X
 _25504_/X
 _25505_/X
 _25506_/X
 _25507_/X
 _25508_/X
 _25509_/X
 _25510_/X
 _25511_/X
 _25512_/X
 _25513_/X
 _25514_/X
 _25515_/X
 _25516_/X
 _25517_/X
 _25518_/X
 _25519_/X
 _25520_/Y
 _25521_/Y
 _25522_/X
 _25523_/Y
 _25524_/X
 _25525_/Y
 _25526_/Y
 _25527_/Y
 _25528_/Y
 _25529_/Y
 _25530_/Y
 _25531_/Y
 _25532_/X
 _25533_/Y
 _25534_/X
 _25535_/X
 _25536_/X
 _25537_/X
 _25538_/X
 _25539_/X
 _25540_/X
 _25541_/X
 _25542_/X
 _25543_/X
 _25544_/X
 _25545_/X
 _25546_/X
 _25547_/X
 _25548_/X
 _25549_/X
 _25550_/X
 _25551_/X
 _25552_/X
 _25553_/X
 _25554_/X
 _25555_/X
 _25556_/X
 _25557_/X
 _25558_/X
 _25559_/X
 _25560_/X
 _25561_/X
 _25562_/X
 _25563_/X
 _25564_/X
 _25565_/X
 _25566_/X
 _25567_/X
 _25568_/X
 _25569_/X
 _25570_/Y
 _25571_/X
 _25572_/X
 _25573_/Y
 _25574_/X
 _25575_/Y
 _25576_/X
 _25577_/Y
 _25578_/Y
 _25579_/Y
 _25580_/Y
 _25581_/Y
 _25582_/Y
 _25583_/Y
 _25584_/Y
 _25585_/X
 _25586_/X
 _25587_/X
 _25588_/X
 _25589_/X
 _25590_/X
 _25591_/X
 _25592_/X
 _25593_/X
 _25594_/X
 _25595_/X
 _25596_/X
 _25597_/X
 _25598_/X
 _25599_/X
 _25600_/X
 _25601_/X
 _25602_/X
 _25603_/X
 _25604_/X
 _25605_/X
 _25606_/X
 _25607_/X
 _25608_/X
 _25609_/X
 _25610_/X
 _25611_/X
 _25612_/X
 _25613_/X
 _25614_/X
 _25615_/X
 _25616_/Y
 _25617_/X
 _25618_/Y
 _25619_/Y
 _25620_/X
 _25621_/Y
 _25622_/X
 _25623_/X
 _25624_/X
 _25625_/Y
 _25626_/Y
 _25627_/Y
 _25628_/Y
 _25629_/X
 _25630_/Y
 _25631_/X
 _25632_/X
 _25633_/X
 _25634_/X
 _25635_/X
 _25636_/X
 _25637_/X
 _25638_/X
 _25639_/X
 _25640_/X
 _25641_/X
 _25642_/X
 _25643_/X
 _25644_/X
 _25645_/X
 _25646_/X
 _25647_/X
 _25648_/X
 _25649_/X
 _25650_/X
 _25651_/X
 _25652_/X
 _25653_/X
 _25654_/X
 _25655_/X
 _25656_/X
 _25657_/X
 _25658_/X
 _25659_/X
 _25660_/X
 _25661_/X
 _25662_/X
 _25663_/Y
 _25664_/X
 _25665_/X
 _25666_/Y
 _25667_/X
 _25668_/Y
 _25669_/X
 _25670_/Y
 _25671_/Y
 _25672_/Y
 _25673_/Y
 _25674_/Y
 _25675_/X
 _25676_/Y
 _25677_/X
 _25678_/X
 _25679_/X
 _25680_/X
 _25681_/X
 _25682_/X
 _25683_/X
 _25684_/X
 _25685_/X
 _25686_/X
 _25687_/X
 _25688_/X
 _25689_/X
 _25690_/X
 _25691_/X
 _25692_/X
 _25693_/X
 _25694_/X
 _25695_/X
 _25696_/X
 _25697_/X
 _25698_/X
 _25699_/X
 _25700_/X
 _25701_/X
 _25702_/X
 _25703_/X
 _25704_/X
 _25705_/X
 _25706_/X
 _25707_/X
 _25708_/X
 _25709_/X
 _25710_/Y
 _25711_/X
 _25712_/Y
 _25713_/Y
 _25714_/X
 _25715_/Y
 _25716_/X
 _25717_/X
 _25718_/X
 _25719_/Y
 _25720_/Y
 _25721_/X
 _25722_/Y
 _25723_/Y
 _25724_/X
 _25725_/Y
 _25726_/X
 _25727_/X
 _25728_/X
 _25729_/X
 _25730_/X
 _25731_/X
 _25732_/X
 _25733_/X
 _25734_/X
 _25735_/X
 _25736_/X
 _25737_/X
 _25738_/X
 _25739_/X
 _25740_/X
 _25741_/X
 _25742_/X
 _25743_/X
 _25744_/X
 _25745_/X
 _25746_/X
 _25747_/X
 _25748_/X
 _25749_/X
 _25750_/X
 _25751_/X
 _25752_/X
 _25753_/X
 _25754_/X
 _25755_/X
 _25756_/X
 _25757_/X
 _25758_/Y
 _25759_/X
 _25760_/Y
 _25761_/Y
 _25762_/X
 _25763_/Y
 _25764_/X
 _25765_/X
 _25766_/X
 _25767_/Y
 _25768_/Y
 _25769_/Y
 _25770_/X
 _25771_/Y
 _25772_/Y
 _25773_/X
 _25774_/X
 _25775_/X
 _25776_/X
 _25777_/X
 _25778_/X
 _25779_/X
 _25780_/X
 _25781_/X
 _25782_/X
 _25783_/X
 _25784_/X
 _25785_/X
 _25786_/X
 _25787_/X
 _25788_/X
 _25789_/X
 _25790_/X
 _25791_/X
 _25792_/X
 _25793_/X
 _25794_/X
 _25795_/X
 _25796_/X
 _25797_/X
 _25798_/X
 _25799_/X
 _25800_/X
 _25801_/X
 _25802_/X
 _25803_/X
 _25804_/X
 _25805_/X
 _25806_/X
 _25807_/X
 _25808_/X
 _25809_/X
 _25810_/X
 _25811_/Y
 _25812_/X
 _25813_/X
 _25814_/Y
 _25815_/X
 _25816_/Y
 _25817_/X
 _25818_/Y
 _25819_/Y
 _25820_/Y
 _25821_/Y
 _25822_/Y
 _25823_/X
 _25824_/Y
 _25825_/X
 _25826_/Y
 _25827_/X
 _25828_/Y
 _25829_/X
 _25830_/X
 _25831_/X
 _25832_/X
 _25833_/X
 _25834_/X
 _25835_/X
 _25836_/X
 _25837_/X
 _25838_/X
 _25839_/X
 _25840_/X
 _25841_/X
 _25842_/X
 _25843_/X
 _25844_/X
 _25845_/X
 _25846_/X
 _25847_/X
 _25848_/X
 _25849_/X
 _25850_/X
 _25851_/X
 _25852_/X
 _25853_/X
 _25854_/X
 _25855_/X
 _25856_/X
 _25857_/X
 _25858_/X
 _25859_/X
 _25860_/X
 _25861_/X
 _25862_/Y
 _25863_/X
 _25864_/Y
 _25865_/Y
 _25866_/Y
 _25867_/Y
 _25868_/Y
 _25869_/X
 _25870_/Y
 _25871_/X
 _25872_/X
 _25873_/X
 _25874_/X
 _25875_/X
 _25876_/X
 _25877_/X
 _25878_/X
 _25879_/X
 _25880_/X
 _25881_/X
 _25882_/X
 _25883_/X
 _25884_/X
 _25885_/X
 _25886_/X
 _25887_/X
 _25888_/X
 _25889_/X
 _25890_/X
 _25891_/X
 _25892_/X
 _25893_/X
 _25894_/X
 _25895_/X
 _25896_/X
 _25897_/X
 _25898_/X
 _25899_/X
 _25900_/X
 _25901_/X
 _25902_/X
 _25903_/Y
 _25904_/X
 _25905_/Y
 _25906_/Y
 _25907_/X
 _25908_/Y
 _25909_/X
 _25910_/X
 _25911_/X
 _25912_/Y
 _25913_/Y
 _25914_/Y
 _25915_/Y
 _25916_/Y
 _25917_/X
 _25918_/Y
 _25919_/X
 _25920_/X
 _25921_/X
 _25922_/X
 _25923_/X
 _25924_/X
 _25925_/X
 _25926_/X
 _25927_/X
 _25928_/X
 _25929_/X
 _25930_/X
 _25931_/X
 _25932_/X
 _25933_/X
 _25934_/X
 _25935_/X
 _25936_/X
 _25937_/X
 _25938_/X
 _25939_/X
 _25940_/X
 _25941_/X
 _25942_/X
 _25943_/X
 _25944_/X
 _25945_/X
 _25946_/X
 _25947_/X
 _25948_/X
 _25949_/X
 _25950_/X
 _25951_/Y
 _25952_/X
 _25953_/Y
 _25954_/Y
 _25955_/X
 _25956_/Y
 _25957_/X
 _25958_/X
 _25959_/X
 _25960_/Y
 _25961_/Y
 _25962_/Y
 _25963_/X
 _25964_/Y
 _25965_/Y
 _25966_/X
 _25967_/X
 _25968_/X
 _25969_/X
 _25970_/X
 _25971_/X
 _25972_/X
 _25973_/X
 _25974_/X
 _25975_/X
 _25976_/X
 _25977_/X
 _25978_/X
 _25979_/X
 _25980_/X
 _25981_/X
 _25982_/X
 _25983_/X
 _25984_/X
 _25985_/X
 _25986_/X
 _25987_/X
 _25988_/X
 _25989_/X
 _25990_/X
 _25991_/X
 _25992_/X
 _25993_/X
 _25994_/X
 _25995_/X
 _25996_/X
 _25997_/X
 _25998_/X
 _25999_/X
 _26000_/X
 _26001_/Y
 _26002_/X
 _26003_/Y
 _26004_/Y
 _26005_/X
 _26006_/Y
 _26007_/X
 _26008_/X
 _26009_/Y
 _26010_/Y
 _26011_/Y
 _26012_/Y
 _26013_/X
 _26014_/Y
 _26015_/X
 _26016_/X
 _26017_/X
 _26018_/X
 _26019_/X
 _26020_/X
 _26021_/X
 _26022_/X
 _26023_/X
 _26024_/X
 _26025_/X
 _26026_/X
 _26027_/X
 _26028_/X
 _26029_/X
 _26030_/X
 _26031_/X
 _26032_/X
 _26033_/X
 _26034_/X
 _26035_/X
 _26036_/X
 _26037_/X
 _26038_/X
 _26039_/X
 _26040_/X
 _26041_/X
 _26042_/X
 _26043_/X
 _26044_/X
 _26045_/X
 _26046_/X
 _26047_/Y
 _26048_/X
 _26049_/Y
 _26050_/X
 _26051_/Y
 _26052_/X
 _26053_/X
 _26054_/X
 _26055_/Y
 _26056_/Y
 _26057_/Y
 _26058_/X
 _26059_/Y
 _26060_/Y
 _26061_/X
 _26062_/X
 _26063_/X
 _26064_/X
 _26065_/X
 _26066_/X
 _26067_/X
 _26068_/X
 _26069_/X
 _26070_/X
 _26071_/X
 _26072_/X
 _26073_/X
 _26074_/X
 _26075_/X
 _26076_/X
 _26077_/X
 _26078_/X
 _26079_/X
 _26080_/X
 _26081_/X
 _26082_/X
 _26083_/X
 _26084_/X
 _26085_/X
 _26086_/X
 _26087_/X
 _26088_/X
 _26089_/X
 _26090_/X
 _26091_/X
 _26092_/Y
 _26093_/X
 _26094_/Y
 _26095_/X
 _26096_/X
 _26097_/X
 _26098_/Y
 _26099_/Y
 _26100_/Y
 _26101_/Y
 _26102_/X
 _26103_/Y
 _26104_/X
 _26105_/X
 _26106_/X
 _26107_/X
 _26108_/X
 _26109_/X
 _26110_/X
 _26111_/X
 _26112_/X
 _26113_/X
 _26114_/X
 _26115_/X
 _26116_/X
 _26117_/X
 _26118_/X
 _26119_/X
 _26120_/X
 _26121_/X
 _26122_/X
 _26123_/X
 _26124_/X
 _26125_/X
 _26126_/X
 _26127_/X
 _26128_/X
 _26129_/X
 _26130_/X
 _26131_/X
 _26132_/X
 _26133_/X
 _26134_/X
 _26135_/Y
 _26136_/X
 _26137_/X
 _26138_/X
 _26139_/X
 _26140_/Y
 _26141_/Y
 _26142_/Y
 _26143_/Y
 _26144_/Y
 _26145_/X
 _26146_/X
 _26147_/Y
 _26148_/X
 _26149_/X
 _26150_/X
 _26151_/X
 _26152_/X
 _26153_/X
 _26154_/X
 _26155_/X
 _26156_/X
 _26157_/X
 _26158_/X
 _26159_/X
 _26160_/X
 _26161_/X
 _26162_/X
 _26163_/X
 _26164_/Y
 _26165_/Y
 _26166_/X
 _26167_/X
 _26168_/X
 _26169_/X
 _26170_/X
 _26171_/X
 _26172_/X
 _26173_/X
 _26174_/X
 _26175_/X
 _26176_/Y
 _26177_/X
 _26178_/X
 _26179_/X
 _26180_/X
 _26181_/X
 _26182_/X
 _26183_/X
 _26184_/X
 _26185_/X
 _26186_/X
 _26187_/X
 _26188_/X
 _26189_/X
 _26190_/X
 _26191_/X
 _26192_/Y
 _26193_/X
 _26194_/X
 _26195_/X
 _26196_/X
 _26197_/X
 _26198_/X
 _26199_/X
 _26200_/X
 _26201_/X
 _26202_/X
 _26203_/X
 _26204_/Y
 _26205_/X
 _26206_/Y
 _26207_/X
 _26208_/X
 _26209_/X
 _26210_/X
 _26211_/X
 _26212_/X
 _26213_/X
 _26214_/X
 _26215_/X
 _26216_/X
 _26217_/X
 _26218_/X
 _26219_/X
 _26220_/X
 _26221_/X
 _26222_/Y
 _26223_/X
 _26224_/X
 _26225_/X
 _26226_/X
 _26227_/X
 _26228_/X
 _26229_/X
 _26230_/X
 _26231_/Y
 _26232_/X
 _26233_/X
 _26234_/X
 _26235_/X
 _26236_/X
 _26237_/X
 _26238_/X
 _26239_/X
 _26240_/Y
 _26241_/Y
 _26242_/X
 _26243_/X
 _26244_/X
 _26245_/X
 _26246_/X
 _26247_/X
 _26248_/X
 _26249_/X
 _26250_/Y
 _26251_/X
 _26252_/X
 _26253_/X
 _26254_/X
 _26255_/X
 _26256_/X
 _26257_/X
 _26258_/X
 _26259_/Y
 _26260_/X
 _26261_/X
 _26262_/X
 _26263_/X
 _26264_/X
 _26265_/X
 _26266_/X
 _26267_/X
 _26268_/Y
 _26269_/Y
 _26270_/X
 _26271_/X
 _26272_/X
 _26273_/X
 _26274_/X
 _26275_/X
 _26276_/X
 _26277_/X
 _26278_/Y
 _26279_/X
 _26280_/X
 _26281_/X
 _26282_/X
 _26283_/X
 _26284_/X
 _26285_/X
 _26286_/X
 _26287_/Y
 _26288_/X
 _26289_/X
 _26290_/X
 _26291_/X
 _26292_/X
 _26293_/X
 _26294_/X
 _26295_/X
 _26296_/Y
 _26297_/Y
 _26298_/X
 _26299_/X
 _26300_/X
 _26301_/X
 _26302_/X
 _26303_/X
 _26304_/X
 _26305_/X
 _26306_/Y
 _26307_/X
 _26308_/X
 _26309_/X
 _26310_/X
 _26311_/X
 _26312_/X
 _26313_/X
 _26314_/X
 _26315_/Y
 _26316_/X
 _26317_/X
 _26318_/X
 _26319_/X
 _26320_/X
 _26321_/X
 _26322_/X
 _26323_/X
 _26324_/Y
 _26325_/Y
 _26326_/X
 _26327_/X
 _26328_/X
 _26329_/X
 _26330_/X
 _26331_/X
 _26332_/X
 _26333_/X
 _26334_/Y
 _26335_/X
 _26336_/X
 _26337_/X
 _26338_/X
 _26339_/X
 _26340_/X
 _26341_/X
 _26342_/X
 _26343_/Y
 _26344_/X
 _26345_/X
 _26346_/X
 _26347_/X
 _26348_/X
 _26349_/X
 _26350_/X
 _26351_/X
 _26352_/Y
 _26353_/Y
 _26354_/X
 _26355_/X
 _26356_/X
 _26357_/X
 _26358_/X
 _26359_/X
 _26360_/X
 _26361_/X
 _26362_/Y
 _26363_/X
 _26364_/X
 _26365_/X
 _26366_/X
 _26367_/X
 _26368_/X
 _26369_/X
 _26370_/X
 _26371_/Y
 _26372_/X
 _26373_/X
 _26374_/X
 _26375_/X
 _26376_/X
 _26377_/X
 _26378_/X
 _26379_/X
 _26380_/Y
 _26381_/Y
 _26382_/X
 _26383_/X
 _26384_/X
 _26385_/X
 _26386_/X
 _26387_/X
 _26388_/X
 _26389_/X
 _26390_/Y
 _26391_/X
 _26392_/X
 _26393_/X
 _26394_/X
 _26395_/X
 _26396_/X
 _26397_/X
 _26398_/X
 _26399_/X
 _26400_/X
 _26401_/Y
 _26402_/X
 _26403_/X
 _26404_/X
 _26405_/X
 _26406_/X
 _26407_/X
 _26408_/X
 _26409_/X
 _26410_/X
 _26411_/X
 _26412_/X
 _26413_/X
 _26414_/X
 _26415_/X
 _26416_/X
 _26417_/Y
 _26418_/Y
 _26419_/X
 _26420_/X
 _26421_/X
 _26422_/X
 _26423_/X
 _26424_/X
 _26425_/X
 _26426_/X
 _26427_/X
 _26428_/X
 _26429_/Y
 _26430_/X
 _26431_/X
 _26432_/X
 _26433_/X
 _26434_/X
 _26435_/X
 _26436_/X
 _26437_/X
 _26438_/X
 _26439_/X
 _26440_/X
 _26441_/X
 _26442_/X
 _26443_/X
 _26444_/X
 _26445_/Y
 _26446_/X
 _26447_/X
 _26448_/X
 _26449_/X
 _26450_/X
 _26451_/X
 _26452_/X
 _26453_/X
 _26454_/X
 _26455_/X
 _26456_/Y
 _26457_/X
 _26458_/Y
 _26459_/X
 _26460_/X
 _26461_/X
 _26462_/X
 _26463_/X
 _26464_/X
 _26465_/X
 _26466_/X
 _26467_/X
 _26468_/X
 _26469_/X
 _26470_/X
 _26471_/X
 _26472_/X
 _26473_/X
 _26474_/Y
 _26475_/X
 _26476_/X
 _26477_/X
 _26478_/X
 _26479_/X
 _26480_/X
 _26481_/X
 _26482_/X
 _26483_/Y
 _26484_/X
 _26485_/X
 _26486_/X
 _26487_/X
 _26488_/X
 _26489_/X
 _26490_/X
 _26491_/X
 _26492_/Y
 _26493_/Y
 _26494_/X
 _26495_/X
 _26496_/X
 _26497_/X
 _26498_/X
 _26499_/X
 _26500_/X
 _26501_/X
 _26502_/Y
 _26503_/X
 _26504_/X
 _26505_/X
 _26506_/X
 _26507_/X
 _26508_/X
 _26509_/X
 _26510_/X
 _26511_/Y
 _26512_/X
 _26513_/X
 _26514_/X
 _26515_/X
 _26516_/X
 _26517_/X
 _26518_/X
 _26519_/X
 _26520_/Y
 _26521_/Y
 _26522_/X
 _26523_/X
 _26524_/X
 _26525_/X
 _26526_/X
 _26527_/X
 _26528_/X
 _26529_/X
 _26530_/Y
 _26531_/X
 _26532_/X
 _26533_/X
 _26534_/X
 _26535_/X
 _26536_/X
 _26537_/X
 _26538_/X
 _26539_/Y
 _26540_/X
 _26541_/X
 _26542_/X
 _26543_/X
 _26544_/X
 _26545_/X
 _26546_/X
 _26547_/X
 _26548_/X
 _26549_/Y
 _26550_/Y
 _26551_/X
 _26552_/X
 _26553_/X
 _26554_/X
 _26555_/X
 _26556_/X
 _26557_/X
 _26558_/X
 _26559_/Y
 _26560_/X
 _26561_/X
 _26562_/X
 _26563_/X
 _26564_/X
 _26565_/X
 _26566_/X
 _26567_/X
 _26568_/Y
 _26569_/X
 _26570_/X
 _26571_/X
 _26572_/X
 _26573_/X
 _26574_/X
 _26575_/X
 _26576_/X
 _26577_/X
 _26578_/Y
 _26579_/Y
 _26580_/X
 _26581_/X
 _26582_/X
 _26583_/X
 _26584_/X
 _26585_/X
 _26586_/X
 _26587_/X
 _26588_/Y
 _26589_/X
 _26590_/X
 _26591_/X
 _26592_/X
 _26593_/X
 _26594_/X
 _26595_/X
 _26596_/X
 _26597_/Y
 _26598_/X
 _26599_/X
 _26600_/X
 _26601_/X
 _26602_/X
 _26603_/X
 _26604_/X
 _26605_/X
 _26606_/Y
 _26607_/Y
 _26608_/X
 _26609_/X
 _26610_/X
 _26611_/X
 _26612_/X
 _26613_/X
 _26614_/X
 _26615_/X
 _26616_/Y
 _26617_/X
 _26618_/X
 _26619_/X
 _26620_/X
 _26621_/X
 _26622_/X
 _26623_/X
 _26624_/X
 _26625_/Y
 _26626_/X
 _26627_/X
 _26628_/X
 _26629_/X
 _26630_/X
 _26631_/X
 _26632_/X
 _26633_/X
 _26634_/Y
 _26635_/Y
 _26636_/X
 _26637_/X
 _26638_/X
 _26639_/X
 _26640_/X
 _26641_/X
 _26642_/X
 _26643_/X
 _26644_/Y
 _26645_/X
 _26646_/X
 _26647_/X
 _26648_/X
 _26649_/X
 _26650_/X
 _26651_/X
 _26652_/X
 _26653_/X
 _26654_/X
 _26655_/Y
 _26656_/X
 _26657_/X
 _26658_/X
 _26659_/X
 _26660_/X
 _26661_/X
 _26662_/X
 _26663_/X
 _26664_/X
 _26665_/X
 _26666_/X
 _26667_/X
 _26668_/X
 _26669_/X
 _26670_/X
 _26671_/Y
 _26672_/Y
 _26673_/X
 _26674_/X
 _26675_/X
 _26676_/X
 _26677_/X
 _26678_/X
 _26679_/X
 _26680_/X
 _26681_/X
 _26682_/X
 _26683_/Y
 _26684_/X
 _26685_/X
 _26686_/X
 _26687_/X
 _26688_/X
 _26689_/X
 _26690_/X
 _26691_/X
 _26692_/X
 _26693_/X
 _26694_/X
 _26695_/X
 _26696_/X
 _26697_/X
 _26698_/X
 _26699_/Y
 _26700_/X
 _26701_/X
 _26702_/X
 _26703_/X
 _26704_/X
 _26705_/X
 _26706_/X
 _26707_/X
 _26708_/X
 _26709_/Y
 _26710_/X
 _26711_/Y
 _26712_/X
 _26713_/X
 _26714_/X
 _26715_/X
 _26716_/X
 _26717_/X
 _26718_/X
 _26719_/X
 _26720_/X
 _26721_/X
 _26722_/X
 _26723_/X
 _26724_/X
 _26725_/X
 _26726_/X
 _26727_/Y
 _26728_/X
 _26729_/X
 _26730_/X
 _26731_/X
 _26732_/X
 _26733_/X
 _26734_/X
 _26735_/X
 _26736_/Y
 _26737_/X
 _26738_/X
 _26739_/X
 _26740_/X
 _26741_/X
 _26742_/X
 _26743_/X
 _26744_/X
 _26745_/Y
 _26746_/Y
 _26747_/Y
 _26748_/X
 _26749_/Y
 _26750_/Y
 _26751_/Y
 _26752_/X
 _26753_/X
 _26754_/X
 _26755_/X
 _26756_/X
 _26757_/X
 _26758_/X
 _26759_/X
 _26760_/Y
 _26761_/X
 _26762_/X
 _26763_/X
 _26764_/X
 _26765_/X
 _26766_/X
 _26767_/X
 _26768_/X
 _26769_/Y
 _26770_/X
 _26771_/X
 _26772_/X
 _26773_/X
 _26774_/X
 _26775_/X
 _26776_/X
 _26777_/X
 _26778_/Y
 _26779_/Y
 _26780_/X
 _26781_/X
 _26782_/X
 _26783_/X
 _26784_/X
 _26785_/X
 _26786_/X
 _26787_/X
 _26788_/Y
 _26789_/X
 _26790_/X
 _26791_/X
 _26792_/X
 _26793_/X
 _26794_/X
 _26795_/X
 _26796_/X
 _26797_/Y
 _26798_/X
 _26799_/X
 _26800_/X
 _26801_/X
 _26802_/X
 _26803_/X
 _26804_/X
 _26805_/X
 _26806_/Y
 _26807_/Y
 _26808_/X
 _26809_/X
 _26810_/X
 _26811_/X
 _26812_/X
 _26813_/X
 _26814_/X
 _26815_/X
 _26816_/Y
 _26817_/X
 _26818_/X
 _26819_/X
 _26820_/X
 _26821_/X
 _26822_/X
 _26823_/X
 _26824_/X
 _26825_/Y
 _26826_/X
 _26827_/X
 _26828_/X
 _26829_/X
 _26830_/X
 _26831_/X
 _26832_/X
 _26833_/X
 _26834_/Y
 _26835_/Y
 _26836_/X
 _26837_/X
 _26838_/X
 _26839_/X
 _26840_/X
 _26841_/X
 _26842_/X
 _26843_/X
 _26844_/Y
 _26845_/X
 _26846_/X
 _26847_/X
 _26848_/X
 _26849_/X
 _26850_/X
 _26851_/X
 _26852_/X
 _26853_/Y
 _26854_/X
 _26855_/X
 _26856_/X
 _26857_/X
 _26858_/X
 _26859_/X
 _26860_/X
 _26861_/X
 _26862_/Y
 _26863_/Y
 _26864_/X
 _26865_/X
 _26866_/X
 _26867_/X
 _26868_/X
 _26869_/X
 _26870_/X
 _26871_/X
 _26872_/Y
 _26873_/X
 _26874_/X
 _26875_/X
 _26876_/X
 _26877_/X
 _26878_/X
 _26879_/X
 _26880_/X
 _26881_/Y
 _26882_/X
 _26883_/X
 _26884_/X
 _26885_/X
 _26886_/X
 _26887_/X
 _26888_/X
 _26889_/X
 _26890_/Y
 _26891_/Y
 _26892_/X
 _26893_/X
 _26894_/X
 _26895_/X
 _26896_/X
 _26897_/X
 _26898_/X
 _26899_/X
 _26900_/Y
 _26901_/X
 _26902_/X
 _26903_/X
 _26904_/X
 _26905_/X
 _26906_/X
 _26907_/X
 _26908_/X
 _26909_/X
 _26910_/X
 _26911_/Y
 _26912_/X
 _26913_/X
 _26914_/X
 _26915_/X
 _26916_/X
 _26917_/X
 _26918_/X
 _26919_/X
 _26920_/X
 _26921_/X
 _26922_/X
 _26923_/X
 _26924_/X
 _26925_/X
 _26926_/X
 _26927_/X
 _26928_/Y
 _26929_/Y
 _26930_/X
 _26931_/X
 _26932_/X
 _26933_/X
 _26934_/X
 _26935_/X
 _26936_/X
 _26937_/X
 _26938_/X
 _26939_/X
 _26940_/Y
 _26941_/X
 _26942_/X
 _26943_/X
 _26944_/X
 _26945_/X
 _26946_/X
 _26947_/X
 _26948_/X
 _26949_/X
 _26950_/X
 _26951_/X
 _26952_/X
 _26953_/X
 _26954_/X
 _26955_/X
 _26956_/Y
 _26957_/X
 _26958_/X
 _26959_/X
 _26960_/X
 _26961_/X
 _26962_/X
 _26963_/X
 _26964_/X
 _26965_/X
 _26966_/Y
 _26967_/X
 _26968_/Y
 _26969_/X
 _26970_/X
 _26971_/X
 _26972_/X
 _26973_/X
 _26974_/X
 _26975_/X
 _26976_/X
 _26977_/X
 _26978_/X
 _26979_/X
 _26980_/X
 _26981_/X
 _26982_/X
 _26983_/X
 _26984_/Y
 _26985_/X
 _26986_/X
 _26987_/X
 _26988_/X
 _26989_/X
 _26990_/X
 _26991_/X
 _26992_/X
 _26993_/Y
 _26994_/X
 _26995_/X
 _26996_/X
 _26997_/X
 _26998_/X
 _26999_/X
 _27000_/X
 _27001_/X
 _27002_/Y
 _27003_/Y
 _27004_/X
 _27005_/X
 _27006_/X
 _27007_/X
 _27008_/X
 _27009_/X
 _27010_/X
 _27011_/X
 _27012_/Y
 _27013_/X
 _27014_/X
 _27015_/X
 _27016_/X
 _27017_/X
 _27018_/X
 _27019_/X
 _27020_/X
 _27021_/Y
 _27022_/X
 _27023_/X
 _27024_/X
 _27025_/X
 _27026_/X
 _27027_/X
 _27028_/X
 _27029_/X
 _27030_/Y
 _27031_/Y
 _27032_/X
 _27033_/X
 _27034_/X
 _27035_/X
 _27036_/X
 _27037_/X
 _27038_/X
 _27039_/X
 _27040_/Y
 _27041_/X
 _27042_/X
 _27043_/X
 _27044_/X
 _27045_/X
 _27046_/X
 _27047_/X
 _27048_/X
 _27049_/X
 _27050_/X
 _27051_/X
 _27052_/X
 _27053_/Y
 _27054_/X
 _27055_/X
 _27056_/X
 _27057_/X
 _27058_/X
 _27059_/X
 _27060_/X
 _27061_/X
 _27062_/X
 _27063_/X
 _27064_/X
 _27065_/X
 _27066_/X
 _27067_/X
 _27068_/X
 _27069_/Y
 _27070_/X
 _27071_/X
 _27072_/X
 _27073_/X
 _27074_/X
 _27075_/X
 _27076_/X
 _27077_/X
 _27078_/Y
 _27079_/Y
 _27080_/X
 _27081_/X
 _27082_/X
 _27083_/X
 _27084_/X
 _27085_/X
 _27086_/X
 _27087_/X
 _27088_/Y
 _27089_/Y
 _27090_/X
 _27091_/X
 _27092_/X
 _27093_/X
 _27094_/X
 _27095_/X
 _27096_/X
 _27097_/X
 _27098_/Y
 _27099_/X
 _27100_/X
 _27101_/X
 _27102_/X
 _27103_/X
 _27104_/X
 _27105_/X
 _27106_/X
 _27107_/Y
 _27108_/X
 _27109_/X
 _27110_/X
 _27111_/X
 _27112_/X
 _27113_/X
 _27114_/X
 _27115_/X
 _27116_/Y
 _27117_/X
 _27118_/X
 _27119_/X
 _27120_/X
 _27121_/X
 _27122_/X
 _27123_/X
 _27124_/X
 _27125_/Y
 _27126_/X
 _27127_/X
 _27128_/X
 _27129_/X
 _27130_/X
 _27131_/X
 _27132_/X
 _27133_/X
 _27134_/X
 _27135_/X
 _27136_/Y
 _27137_/X
 _27138_/X
 _27139_/X
 _27140_/X
 _27141_/X
 _27142_/X
 _27143_/X
 _27144_/X
 _27145_/X
 _27146_/X
 _27147_/X
 _27148_/X
 _27149_/X
 _27150_/X
 _27151_/X
 _27152_/Y
 _27153_/X
 _27154_/X
 _27155_/X
 _27156_/X
 _27157_/X
 _27158_/X
 _27159_/X
 _27160_/X
 _27161_/Y
 _27162_/Y
 _27163_/X
 _27164_/X
 _27165_/X
 _27166_/X
 _27167_/X
 _27168_/X
 _27169_/X
 _27170_/X
 _27171_/Y
 _27172_/Y
 _27173_/X
 _27174_/X
 _27175_/X
 _27176_/X
 _27177_/X
 _27178_/X
 _27179_/X
 _27180_/X
 _27181_/Y
 _27182_/Y
 _27183_/X
 _27184_/X
 _27185_/X
 _27186_/X
 _27187_/X
 _27188_/X
 _27189_/X
 _27190_/X
 _27191_/Y
 _27192_/Y
 _27193_/X
 _27194_/X
 _27195_/X
 _27196_/X
 _27197_/X
 _27198_/X
 _27199_/X
 _27200_/X
 _27201_/Y
 _27202_/Y
 _27203_/X
 _27204_/X
 _27205_/X
 _27206_/X
 _27207_/X
 _27208_/X
 _27209_/X
 _27210_/X
 _27211_/Y
 _27212_/Y
 _27213_/X
 _27214_/X
 _27215_/X
 _27216_/X
 _27217_/X
 _27218_/X
 _27219_/X
 _27220_/X
 _27221_/X
 _27222_/Y
 _27223_/X
 _27224_/Y
 _27225_/X
 _27226_/X
 _27227_/X
 _27228_/X
 _27229_/X
 _27230_/X
 _27231_/X
 _27232_/X
 _27233_/X
 _27234_/X
 _27235_/X
 _27236_/X
 _27237_/X
 _27238_/X
 _27239_/X
 _27240_/Y
 _27241_/Y
 _27242_/X
 _27243_/X
 _27244_/X
 _27245_/X
 _27246_/X
 _27247_/X
 _27248_/X
 _27249_/X
 _27250_/Y
 _27251_/Y
 _27252_/X
 _27253_/X
 _27254_/X
 _27255_/X
 _27256_/X
 _27257_/X
 _27258_/X
 _27259_/X
 _27260_/Y
 _27261_/Y
 _27262_/X
 _27263_/X
 _27264_/X
 _27265_/X
 _27266_/X
 _27267_/X
 _27268_/X
 _27269_/X
 _27270_/Y
 _27271_/Y
 _27272_/X
 _27273_/X
 _27274_/X
 _27275_/X
 _27276_/X
 _27277_/X
 _27278_/X
 _27279_/X
 _27280_/Y
 _27281_/Y
 _27282_/X
 _27283_/X
 _27284_/X
 _27285_/X
 _27286_/X
 _27287_/X
 _27288_/X
 _27289_/X
 _27290_/Y
 _27291_/X
 _27292_/X
 _27293_/X
 _27294_/X
 _27295_/X
 _27296_/X
 _27297_/X
 _27298_/X
 _27299_/Y
 _27300_/X
 _27301_/X
 _27302_/X
 _27303_/X
 _27304_/X
 _27305_/X
 _27306_/X
 _27307_/X
 _27308_/X
 _27309_/X
 _27310_/Y
 _27311_/X
 _27312_/X
 _27313_/X
 _27314_/X
 _27315_/X
 _27316_/X
 _27317_/X
 _27318_/X
 _27319_/X
 _27320_/X
 _27321_/X
 _27322_/X
 _27323_/X
 _27324_/X
 _27325_/X
 _27326_/Y
 _27327_/X
 _27328_/X
 _27329_/X
 _27330_/X
 _27331_/X
 _27332_/X
 _27333_/X
 _27334_/X
 _27335_/Y
 _27336_/X
 _27337_/X
 _27338_/X
 _27339_/X
 _27340_/X
 _27341_/X
 _27342_/X
 _27343_/X
 _27344_/Y
 _27345_/X
 _27346_/X
 _27347_/X
 _27348_/X
 _27349_/X
 _27350_/X
 _27351_/X
 _27352_/X
 _27353_/Y
 _27354_/X
 _27355_/X
 _27356_/X
 _27357_/X
 _27358_/X
 _27359_/X
 _27360_/X
 _27361_/X
 _27362_/Y
 _27363_/X
 _27364_/X
 _27365_/X
 _27366_/X
 _27367_/X
 _27368_/X
 _27369_/X
 _27370_/X
 _27371_/Y
 _27372_/X
 _27373_/X
 _27374_/X
 _27375_/X
 _27376_/X
 _27377_/X
 _27378_/X
 _27379_/X
 _27380_/Y
 _27381_/X
 _27382_/X
 _27383_/X
 _27384_/X
 _27385_/X
 _27386_/X
 _27387_/X
 _27388_/X
 _27389_/X
 _27390_/Y
 _27391_/X
 _27392_/Y
 _27393_/X
 _27394_/X
 _27395_/X
 _27396_/X
 _27397_/X
 _27398_/X
 _27399_/X
 _27400_/X
 _27401_/X
 _27402_/X
 _27403_/X
 _27404_/X
 _27405_/X
 _27406_/X
 _27407_/X
 _27408_/Y
 _27409_/Y
 _27410_/X
 _27411_/X
 _27412_/X
 _27413_/X
 _27414_/X
 _27415_/X
 _27416_/X
 _27417_/X
 _27418_/Y
 _27419_/Y
 _27420_/X
 _27421_/X
 _27422_/X
 _27423_/X
 _27424_/X
 _27425_/X
 _27426_/X
 _27427_/X
 _27428_/Y
 _27429_/Y
 _27430_/X
 _27431_/X
 _27432_/X
 _27433_/X
 _27434_/X
 _27435_/X
 _27436_/X
 _27437_/X
 _27438_/Y
 _27439_/X
 _27440_/X
 _27441_/X
 _27442_/X
 _27443_/X
 _27444_/X
 _27445_/X
 _27446_/X
 _27447_/Y
 _27448_/X
 _27449_/X
 _27450_/X
 _27451_/X
 _27452_/X
 _27453_/X
 _27454_/X
 _27455_/X
 _27456_/Y
 _27457_/X
 _27458_/X
 _27459_/X
 _27460_/X
 _27461_/X
 _27462_/X
 _27463_/X
 _27464_/X
 _27465_/Y
 _27466_/X
 _27467_/X
 _27468_/X
 _27469_/X
 _27470_/X
 _27471_/X
 _27472_/X
 _27473_/X
 _27474_/X
 _27475_/X
 _27476_/Y
 _27477_/X
 _27478_/X
 _27479_/X
 _27480_/X
 _27481_/X
 _27482_/X
 _27483_/X
 _27484_/X
 _27485_/X
 _27486_/X
 _27487_/X
 _27488_/X
 _27489_/X
 _27490_/X
 _27491_/X
 _27492_/Y
 _27493_/X
 _27494_/X
 _27495_/X
 _27496_/X
 _27497_/X
 _27498_/X
 _27499_/X
 _27500_/X
 _27501_/Y
 _27502_/X
 _27503_/X
 _27504_/X
 _27505_/X
 _27506_/X
 _27507_/X
 _27508_/X
 _27509_/X
 _27510_/Y
 _27511_/X
 _27512_/X
 _27513_/X
 _27514_/X
 _27515_/X
 _27516_/X
 _27517_/X
 _27518_/X
 _27519_/Y
 _27520_/X
 _27521_/X
 _27522_/X
 _27523_/X
 _27524_/X
 _27525_/X
 _27526_/X
 _27527_/X
 _27528_/Y
 _27529_/X
 _27530_/X
 _27531_/X
 _27532_/X
 _27533_/X
 _27534_/X
 _27535_/X
 _27536_/X
 _27537_/Y
 _27538_/X
 _27539_/X
 _27540_/X
 _27541_/X
 _27542_/X
 _27543_/X
 _27544_/X
 _27545_/X
 _27546_/Y
 _27547_/X
 _27548_/X
 _27549_/X
 _27550_/X
 _27551_/X
 _27552_/X
 _27553_/X
 _27554_/X
 _27555_/X
 _27556_/X
 _27557_/Y
 _27558_/X
 _27559_/X
 _27560_/X
 _27561_/X
 _27562_/X
 _27563_/X
 _27564_/X
 _27565_/X
 _27566_/X
 _27567_/X
 _27568_/X
 _27569_/X
 _27570_/X
 _27571_/X
 _27572_/X
 _27573_/Y
 _27574_/X
 _27575_/X
 _27576_/X
 _27577_/X
 _27578_/X
 _27579_/X
 _27580_/X
 _27581_/X
 _27582_/Y
 _27583_/X
 _27584_/X
 _27585_/X
 _27586_/X
 _27587_/X
 _27588_/X
 _27589_/X
 _27590_/X
 _27591_/Y
 _27592_/X
 _27593_/X
 _27594_/X
 _27595_/X
 _27596_/X
 _27597_/X
 _27598_/X
 _27599_/X
 _27600_/Y
 _27601_/X
 _27602_/X
 _27603_/X
 _27604_/X
 _27605_/X
 _27606_/X
 _27607_/X
 _27608_/X
 _27609_/Y
 _27610_/X
 _27611_/X
 _27612_/X
 _27613_/X
 _27614_/X
 _27615_/X
 _27616_/X
 _27617_/X
 _27618_/Y
 _27619_/X
 _27620_/X
 _27621_/X
 _27622_/X
 _27623_/X
 _27624_/X
 _27625_/X
 _27626_/X
 _27627_/Y
 _27628_/X
 _27629_/X
 _27630_/X
 _27631_/X
 _27632_/X
 _27633_/X
 _27634_/X
 _27635_/X
 _27636_/X
 _27637_/X
 _27638_/Y
 _27639_/X
 _27640_/X
 _27641_/X
 _27642_/X
 _27643_/X
 _27644_/X
 _27645_/X
 _27646_/X
 _27647_/X
 _27648_/X
 _27649_/X
 _27650_/X
 _27651_/X
 _27652_/X
 _27653_/X
 _27654_/Y
 _27655_/X
 _27656_/X
 _27657_/X
 _27658_/X
 _27659_/X
 _27660_/X
 _27661_/X
 _27662_/X
 _27663_/Y
 _27664_/X
 _27665_/X
 _27666_/X
 _27667_/X
 _27668_/X
 _27669_/X
 _27670_/X
 _27671_/X
 _27672_/Y
 _27673_/X
 _27674_/X
 _27675_/X
 _27676_/X
 _27677_/X
 _27678_/X
 _27679_/X
 _27680_/X
 _27681_/Y
 _27682_/X
 _27683_/X
 _27684_/X
 _27685_/X
 _27686_/X
 _27687_/X
 _27688_/X
 _27689_/X
 _27690_/Y
 _27691_/X
 _27692_/X
 _27693_/X
 _27694_/X
 _27695_/X
 _27696_/X
 _27697_/X
 _27698_/X
 _27699_/Y
 _27700_/X
 _27701_/X
 _27702_/X
 _27703_/X
 _27704_/X
 _27705_/X
 _27706_/X
 _27707_/X
 _27708_/Y
 _27709_/Y
 _27710_/Y
 _27711_/Y
 _27712_/Y
 _27713_/Y
 _27714_/Y
 _27715_/X
 _27716_/Y
 _27717_/Y
 _27718_/Y
 _27719_/Y
 _27720_/Y
 _27721_/Y
 _27722_/Y
 _27723_/Y
 _27724_/X
 _27725_/Y
 _27726_/Y
 _27727_/Y
 _27728_/Y
 _27729_/Y
 _27730_/Y
 _27731_/Y
 _27732_/Y
 _27733_/X
 _27734_/Y
 _27735_/Y
 _27736_/Y
 _27737_/Y
 _27738_/Y
 _27739_/Y
 _27740_/Y
 _27741_/Y
 _27742_/X
 _27743_/X
 _27744_/Y
 _27745_/Y
 _27746_/Y
 _27747_/Y
 _27748_/Y
 _27749_/Y
 _27750_/Y
 _27751_/Y
 _27752_/X
 _27753_/Y
 _27754_/Y
 _27755_/Y
 _27756_/Y
 _27757_/Y
 _27758_/Y
 _27759_/Y
 _27760_/Y
 _27761_/X
 _27762_/Y
 _27763_/Y
 _27764_/Y
 _27765_/Y
 _27766_/Y
 _27767_/Y
 _27768_/Y
 _27769_/Y
 _27770_/X
 _27771_/Y
 _27772_/Y
 _27773_/Y
 _27774_/Y
 _27775_/Y
 _27776_/Y
 _27777_/Y
 _27778_/Y
 _27779_/X
 _27780_/Y
 _27781_/Y
 _27782_/Y
 _27783_/Y
 _27784_/Y
 _27785_/Y
 _27786_/Y
 _27787_/Y
 _27788_/X
 _27789_/Y
 _27790_/Y
 _27791_/Y
 _27792_/X
 _27793_/X
 _27794_/X
 _27795_/X
 _27796_/X
 _27797_/X
 _27798_/X
 _27799_/X
 _27800_/X
 _27801_/Y
 _27802_/X
 _27803_/X
 _27804_/X
 _27805_/X
 _27806_/X
 _27807_/X
 _27808_/X
 _27809_/Y
 _27810_/X
 _27811_/X
 _27812_/X
 _27813_/X
 _27814_/X
 _27815_/X
 _27816_/X
 _27817_/X
 _27818_/X
 _27819_/X
 _27820_/X
 _27821_/X
 _27822_/X
 _27823_/X
 _27824_/X
 _27825_/X
 _27826_/X
 _27827_/X
 _27828_/X
 _27829_/X
 _27830_/X
 _27831_/X
 _27832_/X
 _27833_/X
 _27834_/X
 _27835_/X
 _27836_/X
 _27837_/X
 _27838_/Y
 _27839_/X
 _27840_/X
 _27841_/X
 _27842_/X
 _27843_/X
 _27844_/X
 _27845_/X
 _27846_/X
 _27847_/Y
 _27848_/X
 _27849_/X
 _27850_/X
 _27851_/X
 _27852_/X
 _27853_/X
 _27854_/X
 _27855_/X
 _27856_/Y
 _27857_/X
 _27858_/X
 _27859_/X
 _27860_/X
 _27861_/X
 _27862_/X
 _27863_/X
 _27864_/X
 _27865_/X
 _27866_/Y
 _27867_/X
 _27868_/X
 _27869_/X
 _27870_/X
 _27871_/X
 _27872_/X
 _27873_/X
 _27874_/X
 _27875_/X
 _27876_/X
 _27877_/X
 _27878_/X
 _27879_/X
 _27880_/Y
 _27881_/X
 _27882_/X
 _27883_/X
 _27884_/X
 _27885_/X
 _27886_/X
 _27887_/X
 _27888_/X
 _27889_/X
 _27890_/X
 _27891_/X
 _27892_/X
 _27893_/X
 _27894_/X
 _27895_/X
 _27896_/X
 _27897_/X
 _27898_/X
 _27899_/X
 _27900_/X
 _27901_/X
 _27902_/X
 _27903_/X
 _27904_/X
 _27905_/X
 _27906_/X
 _27907_/X
 _27908_/X
 _27909_/X
 _27910_/X
 _27911_/X
 _27912_/X
 _27913_/X
 _27914_/X
 _27915_/X
 _27916_/X
 _27917_/X
 _27918_/X
 _27919_/X
 _27920_/X
 _27921_/X
 _27922_/X
 _27923_/X
 _27924_/X
 _27925_/X
 _27926_/X
 _27927_/X
 _27928_/X
 _27929_/X
 _27930_/X
 _27931_/X
 _27932_/X
 _27933_/Y
 _27934_/X
 _27935_/X
 _27936_/X
 _27937_/X
 _27938_/X
 _27939_/X
 _27940_/X
 _27941_/X
 _27942_/Y
 _27943_/X
 _27944_/X
 _27945_/X
 _27946_/X
 _27947_/X
 _27948_/X
 _27949_/X
 _27950_/X
 _27951_/Y
 _27952_/X
 _27953_/X
 _27954_/X
 _27955_/X
 _27956_/X
 _27957_/X
 _27958_/X
 _27959_/Y
 _27960_/X
 _27961_/X
 _27962_/X
 _27963_/X
 _27964_/X
 _27965_/X
 _27966_/X
 _27967_/X
 _27968_/X
 _27969_/X
 _27970_/X
 _27971_/X
 _27972_/X
 _27973_/X
 _27974_/X
 _27975_/X
 _27976_/X
 _27977_/X
 _27978_/X
 _27979_/X
 _27980_/X
 _27981_/X
 _27982_/X
 _27983_/X
 _27984_/X
 _27985_/X
 _27986_/X
 _27987_/X
 _27988_/Y
 _27989_/X
 _27990_/X
 _27991_/X
 _27992_/X
 _27993_/X
 _27994_/X
 _27995_/X
 _27996_/X
 _27997_/Y
 _27998_/X
 _27999_/X
 _28000_/X
 _28001_/X
 _28002_/X
 _28003_/X
 _28004_/X
 _28005_/X
 _28006_/Y
 _28007_/X
 _28008_/X
 _28009_/X
 _28010_/X
 _28011_/X
 _28012_/X
 _28013_/X
 _28014_/Y
 _28015_/X
 _28016_/X
 _28017_/X
 _28018_/X
 _28019_/X
 _28020_/X
 _28021_/X
 _28022_/X
 _28023_/X
 _28024_/X
 _28025_/X
 _28026_/X
 _28027_/X
 _28028_/X
 _28029_/X
 _28030_/X
 _28031_/X
 _28032_/X
 _28033_/X
 _28034_/X
 _28035_/X
 _28036_/X
 _28037_/X
 _28038_/X
 _28039_/X
 _28040_/X
 _28041_/X
 _28042_/X
 _28043_/Y
 _28044_/X
 _28045_/X
 _28046_/X
 _28047_/X
 _28048_/X
 _28049_/X
 _28050_/X
 _28051_/X
 _28052_/Y
 _28053_/X
 _28054_/X
 _28055_/X
 _28056_/X
 _28057_/X
 _28058_/X
 _28059_/X
 _28060_/X
 _28061_/X
 _28062_/X
 _28063_/Y
 _28064_/X
 _28065_/X
 _28066_/X
 _28067_/X
 _28068_/X
 _28069_/X
 _28070_/X
 _28071_/Y
 _28072_/X
 _28073_/X
 _28074_/X
 _28075_/X
 _28076_/X
 _28077_/X
 _28078_/X
 _28079_/X
 _28080_/X
 _28081_/X
 _28082_/X
 _28083_/X
 _28084_/X
 _28085_/X
 _28086_/X
 _28087_/X
 _28088_/X
 _28089_/X
 _28090_/X
 _28091_/X
 _28092_/X
 _28093_/X
 _28094_/X
 _28095_/X
 _28096_/X
 _28097_/X
 _28098_/X
 _28099_/X
 _28100_/Y
 _28101_/X
 _28102_/X
 _28103_/X
 _28104_/X
 _28105_/X
 _28106_/X
 _28107_/X
 _28108_/X
 _28109_/Y
 _28110_/X
 _28111_/X
 _28112_/X
 _28113_/X
 _28114_/X
 _28115_/X
 _28116_/X
 _28117_/X
 _28118_/Y
 _28119_/X
 _28120_/X
 _28121_/X
 _28122_/X
 _28123_/X
 _28124_/X
 _28125_/X
 _28126_/X
 _28127_/Y
 _28128_/X
 _28129_/X
 _28130_/X
 _28131_/X
 _28132_/X
 _28133_/X
 _28134_/X
 _28135_/Y
 _28136_/X
 _28137_/X
 _28138_/X
 _28139_/X
 _28140_/X
 _28141_/X
 _28142_/X
 _28143_/X
 _28144_/X
 _28145_/X
 _28146_/X
 _28147_/X
 _28148_/X
 _28149_/X
 _28150_/X
 _28151_/X
 _28152_/X
 _28153_/X
 _28154_/X
 _28155_/X
 _28156_/X
 _28157_/X
 _28158_/X
 _28159_/X
 _28160_/X
 _28161_/X
 _28162_/X
 _28163_/X
 _28164_/X
 _28165_/X
 _28166_/Y
 _28167_/X
 _28168_/X
 _28169_/X
 _28170_/X
 _28171_/X
 _28172_/X
 _28173_/X
 _28174_/X
 _28175_/X
 _28176_/X
 _28177_/X
 _28178_/X
 _28179_/X
 _28180_/X
 _28181_/X
 _28182_/X
 _28183_/X
 _28184_/Y
 _28185_/X
 _28186_/X
 _28187_/X
 _28188_/X
 _28189_/X
 _28190_/X
 _28191_/X
 _28192_/X
 _28193_/X
 _28194_/X
 _28195_/X
 _28196_/X
 _28197_/X
 _28198_/X
 _28199_/X
 _28200_/Y
 _28201_/X
 _28202_/X
 _28203_/X
 _28204_/X
 _28205_/X
 _28206_/X
 _28207_/X
 _28208_/X
 _28209_/X
 _28210_/X
 _28211_/X
 _28212_/X
 _28213_/X
 _28214_/X
 _28215_/X
 _28216_/X
 _28217_/X
 _28218_/X
 _28219_/X
 _28220_/X
 _28221_/X
 _28222_/X
 _28223_/X
 _28224_/X
 _28225_/X
 _28226_/X
 _28227_/X
 _28228_/X
 _28229_/X
 _28230_/X
 _28231_/X
 _28232_/X
 _28233_/X
 _28234_/X
 _28235_/X
 _28236_/X
 _28237_/X
 _28238_/X
 _28239_/Y
 _28240_/X
 _28241_/X
 _28242_/X
 _28243_/X
 _28244_/X
 _28245_/X
 _28246_/X
 _28247_/X
 _28248_/X
 _28249_/X
 _28250_/X
 _28251_/X
 _28252_/X
 _28253_/X
 _28254_/X
 _28255_/Y
 _28256_/X
 _28257_/X
 _28258_/X
 _28259_/X
 _28260_/X
 _28261_/X
 _28262_/X
 _28263_/X
 _28264_/Y
 _28265_/X
 _28266_/X
 _28267_/X
 _28268_/X
 _28269_/X
 _28270_/X
 _28271_/X
 _28272_/Y
 _28273_/X
 _28274_/X
 _28275_/X
 _28276_/X
 _28277_/X
 _28278_/X
 _28279_/X
 _28280_/X
 _28281_/X
 _28282_/X
 _28283_/X
 _28284_/X
 _28285_/X
 _28286_/X
 _28287_/X
 _28288_/X
 _28289_/X
 _28290_/X
 _28291_/X
 _28292_/X
 _28293_/X
 _28294_/X
 _28295_/X
 _28296_/X
 _28297_/X
 _28298_/X
 _28299_/X
 _28300_/X
 _28301_/Y
 _28302_/X
 _28303_/X
 _28304_/X
 _28305_/X
 _28306_/X
 _28307_/X
 _28308_/X
 _28309_/X
 _28310_/Y
 _28311_/X
 _28312_/X
 _28313_/X
 _28314_/X
 _28315_/X
 _28316_/X
 _28317_/X
 _28318_/X
 _28319_/Y
 _28320_/X
 _28321_/X
 _28322_/X
 _28323_/X
 _28324_/X
 _28325_/X
 _28326_/X
 _28327_/X
 _28328_/X
 _28329_/X
 _28330_/X
 _28331_/X
 _28332_/X
 _28333_/X
 _28334_/X
 _28335_/X
 _28336_/X
 _28337_/X
 _28338_/X
 _28339_/X
 _28340_/X
 _28341_/X
 _28342_/X
 _28343_/X
 _28344_/X
 _28345_/X
 _28346_/X
 _28347_/X
 _28348_/X
 _28349_/X
 _28350_/X
 _28351_/X
 _28352_/X
 _28353_/X
 _28354_/X
 _28355_/X
 _28356_/Y
 _28357_/X
 _28358_/X
 _28359_/X
 _28360_/X
 _28361_/X
 _28362_/X
 _28363_/X
 _28364_/X
 _28365_/Y
 _28366_/X
 _28367_/X
 _28368_/X
 _28369_/X
 _28370_/X
 _28371_/X
 _28372_/X
 _28373_/X
 _28374_/Y
 _28375_/X
 _28376_/X
 _28377_/X
 _28378_/X
 _28379_/X
 _28380_/X
 _28381_/X
 _28382_/X
 _28383_/X
 _28384_/X
 _28385_/X
 _28386_/X
 _28387_/X
 _28388_/X
 _28389_/X
 _28390_/X
 _28391_/X
 _28392_/X
 _28393_/Y
 _28394_/X
 _28395_/X
 _28396_/X
 _28397_/X
 _28398_/X
 _28399_/X
 _28400_/X
 _28401_/X
 _28402_/X
 _28403_/X
 _28404_/X
 _28405_/X
 _28406_/X
 _28407_/X
 _28408_/X
 _28409_/X
 _28410_/X
 _28411_/X
 _28412_/X
 _28413_/X
 _28414_/X
 _28415_/X
 _28416_/X
 _28417_/X
 _28418_/X
 _28419_/X
 _28420_/X
 _28421_/Y
 _28422_/X
 _28423_/X
 _28424_/X
 _28425_/X
 _28426_/X
 _28427_/X
 _28428_/X
 _28429_/X
 _28430_/Y
 _28431_/X
 _28432_/X
 _28433_/X
 _28434_/X
 _28435_/X
 _28436_/X
 _28437_/X
 _28438_/X
 _28439_/Y
 _28440_/X
 _28441_/X
 _28442_/X
 _28443_/X
 _28444_/X
 _28445_/X
 _28446_/X
 _28447_/Y
 _28448_/X
 _28449_/X
 _28450_/X
 _28451_/X
 _28452_/X
 _28453_/X
 _28454_/X
 _28455_/X
 _28456_/X
 _28457_/X
 _28458_/X
 _28459_/X
 _28460_/X
 _28461_/X
 _28462_/X
 _28463_/X
 _28464_/X
 _28465_/X
 _28466_/X
 _28467_/X
 _28468_/X
 _28469_/X
 _28470_/X
 _28471_/X
 _28472_/X
 _28473_/X
 _28474_/X
 _28475_/X
 _28476_/Y
 _28477_/X
 _28478_/X
 _28479_/X
 _28480_/X
 _28481_/X
 _28482_/X
 _28483_/X
 _28484_/X
 _28485_/Y
 _28486_/X
 _28487_/X
 _28488_/X
 _28489_/X
 _28490_/X
 _28491_/X
 _28492_/X
 _28493_/X
 _28494_/Y
 _28495_/X
 _28496_/X
 _28497_/X
 _28498_/X
 _28499_/X
 _28500_/X
 _28501_/X
 _28502_/X
 _28503_/Y
 _28504_/X
 _28505_/X
 _28506_/X
 _28507_/X
 _28508_/X
 _28509_/X
 _28510_/X
 _28511_/X
 _28512_/Y
 _28513_/X
 _28514_/X
 _28515_/X
 _28516_/X
 _28517_/X
 _28518_/X
 _28519_/X
 _28520_/X
 _28521_/Y
 _28522_/X
 _28523_/X
 _28524_/X
 _28525_/X
 _28526_/X
 _28527_/X
 _28528_/X
 _28529_/X
 _28530_/Y
 _28531_/X
 _28532_/X
 _28533_/X
 _28534_/X
 _28535_/X
 _28536_/X
 _28537_/X
 _28538_/X
 _28539_/Y
 _28540_/X
 _28541_/X
 _28542_/X
 _28543_/X
 _28544_/X
 _28545_/X
 _28546_/X
 _28547_/X
 _28548_/Y
 _28549_/X
 _28550_/X
 _28551_/X
 _28552_/X
 _28553_/X
 _28554_/X
 _28555_/X
 _28556_/X
 _28557_/Y
 _28558_/X
 _28559_/X
 _28560_/X
 _28561_/X
 _28562_/X
 _28563_/X
 _28564_/X
 _28565_/X
 _28566_/Y
 _28567_/X
 _28568_/X
 _28569_/X
 _28570_/X
 _28571_/X
 _28572_/X
 _28573_/X
 _28574_/X
 _28575_/Y
 _28576_/X
 _28577_/X
 _28578_/X
 _28579_/X
 _28580_/X
 _28581_/X
 _28582_/X
 _28583_/X
 _28584_/X
 _28585_/X
 _28586_/Y
 _28587_/X
 _28588_/X
 _28589_/X
 _28590_/X
 _28591_/X
 _28592_/X
 _28593_/X
 _28594_/X
 _28595_/X
 _28596_/X
 _28597_/X
 _28598_/X
 _28599_/X
 _28600_/X
 _28601_/X
 _28602_/Y
 _28603_/X
 _28604_/X
 _28605_/X
 _28606_/X
 _28607_/X
 _28608_/X
 _28609_/X
 _28610_/X
 _28611_/X
 _28612_/X
 _28613_/Y
 _28614_/X
 _28615_/X
 _28616_/X
 _28617_/X
 _28618_/X
 _28619_/X
 _28620_/X
 _28621_/X
 _28622_/X
 _28623_/X
 _28624_/X
 _28625_/X
 _28626_/X
 _28627_/X
 _28628_/X
 _28629_/Y
 _28630_/X
 _28631_/X
 _28632_/X
 _28633_/X
 _28634_/X
 _28635_/X
 _28636_/X
 _28637_/X
 _28638_/X
 _28639_/X
 _28640_/Y
 _28641_/X
 _28642_/X
 _28643_/X
 _28644_/X
 _28645_/X
 _28646_/X
 _28647_/X
 _28648_/X
 _28649_/X
 _28650_/X
 _28651_/X
 _28652_/X
 _28653_/X
 _28654_/X
 _28655_/X
 _28656_/Y
 _28657_/X
 _28658_/X
 _28659_/X
 _28660_/X
 _28661_/X
 _28662_/X
 _28663_/X
 _28664_/X
 _28665_/Y
 _28666_/X
 _28667_/X
 _28668_/X
 _28669_/X
 _28670_/X
 _28671_/X
 _28672_/X
 _28673_/X
 _28674_/Y
 _28675_/X
 _28676_/X
 _28677_/X
 _28678_/X
 _28679_/X
 _28680_/X
 _28681_/X
 _28682_/X
 _28683_/Y
 _28684_/X
 _28685_/X
 _28686_/X
 _28687_/X
 _28688_/X
 _28689_/X
 _28690_/X
 _28691_/X
 _28692_/Y
 _28693_/X
 _28694_/X
 _28695_/X
 _28696_/X
 _28697_/X
 _28698_/X
 _28699_/X
 _28700_/X
 _28701_/Y
 _28702_/X
 _28703_/X
 _28704_/X
 _28705_/X
 _28706_/X
 _28707_/X
 _28708_/X
 _28709_/X
 _28710_/Y
 _28711_/X
 _28712_/X
 _28713_/X
 _28714_/X
 _28715_/X
 _28716_/X
 _28717_/X
 _28718_/X
 _28719_/Y
 _28720_/X
 _28721_/X
 _28722_/X
 _28723_/X
 _28724_/X
 _28725_/X
 _28726_/X
 _28727_/X
 _28728_/Y
 _28729_/X
 _28730_/X
 _28731_/X
 _28732_/X
 _28733_/X
 _28734_/X
 _28735_/X
 _28736_/X
 _28737_/Y
 _28738_/X
 _28739_/X
 _28740_/X
 _28741_/X
 _28742_/X
 _28743_/X
 _28744_/X
 _28745_/X
 _28746_/Y
 _28747_/X
 _28748_/X
 _28749_/X
 _28750_/X
 _28751_/X
 _28752_/X
 _28753_/X
 _28754_/X
 _28755_/Y
 _28756_/X
 _28757_/X
 _28758_/X
 _28759_/X
 _28760_/X
 _28761_/X
 _28762_/X
 _28763_/X
 _28764_/Y
 _28765_/X
 _28766_/X
 _28767_/X
 _28768_/X
 _28769_/X
 _28770_/X
 _28771_/X
 _28772_/Y
 _28773_/X
 _28774_/X
 _28775_/X
 _28776_/X
 _28777_/X
 _28778_/X
 _28779_/X
 _28780_/X
 _28781_/X
 _28782_/X
 _28783_/X
 _28784_/X
 _28785_/X
 _28786_/X
 _28787_/X
 _28788_/X
 _28789_/X
 _28790_/X
 _28791_/X
 _28792_/X
 _28793_/X
 _28794_/X
 _28795_/X
 _28796_/X
 _28797_/X
 _28798_/X
 _28799_/X
 _28800_/X
 _28801_/Y
 _28802_/X
 _28803_/X
 _28804_/X
 _28805_/X
 _28806_/X
 _28807_/X
 _28808_/X
 _28809_/Y
 _28810_/X
 _28811_/X
 _28812_/X
 _28813_/X
 _28814_/X
 _28815_/X
 _28816_/X
 _28817_/X
 _28818_/X
 _28819_/X
 _28820_/X
 _28821_/X
 _28822_/X
 _28823_/X
 _28824_/X
 _28825_/X
 _28826_/X
 _28827_/X
 _28828_/X
 _28829_/X
 _28830_/X
 _28831_/X
 _28832_/X
 _28833_/X
 _28834_/X
 _28835_/X
 _28836_/X
 _28837_/X
 _28838_/Y
 _28839_/X
 _28840_/X
 _28841_/X
 _28842_/X
 _28843_/X
 _28844_/X
 _28845_/X
 _28846_/X
 _28847_/Y
 _28848_/Y
 _28849_/Y
 _28850_/Y
 _28851_/Y
 _28852_/Y
 _28853_/X
 _28854_/Y
 _28855_/Y
 _28856_/Y
 _28857_/Y
 _28858_/Y
 _28859_/Y
 _28860_/Y
 _28861_/Y
 _28862_/X
 _28863_/Y
 _28864_/Y
 _28865_/Y
 _28866_/Y
 _28867_/Y
 _28868_/Y
 _28869_/Y
 _28870_/Y
 _28871_/X
 _28872_/X
 _28873_/Y
 _28874_/Y
 _28875_/Y
 _28876_/Y
 _28877_/X
 _28878_/X
 _28879_/X
 _28880_/X
 _28881_/X
 _28882_/X
 _28883_/X
 _28884_/X
 _28885_/Y
 _28886_/X
 _28887_/X
 _28888_/X
 _28889_/X
 _28890_/X
 _28891_/X
 _28892_/X
 _28893_/X
 _28894_/X
 _28895_/X
 _28896_/X
 _28897_/X
 _28898_/X
 _28899_/X
 _28900_/X
 _28901_/X
 _28902_/X
 _28903_/X
 _28904_/X
 _28905_/X
 _28906_/X
 _28907_/X
 _28908_/X
 _28909_/X
 _28910_/X
 _28911_/X
 _28912_/X
 _28913_/X
 _28914_/X
 _28915_/X
 _28916_/X
 _28917_/X
 _28918_/X
 _28919_/X
 _28920_/X
 _28921_/X
 _28922_/Y
 _28923_/X
 _28924_/X
 _28925_/X
 _28926_/X
 _28927_/X
 _28928_/X
 _28929_/X
 _28930_/X
 _28931_/Y
 _28932_/X
 _28933_/X
 _28934_/X
 _28935_/X
 _28936_/X
 _28937_/X
 _28938_/X
 _28939_/X
 _28940_/Y
 _28941_/X
 _28942_/X
 _28943_/X
 _28944_/X
 _28945_/X
 _28946_/X
 _28947_/X
 _28948_/X
 _28949_/Y
 _28950_/Y
 _28951_/Y
 _28952_/Y
 _28953_/Y
 _28954_/X
 _28955_/Y
 _28956_/Y
 _28957_/Y
 _28958_/Y
 _28959_/Y
 _28960_/Y
 _28961_/Y
 _28962_/Y
 _28963_/X
 _28964_/Y
 _28965_/Y
 _28966_/Y
 _28967_/Y
 _28968_/Y
 _28969_/Y
 _28970_/Y
 _28971_/Y
 _28972_/X
 _28973_/Y
 _28974_/Y
 _28975_/Y
 _28976_/Y
 _28977_/Y
 _28978_/Y
 _28979_/Y
 _28980_/Y
 _28981_/X
 _28982_/Y
 _28983_/Y
 _28984_/Y
 _28985_/Y
 _28986_/Y
 _28987_/Y
 _28988_/Y
 _28989_/Y
 _28990_/X
 _28991_/Y
 _28992_/Y
 _28993_/Y
 _28994_/Y
 _28995_/Y
 _28996_/Y
 _28997_/Y
 _28998_/Y
 _28999_/X
 _29000_/Y
 _29001_/Y
 _29002_/Y
 _29003_/Y
 _29004_/Y
 _29005_/Y
 _29006_/Y
 _29007_/Y
 _29008_/X
 _29009_/Y
 _29010_/Y
 _29011_/Y
 _29012_/Y
 _29013_/Y
 _29014_/Y
 _29015_/Y
 _29016_/X
 _29017_/X
 _29018_/X
 _29019_/X
 _29020_/X
 _29021_/X
 _29022_/X
 _29023_/X
 _29024_/X
 _29025_/X
 _29026_/Y
 _29027_/X
 _29028_/X
 _29029_/X
 _29030_/X
 _29031_/X
 _29032_/X
 _29033_/X
 _29034_/X
 _29035_/X
 _29036_/X
 _29037_/X
 _29038_/X
 _29039_/X
 _29040_/X
 _29041_/X
 _29042_/X
 _29043_/X
 _29044_/X
 _29045_/X
 _29046_/X
 _29047_/X
 _29048_/X
 _29049_/X
 _29050_/X
 _29051_/X
 _29052_/X
 _29053_/X
 _29054_/Y
 _29055_/Y
 _29056_/X
 _29057_/X
 _29058_/X
 _29059_/X
 _29060_/X
 _29061_/X
 _29062_/X
 _29063_/X
 _29064_/Y
 _29065_/X
 _29066_/X
 _29067_/X
 _29068_/X
 _29069_/X
 _29070_/X
 _29071_/X
 _29072_/X
 _29073_/Y
 _29074_/X
 _29075_/X
 _29076_/X
 _29077_/X
 _29078_/X
 _29079_/X
 _29080_/X
 _29081_/X
 _29082_/Y
 _29083_/X
 _29084_/X
 _29085_/X
 _29086_/X
 _29087_/X
 _29088_/X
 _29089_/X
 _29090_/X
 _29091_/X
 _29092_/X
 _29093_/X
 _29094_/X
 _29095_/X
 _29096_/X
 _29097_/X
 _29098_/X
 _29099_/X
 _29100_/X
 _29101_/Y
 _29102_/X
 _29103_/X
 _29104_/X
 _29105_/X
 _29106_/X
 _29107_/X
 _29108_/X
 _29109_/X
 _29110_/X
 _29111_/X
 _29112_/X
 _29113_/X
 _29114_/X
 _29115_/X
 _29116_/X
 _29117_/X
 _29118_/X
 _29119_/X
 _29120_/X
 _29121_/X
 _29122_/X
 _29123_/X
 _29124_/X
 _29125_/X
 _29126_/X
 _29127_/X
 _29128_/X
 _29129_/X
 _29130_/Y
 _29131_/X
 _29132_/X
 _29133_/Y
 _29134_/X
 _29135_/Y
 _29136_/X
 _29137_/Y
 _29138_/X
 _29139_/X
 _29140_/X
 _29141_/X
 _29142_/Y
 _29143_/X
 _29144_/X
 _29145_/X
 _29146_/X
 _29147_/X
 _29148_/Y
 _29149_/X
 _29150_/X
 _29151_/X
 _29152_/X
 _29153_/X
 _29154_/X
 _29155_/X
 _29156_/Y
 _29157_/X
 _29158_/X
 _29159_/X
 _29160_/X
 _29161_/Y
 _29162_/X
 _29163_/X
 _29164_/X
 _29165_/X
 _29166_/X
 _29167_/X
 _29168_/X
 _29169_/X
 _29170_/X
 _29171_/X
 _29172_/X
 _29173_/X
 _29174_/X
 _29175_/X
 _29176_/X
 _29177_/X
 _29178_/X
 _29179_/X
 _29180_/X
 _29181_/X
 _29182_/X
 _29183_/X
 _29184_/X
 _29185_/X
 _29186_/X
 _29187_/X
 _29188_/X
 _29189_/X
 _29190_/X
 _29191_/X
 _29192_/X
 _29193_/X
 _29194_/X
 _29195_/X
 _29196_/X
 _29197_/X
 _29198_/X
 _29199_/X
 _29200_/X
 _29201_/X
 _29202_/X
 _29203_/X
 _29204_/X
 _29205_/X
 _29206_/Q
 _29207_/Q
 _29208_/Q
 _29209_/Q
 _29210_/Q
 _29211_/Q
 _29212_/Q
 _29213_/Q
 _29214_/Q
 _29215_/Q
 _29216_/Q
 _29217_/Q
 _29218_/Q
 _29219_/Q
 _29220_/Q
 _29221_/Q
 _29222_/Q
 _29223_/Q
 _29224_/Q
 _29225_/Q
 _29226_/Q
 _29227_/Q
 _29228_/Q
 _29229_/Q
 _29230_/Q
 _29231_/Q
 _29232_/Q
 _29233_/Q
 _29234_/Q
 _29235_/Q
 _29236_/Q
 _29237_/Q
 _29238_/Q
 _29239_/Q
 _29240_/Q
 _29241_/Q
 _29242_/Q
 _29243_/Q
 _29244_/Q
 _29245_/Q
 _29246_/Q
 _29247_/Q
 _29248_/Q
 _29249_/Q
 _29250_/Q
 _29251_/Q
 _29252_/Q
 _29253_/Q
 _29254_/Q
 _29255_/Q
 _29256_/Q
 _29257_/Q
 _29258_/Q
 _29259_/Q
 _29260_/Q
 _29261_/Q
 _29262_/Q
 _29263_/Q
 _29264_/Q
 _29265_/Q
 _29266_/Q
 _29267_/Q
 _29268_/Q
 _29269_/Q
 _29270_/Q
 _29271_/Q
 _29272_/Q
 _29273_/Q
 _29274_/Q
 _29275_/Q
 _29276_/Q
 _29277_/Q
 _29278_/Q
 _29279_/Q
 _29280_/Q
 _29281_/Q
 _29282_/Q
 _29283_/Q
 _29284_/Q
 _29285_/Q
 _29286_/Q
 _29287_/Q
 _29288_/Q
 _29289_/Q
 _29290_/Q
 _29291_/Q
 _29292_/Q
 _29293_/Q
 _29294_/Q
 _29295_/Q
 _29296_/Q
 _29297_/Q
 _29298_/Q
 _29299_/Q
 _29300_/Q
 _29301_/Q
 _29302_/Q
 _29303_/Q
 _29304_/Q
 _29305_/Q
 _29306_/Q
 _29307_/Q
 _29308_/Q
 _29309_/Q
 _29310_/Q
 _29311_/Q
 _29312_/Q
 _29313_/Q
 _29314_/Q
 _29315_/Q
 _29316_/Q
 _29317_/Q
 _29318_/Q
 _29319_/Q
 _29320_/Q
 _29321_/Q
 _29322_/Q
 _29323_/Q
 _29324_/Q
 _29325_/Q
 _29326_/Q
 _29327_/Q
 _29328_/Q
 _29329_/Q
 _29330_/Q
 _29331_/Q
 _29332_/Q
 _29333_/Q
 _29334_/Q
 _29335_/Q
 _29336_/Q
 _29337_/Q
 _29338_/Q
 _29339_/Q
 _29340_/Q
 _29341_/Q
 _29342_/Q
 _29343_/Q
 _29344_/Q
 _29345_/Q
 _29346_/Q
 _29347_/Q
 _29348_/Q
 _29349_/Q
 _29350_/Q
 _29351_/Q
 _29352_/Q
 _29353_/Q
 _29354_/Q
 _29355_/Q
 _29356_/Q
 _29357_/Q
 _29358_/Q
 _29359_/Q
 _29360_/Q
 _29361_/Q
 _29362_/Q
 _29363_/Q
 _29364_/Q
 _29365_/Q
 _29366_/Q
 _29367_/Q
 _29368_/Q
 _29369_/Q
 _29370_/Q
 _29371_/Q
 _29372_/Q
 _29373_/Q
 _29374_/Q
 _29375_/Q
 _29376_/Q
 _29377_/Q
 _29378_/Q
 _29379_/Q
 _29380_/Q
 _29381_/Q
 _29382_/Q
 _29383_/Q
 _29384_/Q
 _29385_/Q
 _29386_/Q
 _29387_/Q
 _29388_/Q
 _29389_/Q
 _29390_/Q
 _29391_/Q
 _29392_/Q
 _29393_/Q
 _29394_/Q
 _29395_/Q
 _29396_/Q
 _29397_/Q
 _29398_/Q
 _29399_/Q
 _29400_/Q
 _29401_/Q
 _29402_/Q
 _29403_/Q
 _29404_/Q
 _29405_/Q
 _29406_/Q
 _29407_/Q
 _29408_/Q
 _29409_/Q
 _29410_/Q
 _29411_/Q
 _29412_/Q
 _29413_/Q
 _29414_/Q
 _29415_/Q
 _29416_/Q
 _29417_/Q
 _29418_/Q
 _29419_/Q
 _29420_/Q
 _29421_/Q
 _29422_/Q
 _29423_/Q
 _29424_/Q
 _29425_/Q
 _29426_/Q
 _29427_/Q
 _29428_/Q
 _29429_/Q
 _29430_/Q
 _29431_/Q
 _29432_/Q
 _29433_/Q
 _29434_/Q
 _29435_/Q
 _29436_/Q
 _29437_/Q
 _29438_/Q
 _29439_/Q
 _29440_/Q
 _29441_/Q
 _29442_/Q
 _29443_/Q
 _29444_/Q
 _29445_/Q
 _29446_/Q
 _29447_/Q
 _29448_/Q
 _29449_/Q
 _29450_/Q
 _29451_/Q
 _29452_/Q
 _29453_/Q
 _29454_/Q
 _29455_/Q
 _29456_/Q
 _29457_/Q
 _29458_/Q
 _29459_/Q
 _29460_/Q
 _29461_/Q
 _29462_/Q
 _29463_/Q
 _29464_/Q
 _29465_/Q
 _29466_/Q
 _29467_/Q
 _29468_/Q
 _29469_/Q
 _29470_/Q
 _29471_/Q
 _29472_/Q
 _29473_/Q
 _29474_/Q
 _29475_/Q
 _29476_/Q
 _29477_/Q
 _29478_/Q
 _29479_/Q
 _29480_/Q
 _29481_/Q
 _29482_/Q
 _29483_/Q
 _29484_/Q
 _29485_/Q
 _29486_/Q
 _29487_/Q
 _29488_/Q
 _29489_/Q
 _29490_/Q
 _29491_/Q
 _29492_/Q
 _29493_/Q
 _29494_/Q
 _29495_/Q
 _29496_/Q
 _29497_/Q
 _29498_/Q
 _29499_/Q
 _29500_/Q
 _29501_/Q
 _29502_/Q
 _29503_/Q
 _29504_/Q
 _29505_/Q
 _29506_/Q
 _29507_/Q
 _29508_/Q
 _29509_/Q
 _29510_/Q
 _29511_/Q
 _29512_/Q
 _29513_/Q
 _29514_/Q
 _29515_/Q
 _29516_/Q
 _29517_/Q
 _29518_/Q
 _29519_/Q
 _29520_/Q
 _29521_/Q
 _29522_/Q
 _29523_/Q
 _29524_/Q
 _29525_/Q
 _29526_/Q
 _29527_/Q
 _29528_/Q
 _29529_/Q
 _29530_/Q
 _29531_/Q
 _29532_/Q
 _29533_/Q
 _29534_/Q
 _29535_/Q
 _29536_/Q
 _29537_/Q
 _29538_/Q
 _29539_/Q
 _29540_/Q
 _29541_/Q
 _29542_/Q
 _29543_/Q
 _29544_/Q
 _29545_/Q
 _29546_/Q
 _29547_/Q
 _29548_/Q
 _29549_/Q
 _29550_/Q
 _29551_/Q
 _29552_/Q
 _29553_/Q
 _29554_/Q
 _29555_/Q
 _29556_/Q
 _29557_/Q
 _29558_/Q
 _29559_/Q
 _29560_/Q
 _29561_/Q
 _29562_/Q
 _29563_/Q
 _29564_/Q
 _29565_/Q
 _29566_/Q
 _29567_/Q
 _29568_/Q
 _29569_/Q
 _29570_/Q
 _29571_/Q
 _29572_/Q
 _29573_/Q
 _29574_/Q
 _29575_/Q
 _29576_/Q
 _29577_/Q
 _29578_/Q
 _29579_/Q
 _29580_/Q
 _29581_/Q
 _29582_/Q
 _29583_/Q
 _29584_/Q
 _29585_/Q
 _29586_/Q
 _29587_/Q
 _29588_/Q
 _29589_/Q
 _29590_/Q
 _29591_/Q
 _29592_/Q
 _29593_/Q
 _29594_/Q
 _29595_/Q
 _29596_/Q
 _29597_/Q
 _29598_/Q
 _29599_/Q
 _29600_/Q
 _29601_/Q
 _29602_/Q
 _29603_/Q
 _29604_/Q
 _29605_/Q
 _29606_/Q
 _29607_/Q
 _29608_/Q
 _29609_/Q
 _29610_/Q
 _29611_/Q
 _29612_/Q
 _29613_/Q
 _29614_/Q
 _29615_/Q
 _29616_/Q
 _29617_/Q
 _29618_/Q
 _29619_/Q
 _29620_/Q
 _29621_/Q
 _29622_/Q
 _29623_/Q
 _29624_/Q
 _29625_/Q
 _29626_/Q
 _29627_/Q
 _29628_/Q
 _29629_/Q
 _29630_/Q
 _29631_/Q
 _29632_/Q
 _29633_/Q
 _29634_/Q
 _29635_/Q
 _29636_/Q
 _29637_/Q
 _29638_/Q
 _29639_/Q
 _29640_/Q
 _29641_/Q
 _29642_/Q
 _29643_/Q
 _29644_/Q
 _29645_/Q
 _29646_/Q
 _29647_/Q
 _29648_/Q
 _29649_/Q
 _29650_/Q
 _29651_/Q
 _29652_/Q
 _29653_/Q
 _29654_/Q
 _29655_/Q
 _29656_/Q
 _29657_/Q
 _29658_/Q
 _29659_/Q
 _29660_/Q
 _29661_/Q
 _29662_/Q
 _29663_/Q
 _29664_/Q
 _29665_/Q
 _29666_/Q
 _29667_/Q
 _29668_/Q
 _29669_/Q
 _29670_/Q
 _29671_/Q
 _29672_/Q
 _29673_/Q
 _29674_/Q
 _29675_/Q
 _29676_/Q
 _29677_/Q
 _29678_/Q
 _29679_/Q
 _29680_/Q
 _29681_/Q
 _29682_/Q
 _29683_/Q
 _29684_/Q
 _29685_/Q
 _29686_/Q
 _29687_/Q
 _29688_/Q
 _29689_/Q
 _29690_/Q
 _29691_/Q
 _29692_/Q
 _29693_/Q
 _29694_/Q
 _29695_/Q
 _29696_/Q
 _29697_/Q
 _29698_/Q
 _29699_/Q
 _29700_/Q
 _29701_/Q
 _29702_/Q
 _29703_/Q
 _29704_/Q
 _29705_/Q
 _29706_/Q
 _29707_/Q
 _29708_/Q
 _29709_/Q
 _29710_/Q
 _29711_/Q
 _29712_/Q
 _29713_/Q
 _29714_/Q
 _29715_/Q
 _29716_/Q
 _29717_/Q
 _29718_/Q
 _29719_/Q
 _29720_/Q
 _29721_/Q
 _29722_/Q
 _29723_/Q
 _29724_/Q
 _29725_/Q
 _29726_/Q
 _29727_/Q
 _29728_/Q
 _29729_/Q
 _29730_/Q
 _29731_/Q
 _29732_/Q
 _29733_/Q
 _29734_/Q
 _29735_/Q
 _29736_/Q
 _29737_/Q
 _29738_/Q
 _29739_/Q
 _29740_/Q
 _29741_/Q
 _29742_/Q
 _29743_/Q
 _29744_/Q
 _29745_/Q
 _29746_/Q
 _29747_/Q
 _29748_/Q
 _29749_/Q
 _29750_/Q
 _29751_/Q
 _29752_/Q
 _29753_/Q
 _29754_/Q
 _29755_/Q
 _29756_/Q
 _29757_/Q
 _29758_/Q
 _29759_/Q
 _29760_/Q
 _29761_/Q
 _29762_/Q
 _29763_/Q
 _29764_/Q
 _29765_/Q
 _29766_/Q
 _29767_/Q
 _29768_/Q
 _29769_/Q
 _29770_/Q
 _29771_/Q
 _29772_/Q
 _29773_/Q
 _29774_/Q
 _29775_/Q
 _29776_/Q
 _29777_/Q
 _29778_/Q
 _29779_/Q
 _29780_/Q
 _29781_/Q
 _29782_/Q
 _29783_/Q
 _29784_/Q
 _29785_/Q
 _29786_/Q
 _29787_/Q
 _29788_/Q
 _29789_/Q
 _29790_/Q
 _29791_/Q
 _29792_/Q
 _29793_/Q
 _29794_/Q
 _29795_/Q
 _29796_/Q
 _29797_/Q
 _29798_/Q
 _29799_/Q
 _29800_/Q
 _29801_/Q
 _29802_/Q
 _29803_/Q
 _29804_/Q
 _29805_/Q
 _29806_/Q
 _29807_/Q
 _29808_/Q
 _29809_/Q
 _29810_/Q
 _29811_/Q
 _29812_/Q
 _29813_/Q
 _29814_/Q
 _29815_/Q
 _29816_/Q
 _29817_/Q
 _29818_/Q
 _29819_/Q
 _29820_/Q
 _29821_/Q
 _29822_/Q
 _29823_/Q
 _29824_/Q
 _29825_/Q
 _29826_/Q
 _29827_/Q
 _29828_/Q
 _29829_/Q
 _29830_/Q
 _29831_/Q
 _29832_/Q
 _29833_/Q
 _29834_/Q
 _29835_/Q
 _29836_/Q
 _29837_/Q
 _29838_/Q
 _29839_/Q
 _29840_/Q
 _29841_/Q
 _29842_/Q
 _29843_/Q
 _29844_/Q
 _29845_/Q
 _29846_/Q
 _29847_/Q
 _29848_/Q
 _29849_/Q
 _29850_/Q
 _29851_/Q
 _29852_/Q
 _29853_/Q
 _29854_/Q
 _29855_/Q
 _29856_/Q
 _29857_/Q
 _29858_/Q
 _29859_/Q
 _29860_/Q
 _29861_/Q
 _29862_/Q
 _29863_/Q
 _29864_/Q
 _29865_/Q
 _29866_/Q
 _29867_/Q
 _29868_/Q
 _29869_/Q
 _29870_/Q
 _29871_/Q
 _29872_/Q
 _29873_/Q
 _29874_/Q
 _29875_/Q
 _29876_/Q
 _29877_/Q
 _29878_/Q
 _29879_/Q
 _29880_/Q
 _29881_/Q
 _29882_/Q
 _29883_/Q
 _29884_/Q
 _29885_/Q
 _29886_/Q
 _29887_/Q
 _29888_/Q
 _29889_/Q
 _29890_/Q
 _29891_/Q
 _29892_/Q
 _29893_/Q
 _29894_/Q
 _29895_/Q
 _29896_/Q
 _29897_/Q
 _29898_/Q
 _29899_/Q
 _29900_/Q
 _29901_/Q
 _29902_/Q
 _29903_/Q
 _29904_/Q
 _29905_/Q
 _29906_/Q
 _29907_/Q
 _29908_/Q
 _29909_/Q
 _29910_/Q
 _29911_/Q
 _29912_/Q
 _29913_/Q
 _29914_/Q
 _29915_/Q
 _29916_/Q
 _29917_/Q
 _29918_/Q
 _29919_/Q
 _29920_/Q
 _29921_/Q
 _29922_/Q
 _29923_/Q
 _29924_/Q
 _29925_/Q
 _29926_/Q
 _29927_/Q
 _29928_/Q
 _29929_/Q
 _29930_/Q
 _29931_/Q
 _29932_/Q
 _29933_/Q
 _29934_/Q
 _29935_/Q
 _29936_/Q
 _29937_/Q
 _29938_/Q
 _29939_/Q
 _29940_/Q
 _29941_/Q
 _29942_/Q
 _29943_/Q
 _29944_/Q
 _29945_/Q
 _29946_/Q
 _29947_/Q
 _29948_/Q
 _29949_/Q
 _29950_/Q
 _29951_/Q
 _29952_/Q
 _29953_/Q
 _29954_/Q
 _29955_/Q
 _29956_/Q
 _29957_/Q
 _29958_/Q
 _29959_/Q
 _29960_/Q
 _29961_/Q
 _29962_/Q
 _29963_/Q
 _29964_/Q
 _29965_/Q
 _29966_/Q
 _29967_/Q
 _29968_/Q
 _29969_/Q
 _29970_/Q
 _29971_/Q
 _29972_/Q
 _29973_/Q
 _29974_/Q
 _29975_/Q
 _29976_/Q
 _29977_/Q
 _29978_/Q
 _29979_/Q
 _29980_/Q
 _29981_/Q
 _29982_/Q
 _29983_/Q
 _29984_/Q
 _29985_/Q
 _29986_/Q
 _29987_/Q
 _29988_/Q
 _29989_/Q
 _29990_/Q
 _29991_/Q
 _29992_/Q
 _29993_/Q
 _29994_/Q
 _29995_/Q
 _29996_/Q
 _29997_/Q
 _29998_/Q
 _29999_/Q
 _30000_/Q
 _30001_/Q
 _30002_/Q
 _30003_/Q
 _30004_/Q
 _30005_/Q
 _30006_/Q
 _30007_/Q
 _30008_/Q
 _30009_/Q
 _30010_/Q
 _30011_/Q
 _30012_/Q
 _30013_/Q
 _30014_/Q
 _30015_/Q
 _30016_/Q
 _30017_/Q
 _30018_/Q
 _30019_/Q
 _30020_/Q
 _30021_/Q
 _30022_/Q
 _30023_/Q
 _30024_/Q
 _30025_/Q
 _30026_/Q
 _30027_/Q
 _30028_/Q
 _30029_/Q
 _30030_/Q
 _30031_/Q
 _30032_/Q
 _30033_/Q
 _30034_/Q
 _30035_/Q
 _30036_/Q
 _30037_/Q
 _30038_/Q
 _30039_/Q
 _30040_/Q
 _30041_/Q
 _30042_/Q
 _30043_/Q
 _30044_/Q
 _30045_/Q
 _30046_/Q
 _30047_/Q
 _30048_/Q
 _30049_/Q
 _30050_/Q
 _30051_/Q
 _30052_/Q
 _30053_/Q
 _30054_/Q
 _30055_/Q
 _30056_/Q
 _30057_/Q
 _30058_/Q
 _30059_/Q
 _30060_/Q
 _30061_/Q
 _30062_/Q
 _30063_/Q
 _30064_/Q
 _30065_/Q
 _30066_/Q
 _30067_/Q
 _30068_/Q
 _30069_/Q
 _30070_/Q
 _30071_/Q
 _30072_/Q
 _30073_/Q
 _30074_/Q
 _30075_/Q
 _30076_/Q
 _30077_/Q
 _30078_/Q
 _30079_/Q
 _30080_/Q
 _30081_/Q
 _30082_/Q
 _30083_/Q
 _30084_/Q
 _30085_/Q
 _30086_/Q
 _30087_/Q
 _30088_/Q
 _30089_/Q
 _30090_/Q
 _30091_/Q
 _30092_/Q
 _30093_/Q
 _30094_/Q
 _30095_/Q
 _30096_/Q
 _30097_/Q
 _30098_/Q
 _30099_/Q
 _30100_/Q
 _30101_/Q
 _30102_/Q
 _30103_/Q
 _30104_/Q
 _30105_/Q
 _30106_/Q
 _30107_/Q
 _30108_/Q
 _30109_/Q
 _30110_/Q
 _30111_/Q
 _30112_/Q
 _30113_/Q
 _30114_/Q
 _30115_/Q
 _30116_/Q
 _30117_/Q
 _30118_/Q
 _30119_/Q
 _30120_/Q
 _30121_/Q
 _30122_/Q
 _30123_/Q
 _30124_/Q
 _30125_/Q
 _30126_/Q
 _30127_/Q
 _30128_/Q
 _30129_/Q
 _30130_/Q
 _30131_/Q
 _30132_/Q
 _30133_/Q
 _30134_/Q
 _30135_/Q
 _30136_/Q
 _30137_/Q
 _30138_/Q
 _30139_/Q
 _30140_/Q
 _30141_/Q
 _30142_/Q
 _30143_/Q
 _30144_/Q
 _30145_/Q
 _30146_/Q
 _30147_/Q
 _30148_/Q
 _30149_/Q
 _30150_/Q
 _30151_/Q
 _30152_/Q
 _30153_/Q
 _30154_/Q
 _30155_/Q
 _30156_/Q
 _30157_/Q
 _30158_/Q
 _30159_/Q
 _30160_/Q
 _30161_/Q
 _30162_/Q
 _30163_/Q
 _30164_/Q
 _30165_/Q
 _30166_/Q
 _30167_/Q
 _30168_/Q
 _30169_/Q
 _30170_/Q
 _30171_/Q
 _30172_/Q
 _30173_/Q
 _30174_/Q
 _30175_/Q
 _30176_/Q
 _30177_/Q
 _30178_/Q
 _30179_/Q
 _30180_/Q
 _30181_/Q
 _30182_/Q
 _30183_/Q
 _30184_/Q
 _30185_/Q
 _30186_/Q
 _30187_/Q
 _30188_/Q
 _30189_/Q
 _30190_/Q
 _30191_/Q
 _30192_/Q
 _30193_/Q
 _30194_/Q
 _30195_/Q
 _30196_/Q
 _30197_/Q
 _30198_/Q
 _30199_/Q
 _30200_/Q
 _30201_/Q
 _30202_/Q
 _30203_/Q
 _30204_/Q
 _30205_/Q
 _30206_/Q
 _30207_/Q
 _30208_/Q
 _30209_/Q
 _30210_/Q
 _30211_/Q
 _30212_/Q
 _30213_/Q
 _30214_/Q
 _30215_/Q
 _30216_/Q
 _30217_/Q
 _30218_/Q
 _30219_/Q
 _30220_/Q
 _30221_/Q
 _30222_/Q
 _30223_/Q
 _30224_/Q
 _30225_/Q
 _30226_/Q
 _30227_/Q
 _30228_/Q
 _30229_/Q
 _30230_/Q
 _30231_/Q
 _30232_/Q
 _30233_/Q
 _30234_/Q
 _30235_/Q
 _30236_/Q
 _30237_/Q
 _30238_/Q
 _30239_/Q
 _30240_/Q
 _30241_/Q
 _30242_/Q
 _30243_/Q
 _30244_/Q
 _30245_/Q
 _30246_/Q
 _30247_/Q
 _30248_/Q
 _30249_/Q
 _30250_/Q
 _30251_/Q
 _30252_/Q
 _30253_/Q
 _30254_/Q
 _30255_/Q
 _30256_/Q
 _30257_/Q
 _30258_/Q
 _30259_/Q
 _30260_/Q
 _30261_/Q
 _30262_/Q
 _30263_/Q
 _30264_/Q
 _30265_/Q
 _30266_/Q
 _30267_/Q
 _30268_/Q
 _30269_/Q
 _30270_/Q
 _30271_/Q
 _30272_/Q
 _30273_/Q
 _30274_/Q
 _30275_/Q
 _30276_/Q
 _30277_/Q
 _30278_/Q
 _30279_/Q
 _30280_/Q
 _30281_/Q
 _30282_/Q
 _30283_/Q
 _30284_/Q
 _30285_/Q
 _30286_/Q
 _30287_/Q
 _30288_/Q
 _30289_/Q
 _30290_/Q
 _30291_/Q
 _30292_/Q
 _30293_/Q
 _30294_/Q
 _30295_/Q
 _30296_/Q
 _30297_/Q
 _30298_/Q
 _30299_/Q
 _30300_/Q
 _30301_/Q
 _30302_/Q
 _30303_/Q
 _30304_/Q
 _30305_/Q
 _30306_/Q
 _30307_/Q
 _30308_/Q
 _30309_/Q
 _30310_/Q
 _30311_/Q
 _30312_/Q
 _30313_/Q
 _30314_/Q
 _30315_/Q
 _30316_/Q
 _30317_/Q
 _30318_/Q
 _30319_/Q
 _30320_/Q
 _30321_/Q
 _30322_/Q
 _30323_/Q
 _30324_/Q
 _30325_/Q
 _30326_/Q
 _30327_/Q
 _30328_/Q
 _30329_/Q
 _30330_/Q
 _30331_/Q
 _30332_/Q
 _30333_/Q
 _30334_/Q
 _30335_/Q
 _30336_/Q
 _30337_/Q
 _30338_/Q
 _30339_/Q
 _30340_/Q
 _30341_/Q
 _30342_/Q
 _30343_/Q
 _30344_/Q
 _30345_/Q
 _30346_/Q
 _30347_/Q
 _30348_/Q
 _30349_/Q
 _30350_/Q
 _30351_/Q
 _30352_/Q
 _30353_/Q
 _30354_/Q
 _30355_/Q
 _30356_/Q
 _30357_/Q
 _30358_/Q
 _30359_/Q
 _30360_/Q
 _30361_/Q
 _30362_/Q
 _30363_/Q
 _30364_/Q
 _30365_/Q
 _30366_/Q
 _30367_/Q
 _30368_/Q
 _30369_/Q
 _30370_/Q
 _30371_/Q
 _30372_/Q
 _30373_/Q
 _30374_/Q
 _30375_/Q
 _30376_/Q
 _30377_/Q
 _30378_/Q
 _30379_/Q
 _30380_/Q
 _30381_/Q
 _30382_/Q
 _30383_/Q
 _30384_/Q
 _30385_/Q
 _30386_/Q
 _30387_/Q
 _30388_/Q
 _30389_/Q
 _30390_/Q
 _30391_/Q
 _30392_/Q
 _30393_/Q
 _30394_/Q
 _30395_/Q
 _30396_/Q
 _30397_/Q
 _30398_/Q
 _30399_/Q
 _30400_/Q
 _30401_/Q
 _30402_/Q
 _30403_/Q
 _30404_/Q
 _30405_/Q
 _30406_/Q
 _30407_/Q
 _30408_/Q
 _30409_/Q
 _30410_/Q
 _30411_/Q
 _30412_/Q
 _30413_/Q
 _30414_/Q
 _30415_/Q
 _30416_/Q
 _30417_/Q
 _30418_/Q
 _30419_/Q
 _30420_/Q
 _30421_/Q
 _30422_/Q
 _30423_/Q
 _30424_/Q
 _30425_/Q
 _30426_/Q
 _30427_/Q
 _30428_/Q
 _30429_/Q
 _30430_/Q
 _30431_/Q
 _30432_/Q
 _30433_/Q
 _30434_/Q
 _30435_/Q
 _30436_/Q
 _30437_/Q
 _30438_/Q
 _30439_/Q
 _30440_/Q
 _30441_/Q
 _30442_/Q
 _30443_/Q
 _30444_/Q
 _30445_/Q
 _30446_/Q
 _30447_/Q
 _30448_/Q
 _30449_/Q
 _30450_/Q
 _30451_/Q
 _30452_/Q
 _30453_/Q
 _30454_/Q
 _30455_/Q
 _30456_/Q
 _30457_/Q
 _30458_/Q
 _30459_/Q
 _30460_/Q
 _30461_/Q
 _30462_/Q
 _30463_/Q
 _30464_/Q
 _30465_/Q
 _30466_/Q
 _30467_/Q
 _30468_/Q
 _30469_/Q
 _30470_/Q
 _30471_/Q
 _30472_/Q
 _30473_/Q
 _30474_/Q
 _30475_/Q
 _30476_/Q
 _30477_/Q
 _30478_/Q
 _30479_/Q
 _30480_/Q
 _30481_/Q
 _30482_/Q
 _30483_/Q
 _30484_/Q
 _30485_/Q
 _30486_/Q
 _30487_/Q
 _30488_/Q
 _30489_/Q
 _30490_/Q
 _30491_/Q
 _30492_/Q
 _30493_/Q
 _30494_/Q
 _30495_/Q
 _30496_/Q
 _30497_/Q
 _30498_/Q
 _30499_/Q
 _30500_/Q
 _30501_/Q
 _30502_/Q
 _30503_/Q
 _30504_/Q
 _30505_/Q
 _30506_/Q
 _30507_/Q
 _30508_/Q
 _30509_/Q
 _30510_/Q
 _30511_/Q
 _30512_/Q
 _30513_/Q
 _30514_/Q
 _30515_/Q
 _30516_/Q
 _30517_/Q
 _30518_/Q
 _30519_/Q
 _30520_/Q
 _30521_/Q
 _30522_/Q
 _30523_/Q
 _30524_/Q
 _30525_/Q
 _30526_/Q
 _30527_/Q
 _30528_/Q
 _30529_/Q
 _30530_/Q
 _30531_/Q
 _30532_/Q
 _30533_/Q
 _30534_/Q
 _30535_/Q
 _30536_/Q
 _30537_/Q
 _30538_/Q
 _30539_/Q
 _30540_/Q
 _30541_/Q
 _30542_/Q
 _30543_/Q
 _30544_/Q
 _30545_/Q
 _30546_/Q
 _30547_/Q
 _30548_/Q
 _30549_/Q
 _30550_/Q
 _30551_/Q
 _30552_/Q
 _30553_/Q
 _30554_/Q
 _30555_/Q
 _30556_/Q
 _30557_/Q
 _30558_/Q
 _30559_/Q
 _30560_/Q
 _30561_/Q
 _30562_/Q
 _30563_/Q
 _30564_/Q
 _30565_/Q
 _30566_/Q
 _30567_/Q
 _30568_/Q
 _30569_/Q
 _30570_/Q
 _30571_/Q
 _30572_/Q
 _30573_/Q
 _30574_/Q
 _30575_/Q
 _30576_/Q
 _30577_/Q
 _30578_/Q
 _30579_/Q
 _30580_/Q
 _30581_/Q
 _30582_/Q
 _30583_/Q
 _30584_/Q
 _30585_/Q
 _30586_/Q
 _30587_/Q
 _30588_/Q
 _30589_/Q
 _30590_/Q
 _30591_/Q
 _30592_/Q
 _30593_/Q
 _30594_/Q
 _30595_/Q
 _30596_/Q
 _30597_/Q
 _30598_/Q
 _30599_/Q
 _30600_/Q
 _30601_/Q
 _30602_/Q
 _30603_/Q
 _30604_/Q
 _30605_/Q
 _30606_/Q
 _30607_/Q
 _30608_/Q
 _30609_/Q
 _30610_/Q
 _30611_/Q
 _30612_/Q
 _30613_/Q
 _30614_/Q
 _30615_/Q
 _30616_/Q
 _30617_/Q
 _30618_/Q
 _30619_/Q
 _30620_/Q
 _30621_/Q
 _30622_/Q
 _30623_/Q
 _30624_/Q
 _30625_/Q
 _30626_/Q
 _30627_/Q
 _30628_/Q
 _30629_/Q
 _30630_/Q
 _30631_/Q
 _30632_/Q
 _30633_/Q
 _30634_/Q
 _30635_/Q
 _30636_/Q
 _30637_/Q
 _30638_/Q
 _30639_/Q
 _30640_/Q
 _30641_/Q
 _30642_/Q
 _30643_/Q
 _30644_/Q
 _30645_/Q
 _30646_/Q
 _30647_/Q
 _30648_/Q
 _30649_/Q
 _30650_/Q
 _30651_/Q
 _30652_/Q
 _30653_/Q
 _30654_/Q
 _30655_/Q
 _30656_/Q
 _30657_/Q
 _30658_/Q
 _30659_/Q
 _30660_/Q
 _30661_/Q
 _30662_/Q
 _30663_/Q
 _30664_/Q
 _30665_/Q
 _30666_/Q
 _30667_/Q
 _30668_/Q
 _30669_/Q
 _30670_/Q
 _30671_/Q
 _30672_/Q
 _30673_/Q
 _30674_/Q
 _30675_/Q
 _30676_/Q
 _30677_/Q
 _30678_/Q
 _30679_/Q
 _30680_/Q
 _30681_/Q
 _30682_/Q
 _30683_/Q
 _30684_/Q
 _30685_/Q
 _30686_/Q
 _30687_/Q
 _30688_/Q
 _30689_/Q
 _30690_/Q
 _30691_/Q
 _30692_/Q
 _30693_/Q
 _30694_/Q
 _30695_/Q
 _30696_/Q
 _30697_/Q
 _30698_/Q
 _30699_/Q
 _30700_/Q
 _30701_/Q
 _30702_/Q
 _30703_/Q
 _30704_/Q
 _30705_/Q
 _30706_/Q
 _30707_/Q
 _30708_/Q
 _30709_/Q
 _30710_/Q
 _30711_/Q
 _30712_/Q
 _30713_/Q
 _30714_/Q
 _30715_/Q
 _30716_/Q
 _30717_/Q
 _30718_/Q
 _30719_/Q
 _30720_/Q
 _30721_/Q
 _30722_/Q
 _30723_/Q
 _30724_/Q
 _30725_/Q
 _30726_/Q
 _30727_/Q
 _30728_/Q
 _30729_/Q
 _30730_/Q
 _30731_/Q
 _30732_/Q
 _30733_/Q
 _30734_/Q
 _30735_/Q
 _30736_/Q
 _30737_/Q
 _30738_/Q
 _30739_/Q
 _30740_/Q
 _30741_/Q
 _30742_/Q
 _30743_/Q
 _30744_/Q
 _30745_/Q
 _30746_/Q
 _30747_/Q
 _30748_/Q
 _30749_/Q
 _30750_/Q
 _30751_/Q
 _30752_/Q
 _30753_/Q
 _30754_/Q
 _30755_/Q
 _30756_/Q
 _30757_/Q
 _30758_/Q
 _30759_/Q
 _30760_/Q
 _30761_/Q
 _30762_/Q
 _30763_/Q
 _30764_/Q
 _30765_/Q
 _30766_/Q
 _30767_/Q
 _30768_/Q
 _30769_/Q
 _30770_/Q
 _30771_/Q
 _30772_/Q
 _30773_/Q
 _30774_/Q
 _30775_/Q
 _30776_/Q
 _30777_/Q
 _30778_/Q
 _30779_/Q
 _30780_/Q
 _30781_/Q
 _30782_/Q
 _30783_/Q
 _30784_/Q
 _30785_/Q
 _30786_/Q
 _30787_/Q
 _30788_/Q
 _30789_/Q
 _30790_/Q
 _30791_/Q
 _30792_/Q
 _30793_/Q
 _30794_/Q
 _30795_/Q
 _30796_/Q
 _30797_/Q
 _30798_/Q
 _30799_/Q
 _30800_/Q
 _30801_/Q
 _30802_/Q
 _30803_/Q
 _30804_/Q
 _30805_/Q
 _30806_/Q
 _30807_/Q
 _30808_/Q
 _30809_/Q
 _30810_/Q
 _30811_/Q
 _30812_/Q
 _30813_/Q
 _30814_/Q
 _30815_/Q
 _30816_/Q
 _30817_/Q
 _30818_/Q
 _30819_/Q
 _30820_/Q
 _30821_/Q
 _30822_/Q
 _30823_/Q
 _30824_/Q
 _30825_/Q
 _30826_/Q
 _30827_/Q
 _30828_/Q
 _30829_/Q
 _30830_/Q
 _30831_/Q
 _30832_/Q
 _30833_/Q
 _30834_/Q
 _30835_/Q
 _30836_/Q
 _30837_/Q
 _30838_/Q
 _30839_/Q
 _30840_/Q
 _30841_/Q
 _30842_/Q
 _30843_/Q
 _30844_/Q
 _30845_/Q
 _30846_/Q
 _30847_/Q
 _30848_/Q
 _30849_/Q
 _30850_/Q
 _30851_/Q
 _30852_/Q
 _30853_/Q
 _30854_/Q
 _30855_/Q
 _30856_/Q
 _30857_/Q
 _30858_/Q
 _30859_/Q
 _30860_/Q
 _30861_/Q
 _30862_/Q
 _30863_/Q
 _30864_/Q
 _30865_/Q
 _30866_/Q
 _30867_/Q
 _30868_/Q
 _30869_/Q
 _30870_/Q
 _30871_/Q
 _30872_/Q
 _30873_/Q
 _30874_/Q
 _30875_/Q
 _30876_/Q
 _30877_/Q
 _30878_/Q
 _30879_/Q
 _30880_/Q
 _30881_/Q
 _30882_/Q
 _30883_/Q
 _30884_/Q
 _30885_/Q
 _30886_/Q
 _30887_/Q
 _30888_/Q
 _30889_/Q
 _30890_/Q
 _30891_/Q
 _30892_/Q
 _30893_/Q
 _30894_/Q
 _30895_/Q
 _30896_/Q
 _30897_/Q
 _30898_/Q
 _30899_/Q
 _30900_/Q
 _30901_/Q
 _30902_/Q
 _30903_/Q
 _30904_/Q
 _30905_/Q
 _30906_/Q
 _30907_/Q
 _30908_/Q
 _30909_/Q
 _30910_/Q
 _30911_/Q
 _30912_/Q
 _30913_/Q
 _30914_/Q
 _30915_/Q
 _30916_/Q
 _30917_/Q
 _30918_/Q
 _30919_/Q
 _30920_/Q
 _30921_/Q
 _30922_/Q
 _30923_/Q
 _30924_/Q
 _30925_/Q
 _30926_/Q
 _30927_/Q
 _30928_/Q
 _30929_/Q
 _30930_/Q
 _30931_/Q
 _30932_/Q
 _30933_/Q
 _30934_/Q
 _30935_/Q
 _30936_/Q
 _30937_/Q
 _30938_/Q
 _30939_/Q
 _30940_/Q
 _30941_/Q
 _30942_/Q
 _30943_/Q
 _30944_/Q
 _30945_/Q
 _30946_/Q
 _30947_/Q
 _30948_/Q
 _30949_/Q
 _30950_/Q
 _30951_/Q
 _30952_/Q
 _30953_/Q
 _30954_/Q
 _30955_/Q
 _30956_/Q
 _30957_/Q
 _30958_/Q
 _30959_/Q
 _30960_/Q
 _30961_/Q
 _30962_/Q
 _30963_/Q
 _30964_/Q
 _30965_/Q
 _30966_/Q
 _30967_/Q
 _30968_/Q
 _30969_/Q
 _30970_/Q
 _30971_/Q
 _30972_/Q
 _30973_/Q
 _30974_/Q
 _30975_/Q
 _30976_/Q
 _30977_/Q
 _30978_/Q
 _30979_/Q
 _30980_/Q
 _30981_/Q
 _30982_/Q
 _30983_/Q
 _30984_/Q
 _30985_/Q
 _30986_/Q
 _30987_/Q
 _30988_/Q
 _30989_/Q
 _30990_/Q
 _30991_/Q
 _30992_/Q
 _30993_/Q
 _30994_/Q
 _30995_/Q
 _30996_/Q
 _30997_/Q
 _30998_/Q
 _30999_/Q
 _31000_/Q
 _31001_/Q
 _31002_/Q
 _31003_/Q
 _31004_/Q
 _31005_/Q
 _31006_/Q
 _31007_/Q
 _31008_/Q
 _31009_/Q
 _31010_/Q
 _31011_/Q
 _31012_/Q
 _31013_/Q
 _31014_/Q
 _31015_/Q
 _31016_/Q
 _31017_/Q
 _31018_/Q
 _31019_/Q
 _31020_/Q
 _31021_/Q
 _31022_/Q
 _31023_/Q
 _31024_/Q
 _31025_/Q
 _31026_/Q
 _31027_/Q
 _31028_/Q
 _31029_/Q
 _31030_/Q
 _31031_/Q
 _31032_/Q
 _31033_/Q
 _31034_/Q
 _31035_/Q
 _31036_/Q
 _31037_/Q
 _31038_/Q
 _31039_/Q
 _31040_/Q
 _31041_/Q
 _31042_/Q
 _31043_/Q
 _31044_/Q
 _31045_/Q
 _31046_/Q
 _31047_/Q
 _31048_/Q
 _31049_/Q
 _31050_/Q
 _31051_/Q
 _31052_/Q
 _31053_/Q
 _31054_/Q
 _31055_/Q
 _31056_/Q
 _31057_/Q
 _31058_/Q
 _31059_/Q
 _31060_/Q
 _31061_/Q
 _31062_/Q
 _31063_/Q
 _31064_/Q
 _31065_/Q
 _31066_/Q
 _31067_/Q
 _31068_/Q
 _31069_/Q
 _31070_/Q
 _31071_/Q
 _31072_/Q
 _31073_/Q
 _31074_/Q
 _31075_/Q
 _31076_/Q
 _31077_/Q
 _31078_/Q
 _31079_/Q
 _31080_/Q
 _31081_/Q
 _31082_/Q
 _31083_/Q
 _31084_/Q
 _31085_/Q
 _31086_/Q
 _31087_/Q
 _31088_/Q
 _31089_/Q
 _31090_/Q
 _31091_/Q
 _31092_/Q
 _31093_/Q
 _31094_/Q
 _31095_/Q
 _31096_/Q
 _31097_/Q
 _31098_/Q
 _31099_/Q
 _31100_/Q
 _31101_/Q
 _31102_/Q
 _31103_/Q
 _31104_/Q
 _31105_/Q
 _31106_/Q
 _31107_/Q
 _31108_/Q
 _31109_/Q
 _31110_/Q
 _31111_/Q
 _31112_/Q
 _31113_/Q
 _31114_/Q
 _31115_/Q
 _31116_/Q
 _31117_/Q
 _31118_/Q
 _31119_/Q
 _31120_/Q
 _31121_/Q
 _31122_/Q
 _31123_/Q
 _31124_/Q
 _31125_/Q
 _31126_/Q
 _31127_/Q
 _31128_/Q
 _31129_/Q
 _31130_/Q
 _31131_/Q
 _31132_/Q
 _31133_/Q
 _31134_/Q
 _31135_/Q
 _31136_/Q
 _31137_/Q
 _31138_/Q
 _31139_/Q
 _31140_/Q
 _31141_/Q
 _31142_/Q
 _31143_/Q
 _31144_/Q
 _31145_/Q
 _31146_/Q
 _31147_/Q
 _31148_/Q
 _31149_/Q
 _31150_/Q
 _31151_/Q
 _31152_/Q
 _31153_/Q
 _31154_/Q
 _31155_/Q
 _31156_/Q
 _31157_/Q
 _31158_/Q
 _31159_/Q
 _31160_/Q
 _31161_/Q
 _31162_/Q
 _31163_/Q
 _31164_/Q
 _31165_/Q
 _31166_/Q
 _31167_/Q
 _31168_/Q
 _31169_/Q
 _31170_/Q
 _31171_/Q
 _31172_/Q
 _31173_/Q
 _31174_/Q
 _31175_/Q
 _31176_/Q
 _31177_/Q
 _31178_/Q
 _31179_/Q
 _31180_/Q
 _31181_/Q
 _31182_/Q
 _31183_/Q
 _31184_/Q
 _31185_/Q
 _31186_/Q
 _31187_/Q
 _31188_/Q
 _31189_/Q
 _31190_/Q
 _31191_/Q
 _31192_/Q
 _31193_/Q
 _31194_/Q
 _31195_/Q
 _31196_/Q
 _31197_/Q
 _31198_/Q
 _31199_/Q
 _31200_/Q
 _31201_/Q
 _31202_/Q
 _31203_/Q
 _31204_/Q
 _31205_/Q
 _31206_/Q
 _31207_/Q
 _31208_/Q
 _31209_/Q
 _31210_/Q
 _31211_/Q
 _31212_/Q
 _31213_/Q
 _31214_/Q
 _31215_/Q
 _31216_/Q
 _31217_/Q
 _31218_/Q
 _31219_/Q
 _31220_/Q
 _31221_/Q
 _31222_/Q
 _31223_/Q
 _31224_/Q
 _31225_/Q
 _31226_/Q
 _31227_/Q
 _31228_/Q
 _31229_/Q
 _31230_/Q
 _31231_/Q
 _31232_/Q
 _31233_/Q
 _31234_/Q
 _31235_/Q
 _31236_/Q
 _31237_/Q
 _31238_/Q
 _31239_/Q
 _31240_/Q
 _31241_/Q
 _31242_/Q
 _31243_/Q
 _31244_/Q
 _31245_/Q
 _31246_/Q
 _31247_/Q
 _31248_/Q
 _31249_/Q
 _31250_/Q
 _31251_/Q
 _31252_/Q
 _31253_/Q
 _31254_/Q
 _31255_/Q
 _31256_/Q
 _31257_/Q
 _31258_/Q
 _31259_/Q
 _31260_/Q
 _31261_/Q
 _31262_/Q
 _31263_/Q
 _31264_/Q
 _31265_/Q
 _31266_/Q
 _31267_/Q
 _31268_/Q
 _31269_/Q
 _31270_/Q
 _31271_/Q
 _31272_/Q
 _31273_/Q
 _31274_/Q
 _31275_/Q
 _31276_/Q
 _31277_/Q
 _31278_/Q
 _31279_/Q
 _31280_/Q
 _31281_/Q
 _31282_/Q
 _31283_/Q
 _31284_/Q
 _31285_/Q
 _31286_/Q
 _31287_/Q
 _31288_/Q
 _31289_/Q
 _31290_/Q
 _31291_/Q
 _31292_/Q
 _31293_/Q
 _31294_/Q
 _31295_/Q
 _31296_/Q
 _31297_/Q
 _31298_/Q
 _31299_/Q
 _31300_/Q
 _31301_/Q
 _31302_/Q
 _31303_/Q
 _31304_/Q
 _31305_/Q
 _31306_/Q
 _31307_/Q
 _31308_/Q
 _31309_/Q
 _31310_/Q
 _31311_/Q
 _31312_/Q
 _31313_/Q
 _31314_/Q
 _31315_/Q
 _31316_/Q
 _31317_/Q
 _31318_/Q
 _31319_/Q
 _31320_/Q
 _31321_/Q
 _31322_/Q
 _31323_/Q
 _31324_/Q
 _31325_/Q
 _31326_/Q
 _31327_/Q
 _31328_/Q
 _31329_/Q
 _31330_/Q
 _31331_/Q
 _31332_/Q
 _31333_/Q
 _31334_/Q
 _31335_/Q
 _31336_/Q
 _31337_/Q
 _31338_/Q
 _31339_/Q
 _31340_/Q
 _31341_/Q
 _31342_/Q
 _31343_/Q
 _31344_/Q
 _31345_/Q
 _31346_/Q
 _31347_/Q
 _31348_/Q
 _31349_/Q
 _31350_/Q
 _31351_/Q
 _31352_/Q
 _31353_/Q
 _31354_/Q
 _31355_/Q
 _31356_/Q
 _31357_/Q
 _31358_/Q
 _31359_/Q
 _31360_/Q
 _31361_/Q
 _31362_/Q
 _31363_/Q
 _31364_/Q
 _31365_/Q
 _31366_/Q
 _31367_/Q
 _31368_/Q
 _31369_/Q
 _31370_/Q
 _31371_/Q
 _31372_/Q
 _31373_/Q
 _31374_/Q
 _31375_/Q
 _31376_/Q
 _31377_/Q
 _31378_/Q
 _31379_/Q
 _31380_/Q
 _31381_/Q
 _31382_/Q
 _31383_/Q
 _31384_/Q
 _31385_/Q
 _31386_/Q
 _31387_/Q
 _31388_/Q
 _31389_/Q
 _31390_/Q
 _31391_/Q
 _31392_/Q
 _31393_/Q
 _31394_/Q
 _31395_/Q
 _31396_/Q
 _31397_/Q
 _31398_/Q
 _31399_/Q
 _31400_/Q
 _31401_/Q
 _31402_/Q
 _31403_/Q
 _31404_/Q
 _31405_/Q
 _31406_/Q
 _31407_/Q
 _31408_/Q
 _31409_/Q
 _31410_/Q
 _31411_/Q
 _31412_/Q
 _31413_/Q
 _31414_/Q
 _31415_/Q
 _31416_/Q
 _31417_/Q
 _31418_/Q
 _31419_/Q
 _31420_/Q
 _31421_/Q
 _31422_/Q
 _31423_/Q
 _31424_/Q
 _31425_/Q
 _31426_/Q
 _31427_/Q
 _31428_/Q
 _31429_/Q
 _31430_/Q
 _31431_/Q
 _31432_/Q
 _31433_/Q
 _31434_/Q
 _31435_/Q
 _31436_/Q
 _31437_/Q
 _31438_/Q
 _31439_/Q
 _31440_/Q
 _31441_/Q
 _31442_/Q
 _31443_/Q
 _31444_/Q
 _31445_/Q
 _31446_/Q
 _31447_/Q
 _31448_/Q
 _31449_/Q
 _31450_/Q
 _31451_/Q
 _31452_/Q
 _31453_/Q
 _31454_/Q
 _31455_/Q
 _31456_/Q
 _31457_/Q
 _31458_/Q
 _31459_/Q
 _31460_/Q
 _31461_/Q
 _31462_/Q
 _31463_/Q
 _31464_/Q
 _31465_/Q
 _31466_/Q
 _31467_/Q
 _31468_/Q
 _31469_/Q
 _31470_/Q
 _31471_/Q
 _31472_/Q
 _31473_/Q
 _31474_/Q
 _31475_/Q
 _31476_/Q
 _31477_/Q
 _31478_/Q
 _31479_/Q
 _31480_/Q
 _31481_/Q
 _31482_/Q
 _31483_/Q
 _31484_/Q
 _31485_/Q
 _31486_/Q
 _31487_/Q
 _31488_/Q
 _31489_/Q
 _31490_/Q
 _31491_/Q
 _31492_/Q
 _31493_/Q
 _31494_/Q
 _31495_/Q
 _31496_/Q
 _31497_/Q
 _31498_/Q
 _31499_/Q
 _31500_/Q
 _31501_/Q
 _31502_/Q
 _31503_/Q
 _31504_/Q
 _31505_/Q
 _31506_/Q
 _31507_/Q
 _31508_/Q
 _31509_/Q
 _31510_/Q
 _31511_/Q
 _31512_/Q
 _31513_/Q
 _31514_/Q
 _31515_/Q
 _31516_/Q
 _31517_/Q
 _31518_/Q
 _31519_/Q
 _31520_/Q
 _31521_/Q
 _31522_/Q
 _31523_/Q
 _31524_/Q
 _31525_/Q
 _31526_/Q
 _31527_/Q
 _31528_/Q
 _31529_/Q
 _31530_/Q
 _31531_/Q
 _31532_/Q
 _31533_/Q
 _31534_/Q
 _31535_/Q
 _31536_/Q
 _31537_/Q
 _31538_/Q
 _31539_/Q
 _31540_/Q
 _31541_/Q
 _31542_/Q
 _31543_/Q
 _31544_/Q
 _31545_/Q
 _31546_/Q
 _31547_/Q
 _31548_/Q
 _31549_/Q
 _31550_/Q
 _31551_/Q
 _31552_/Q
 _31553_/Q
 _31554_/Q
 _31555_/Q
 _31556_/Q
 _31557_/Q
 _31558_/Q
 _31559_/Q
 _31560_/Q
 _31561_/Q
 _31562_/Q
 _31563_/Q
 _31564_/Q
 _31565_/Q
 _31566_/Q
 _31567_/Q
 _31568_/Q
 _31569_/Q
 _31570_/Q
 _31571_/Q
 _31572_/Q
 _31573_/Q
 _31574_/Q
 _31575_/Q
 _31576_/Q
 _31577_/Q
 _31578_/Q
 _31579_/Q
 _31580_/Q
 _31581_/Q
 _31582_/Q
 _31583_/Q
 _31584_/Q
 _31585_/Q
 _31586_/Q
 _31587_/Q
 _31588_/Q
 _31589_/Q
 _31590_/Q
 _31591_/Q
 _31592_/Q
 _31593_/Q
 _31594_/Q
 _31595_/Q
 _31596_/Q
 _31597_/Q
 _31598_/Q
 _31599_/Q
 _31600_/Q
 _31601_/Q
 _31602_/Q
 _31603_/Q
 _31604_/Q
 _31605_/Q
 _31606_/Q
 _31607_/Q
 _31608_/Q
 _31609_/Q
 _31610_/Q
 _31611_/Q
 _31612_/Q
 _31613_/Q
 _31614_/Q
 _31615_/Q
 _31616_/Q
 _31617_/Q
 _31618_/Q
 _31619_/Q
 _31620_/Q
 _31621_/Q
 _31622_/Q
 _31623_/Q
 _31624_/Q
 _31625_/Q
 _31626_/Q
 _31627_/Q
 _31628_/Q
 _31629_/Q
 _31630_/Q
 _31631_/Q
 _31632_/Q
 _31633_/Q
 _31634_/Q
 _31635_/Q
 _31636_/Q
 _31637_/Q
 _31638_/Q
 _31639_/Q
 _31640_/Q
 _31641_/Q
 _31642_/Q
 _31643_/Q
 _31644_/Q
 _31645_/Q
 _31646_/Q
 _31647_/Q
 _31648_/Q
 _31649_/Q
 _31650_/Q
 _31651_/Q
 _31652_/Q
 _31653_/Q
 _31654_/Q
 _31655_/Q
 _31656_/Q
 _31657_/Q
 _31658_/Q
 _31659_/Q
 _31660_/Q
 _31661_/Q
 _31662_/Q
 _31663_/Q
 _31664_/Q
 _31665_/Q
 _31666_/Q
 _31667_/Q
 _31668_/Q
 _31669_/Q
 _31670_/Q
 _31671_/Q
 _31672_/Q
 _31673_/Q
 _31674_/Q
 _31675_/Q
 _31676_/Q
 _31677_/Q
 _31678_/Q
 _31679_/Q
 _31680_/Q
 _31681_/Q
 _31682_/Q
 _31683_/Q
 _31684_/Q
 _31685_/Q
 _31686_/Q
 _31687_/Q
 _31688_/Q
 _31689_/Q
 _31690_/Q
 _31691_/Q
 _31692_/Q
 _31693_/Q
 _31694_/Q
 _31695_/Q
 _31696_/Q
 _31697_/Q
 _31698_/Q
 _31699_/Q
 _31700_/Q
 _31701_/Q
 _31702_/Q
 _31703_/Q
 _31704_/Q
 _31705_/Q
 _31706_/Q
 _31707_/Q
 _31708_/Q
 _31709_/Q
 _31710_/Q
 _31711_/Q
 _31712_/Q
 _31713_/Q
 _31714_/Q
 _31715_/Q
 _31716_/Q
 _31717_/Q
 _31718_/Q
 _31719_/Q
 _31720_/Q
 _31721_/Q
 _31722_/Q
 _31723_/Q
 _31724_/Q
 _31725_/Q
 _31726_/Q
 _31727_/Q
 _31728_/Q
 _31729_/Q
 _31730_/Q
 _31731_/Q
 _31732_/Q
 _31733_/Q
 _31734_/Q
 _31735_/Q
 _31736_/Q
 _31737_/Q
 _31738_/Q
 _31739_/Q
 _31740_/Q
 _31741_/Q
 _31742_/Q
 _31743_/Q
 _31744_/Q
 _31745_/Q
 _31746_/Q
 _31747_/Q
 _31748_/Q
 _31749_/Q
 _31750_/Q
 _31751_/Q
 _31752_/Q
 _31753_/Q
 _31754_/Q
 _31755_/Q
 _31756_/Q
 _31757_/Q
 _31758_/Q
 _31759_/Q
 _31760_/Q
 _31761_/Q
 _31762_/Q
 _31763_/Q
 _31764_/Q
 _31765_/Q
 _31766_/Q
 _31767_/Q
 _31768_/Q
 _31769_/Q
 _31770_/Q
 _31771_/Q
 _31772_/Q
 _31773_/Q
 _31774_/Q
 _31775_/Q
 _31776_/Q
 _31777_/Q
 _31778_/Q
 _31779_/Q
 _31780_/Q
 _31781_/Q
 _31782_/Q
 _31783_/Q
 _31784_/Q
 _31785_/Q
 _31786_/Q
 _31787_/Q
 _31788_/Q
 _31789_/Q
 _31790_/Q
 _31791_/Q
 _31792_/Q
 _31793_/Q
 _31794_/Q
 _31795_/Q
 _31796_/Q
 _31797_/Q
 _31798_/Q
 _31799_/Q
 _31800_/Q
 _31801_/Q
 _31802_/Q
 _31803_/Q
 _31804_/Q
 _31805_/Q
 _31806_/Q
 _31807_/Q
 _31808_/Q
 _31809_/Q
 _31810_/Q
 _31811_/Q
 _31812_/Q
 _31813_/Q
 _31814_/Q
 _31815_/Q
 _31816_/Q
 _31817_/Q
 _31818_/Q
 _31819_/Q
 _31820_/Q
 _31821_/Q
 _31822_/Q
 _31823_/Q
 _31824_/Q
 _31825_/Q
 _31826_/Q
 _31827_/Q
 _31828_/Q
 _31829_/Q
 _31830_/Q
 _31831_/Q
 _31832_/Q
 _31833_/Q
 _31834_/Q
 _31835_/Q
 _31836_/Q
 _31837_/Q
 _31838_/Q
 _31839_/Q
 _31840_/Q
 _31841_/Q
 _31842_/Q
 _31843_/Q
 _31844_/Q
 _31845_/Q
 _31846_/Q
 _31847_/Q
 _31848_/Q
 _31849_/Q
 _31850_/Q
 _31851_/Q
 _31852_/Q
 _31853_/Q
 _31854_/Q
 _31855_/Q
 _31856_/Q
 _31857_/Q
 _31858_/Q
 _31859_/Q
 _31860_/Q
 _31861_/Q
 _31862_/Q
 _31863_/Q
 _31864_/Q
 _31865_/Q
 _31866_/Q
 _31867_/Q
 _31868_/Q
 _31869_/Q
 _31870_/Q
 _31871_/Q
 _31872_/Q
 _31873_/Q
 _31874_/Q
 _31875_/Q
 _31876_/Q
 _31877_/Q
 _31878_/Q
 _31879_/Q
 _31880_/Q
 _31881_/Q
 _31882_/Q
 _31883_/Q
 _31884_/Q
 _31885_/Q
 _31886_/Q
 _31887_/Q
 _31888_/Q
 _31889_/Q
 _31890_/Q
 _31891_/Q
 _31892_/Q
 _31893_/Q
 _31894_/Q
 _31895_/Q
 _31896_/Q
 _31897_/Q
 _31898_/Q
 _31899_/Q
 _31900_/Q
 _31901_/Q
 _31902_/Q
 _31903_/Q
 _31904_/Q
 _31905_/Q
 _31906_/Q
 _31907_/Q
 _31908_/Q
 _31909_/Q
 _31910_/Q
 _31911_/Q
 _31912_/Q
 _31913_/Q
 _31914_/Q
 _31915_/Q
 _31916_/Q
 _31917_/Q
 _31918_/Q
 _31919_/Q
 _31920_/Q
 _31921_/Q
 _31922_/Q
 _31923_/Q
 _31924_/Q
 _31925_/Q
 _31926_/Q
 _31927_/Q
 _31928_/Q
 _31929_/Q
 _31930_/Q
 _31931_/Q
 _31932_/Q
 _31933_/Q
 _31934_/Q
 _31935_/Q
 _31936_/Q
 _31937_/Q
 _31938_/Q
 _31939_/Q
 _31940_/Q
 _31941_/Q
 _31942_/Q
 _31943_/Q
 _31944_/Q
 _31945_/Q
 _31946_/Q
 _31947_/Q
 _31948_/Q
 _31949_/Q
 _31950_/Q
 _31951_/Q
 _31952_/Q
 _31953_/Q
 _31954_/Q
 _31955_/Q
 _31956_/Q
 _31957_/Q
 _31958_/Q
 _31959_/Q
 _31960_/Q
 _31961_/Q
 _31962_/Q
 _31963_/Q
 _31964_/Q
 _31965_/Q
 _31966_/Q
 _31967_/Q
 _31968_/Q
 _31969_/Q
 _31970_/Q
 _31971_/Q
 _31972_/Q
 _31973_/Q
 _31974_/Q
 _31975_/Q
 _31976_/Q
 _31977_/Q
 _31978_/Q
 _31979_/Q
 _31980_/Q
 _31981_/Q
 _31982_/Q
 _31983_/Q
 _31984_/Q
 _31985_/Q
 _31986_/Q
 _31987_/Q
 _31988_/Q
 _31989_/Q
 _31990_/Q
 _31991_/Q
 _31992_/Q
 _31993_/Q
 _31994_/Q
 _31995_/Q
 _31996_/Q
 _31997_/Q
 _31998_/Q
 _31999_/Q
 _32000_/Q
 _32001_/Q
 _32002_/Q
 _32003_/Q
 _32004_/Q
 _32005_/Q
 _32006_/Q
 _32007_/Q
 _32008_/Q
 _32009_/Q
 _32010_/Q
 _32011_/Q
 _32012_/Q
 _32013_/Q
 _32014_/Q
 _32015_/Q
 _32016_/Q
 _32017_/Q
 _32018_/Q
 _32019_/Q
 _32020_/Q
 _32021_/Q
 _32022_/Q
 _32023_/Q
 _32024_/Q
 _32025_/Q
 _32026_/Q
 _32027_/Q
 _32028_/Q
 _32029_/Q
 _32030_/Q
 _32031_/Q
 _32032_/Q
 _32033_/Q
 _32034_/Q
 _32035_/Q
 _32036_/Q
 _32037_/Q
 _32038_/Q
 _32039_/Q
 _32040_/Q
 _32041_/Q
 _32042_/Q
 _32043_/Q
 _32044_/Q
 _32045_/Q
 _32046_/Q
 _32047_/Q
 _32048_/Q
 _32049_/Q
 _32050_/Q
 _32051_/Q
 _32052_/Q
 _32053_/Q
 _32054_/Q
 _32055_/Q
 _32056_/Q
 _32057_/Q
 _32058_/Q
 _32059_/Q
 _32060_/Q
 _32061_/Q
 _32062_/Q
 _32063_/Q
 _32064_/Q
 _32065_/Q
 _32066_/Q
 _32067_/Q
 _32068_/Q
 _32069_/Q
 _32070_/Q
 _32071_/Q
 _32072_/Q
 _32073_/Q
 _32074_/Q
 _32075_/Q
 _32076_/Q
 _32077_/Q
 _32078_/Q
 _32079_/Q
 _32080_/Q
 _32081_/Q
 _32082_/Q
 _32083_/Q
 _32084_/Q
 _32085_/Q
 _32086_/Q
 _32087_/Q
 _32088_/Q
 _32089_/Q
 _32090_/Q
 _32091_/Q
 _32092_/Q
 _32093_/Q
 _32094_/Q
 _32095_/Q
 _32096_/Q
 _32097_/Q
 _32098_/Q
 _32099_/Q
 _32100_/Q
 _32101_/Q
 _32102_/Q
 _32103_/Q
 _32104_/Q
 _32105_/Q
 _32106_/Q
 _32107_/Q
 _32108_/Q
 _32109_/Q
 _32110_/Q
 _32111_/Q
 _32112_/Q
 _32113_/Q
 _32114_/Q
 _32115_/Q
 _32116_/Q
 _32117_/Q
 _32118_/Q
 _32119_/Q
 _32120_/Q
 _32121_/Q
 _32122_/Q
 _32123_/Q
 _32124_/Q
 _32125_/Q
 _32126_/Q
 _32127_/Q
 _32128_/Q
 _32129_/Q
 _32130_/Q
 _32131_/Q
 _32132_/Q
 _32133_/Q
 _32134_/Q
 _32135_/Q
 _32136_/Q
 _32137_/Q
 _32138_/Q
 _32139_/Q
 _32140_/Q
 _32141_/Q
 _32142_/Q
 _32143_/Q
 _32144_/Q
 _32145_/Q
 _32146_/Q
 _32147_/Q
 _32148_/Q
 _32149_/Q
 _32150_/Q
 _32151_/Q
 _32152_/Q
 _32153_/Q
 _32154_/Q
 _32155_/Q
 _32156_/Q
 _32157_/Q
 _32158_/Q
 _32159_/Q
 _32160_/Q
 _32161_/Q
 _32162_/Q
 _32163_/Q
 _32164_/Q
 _32165_/Q
 _32166_/Q
 _32167_/Q
 _32168_/Q
 _32169_/Q
 _32170_/Q
 _32171_/Q
 _32172_/Q
 _32173_/Q
 _32174_/Q
 _32175_/Q
 _32176_/Q
 _32177_/Q
 _32178_/Q
 _32179_/Q
 _32180_/Q
 _32181_/Q
 _32182_/Q
 _32183_/Q
 _32184_/Q
 _32185_/Q
 _32186_/Q
 _32187_/Q
 _32188_/Q
 _32189_/Q
 _32190_/Q
 _32191_/Q
 _32192_/Q
 _32193_/Q
 _32194_/Q
 _32195_/Q
 _32196_/Q
 _32197_/Q
 _32198_/Q
 _32199_/Q
 _32200_/Q
 _32201_/Q
 _32202_/Q
 _32203_/Q
 _32204_/Q
 _32205_/Q
 _32206_/Q
 _32207_/Q
 _32208_/Q
 _32209_/Q
 _32210_/Q
 _32211_/Q
 _32212_/Q
 _32213_/Q
 _32214_/Q
 _32215_/Q
 _32216_/Q
 _32217_/Q
 _32218_/Q
 _32219_/Q
 _32220_/Q
 _32221_/Q
 _32222_/Q
 _32223_/Q
 _32224_/Q
 _32225_/Q
 _32226_/Q
 _32227_/Q
 _32228_/Q
 _32229_/Q
 _32230_/Q
 _32231_/Q
 _32232_/Q
 _32233_/Q
 _32234_/Q
 _32235_/Q
 _32236_/Q
 _32237_/Q
 _32238_/Q
 _32239_/Q
 _32240_/Q
 _32241_/Q
 _32242_/Q
 _32243_/Q
 _32244_/Q
 _32245_/Q
 _32246_/Q
 _32247_/Q
 _32248_/Q
 _32249_/Q
 _32250_/Q
 _32251_/Q
 _32252_/Q
 _32253_/Q
 _32254_/Q
 _32255_/Q
 _32256_/Q
 _32257_/Q
 _32258_/Q
 _32259_/Q
 _32260_/Q
 _32261_/Q
 _32262_/Q
 _32263_/Q
 _32264_/Q
 _32265_/Q
 _32266_/Q
 _32267_/Q
 _32268_/Q
 _32269_/Q
 _32270_/Q
 _32271_/Q
 _32272_/Q
 _32273_/Q
 _32274_/Q
 _32275_/Q
 _32276_/Q
 _32277_/Q
 _32278_/Q
 _32279_/Q
 _32280_/Q
 _32281_/Q
 _32282_/Q
 _32283_/Q
 _32284_/Q
 _32285_/Q
 _32286_/Q
 _32287_/Q
 _32288_/Q
 _32289_/Q
 _32290_/Q
 _32291_/Q
 _32292_/Q
 _32293_/Q
 _32294_/Q
 _32295_/Q
 _32296_/Q
 _32297_/Q
 _32298_/Q
 _32299_/Q
 _32300_/Q
 _32301_/Q
 _32302_/Q
 _32303_/Q
 _32304_/Q
 _32305_/Q
 _32306_/Q
 _32307_/Q
 _32308_/Q
 _32309_/Q
 _32310_/Q
 _32311_/Q
 _32312_/Q
 _32313_/Q
 _32314_/Q
 _32315_/Q
 _32316_/Q
 _32317_/Q
 _32318_/Q
 _32319_/Q
 _32320_/Q
 _32321_/Q
 _32322_/Q
 _32323_/Q
 _32324_/Q
 _32325_/Q
 _32326_/Q
 _32327_/Q
 _32328_/Q
 _32329_/Q
 _32330_/Q
 _32331_/Q
 _32332_/Q
 _32333_/Q
 _32334_/Q
 _32335_/Q
 _32336_/Q
 _32337_/Q
 _32338_/Q
 _32339_/Q
 _32340_/Q
 _32341_/Q
 _32342_/Q
 _32343_/Q
 _32344_/Q
 _32345_/Q
 _32346_/Q
 _32347_/Q
 _32348_/Q
 _32349_/Q
 _32350_/Q
 _32351_/Q
 _32352_/Q
 _32353_/Q
 _32354_/Q
 _32355_/Q
 _32356_/Q
 _32357_/Q
 _32358_/Q
 _32359_/Q
 _32360_/Q
 _32361_/Q
 _32362_/Q
 _32363_/Q
 _32364_/Q
 _32365_/Q
 _32366_/Q
 _32367_/Q
 _32368_/Q
 _32369_/Q
 _32370_/Q
 _32371_/Q
 _32372_/Q
 _32373_/Q
 _32374_/Q
 _32375_/Q
 _32376_/Q
 _32377_/Q
 _32378_/Q
 _32379_/Q
 _32380_/Q
 _32381_/Q
 _32382_/Q
 _32383_/Q
 _32384_/Q
 _32385_/Q
 _32386_/Q
 _32387_/Q
 _32388_/Q
 _32389_/Q
 _32390_/Q
 _32391_/Q
 _32392_/Q
 _32393_/Q
 _32394_/Q
 _32395_/Q
 _32396_/Q
 _32397_/Q
 _32398_/Q
 _32399_/Q
 _32400_/Q
 _32401_/Q
 _32402_/Q
 _32403_/Q
 _32404_/Q
 _32405_/Q
 _32406_/Q
 _32407_/Q
 _32408_/Q
 _32409_/Q
 _32410_/Q
 _32411_/Q
 _32412_/Q
 _32413_/Q
 _32414_/Q
 _32415_/Q
 _32416_/Q
 _32417_/Q
 _32418_/Q
 _32419_/Q
 _32420_/Q
 _32421_/Q
 _32422_/Q
 _32423_/Q
 _32424_/Q
 _32425_/Q
 _32426_/Q
 _32427_/Q
 _32428_/Q
 _32429_/Q
 _32430_/Q
 _32431_/Q
 _32432_/Q
 _32433_/Q
 _32434_/Q
 _32435_/Q
 _32436_/Q
 _32437_/Q
 _32438_/Q
 _32439_/Q
 _32440_/Q
 _32441_/Q
 _32442_/Q
 _32443_/Q
 _32444_/Q
 _32445_/Q
 _32446_/Q
 _32447_/Q
 _32448_/Q
 _32449_/Q
 _32450_/Q
 _32451_/Q
 _32452_/Q
 _32453_/Q
 _32454_/Q
 _32455_/Q
 _32456_/Q
 _32457_/Q
 _32458_/Q
 _32459_/Q
 _32460_/Q
 _32461_/Q
 _32462_/Q
 _32463_/Q
 _32464_/Q
 _32465_/Q
 _32466_/Q
 _32467_/Q
 _32468_/Q
 _32469_/Q
 _32470_/Q
 _32471_/Q
 _32472_/Q
 _32473_/Q
 _32474_/Q
 _32475_/Q
 _32476_/Q
 _32477_/Q
 _32478_/Q
 _32479_/Q
 _32480_/Q
 _32481_/Q
 _32482_/Q
 _32483_/Q
 _32484_/Q
 _32485_/Q
 _32486_/Q
 _32487_/Q
 _32488_/Q
 _32489_/Q
 _32490_/Q
 _32491_/Q
 _32492_/Q
 _32493_/Q
 _32494_/Q
 _32495_/Q
 _32496_/Q
 _32497_/Q
 _32498_/Q
 _32499_/Q
 _32500_/Q
 _32501_/Q
 _32502_/Q
 _32503_/Q
 _32504_/Q
 _32505_/Q
 _32506_/Q
 _32507_/Q
 _32508_/Q
 _32509_/Q
 _32510_/Q
 _32511_/Q
 _32512_/Q
 _32513_/Q
 _32514_/Q
 _32515_/Q
 _32516_/Q
 _32517_/Q
 _32518_/Q
 _32519_/Q
 _32520_/Q
 _32521_/Q
 _32522_/Q
 _32523_/Q
 _32524_/Q
 _32525_/Q
 _32526_/Q
 _32527_/Q
 _32528_/Q
 _32529_/Q
 _32530_/Q
 _32531_/Q
 _32532_/Q
 _32533_/Q
 _32534_/Q
 _32535_/Q
 _32536_/Q
 _32537_/Q
 _32538_/Q
 _32539_/Q
 _32540_/Q
 _32541_/Q
 _32542_/Q
 _32543_/Q
 _32544_/Q
 _32545_/Q
 _32546_/Q
 _32547_/Q
 _32548_/Q
 _32549_/Q
 _32550_/Q
 _32551_/Q
 _32552_/Q
 _32553_/Q
 _32554_/Q
 _32555_/Q
 _32556_/Q
 _32557_/Q
 _32558_/Q
 _32559_/Q
 _32560_/Q
 _32561_/Q
 _32562_/Q
 _32563_/Q
 _32564_/Q
 _32565_/Q
 _32566_/Q
 _32567_/Q
 _32568_/Q
 _32569_/Q
 _32570_/Q
 _32571_/Q
 _32572_/Q
 _32573_/Q
 _32574_/Q
 _32575_/Q
 _32576_/Q
 _32577_/Q
 _32578_/Q
 _32579_/Q
 _32580_/Q
 _32581_/Q
 _32582_/Q
 _32583_/Q
 _32584_/Q
 _32585_/Q
 _32586_/Q
 _32587_/Q
 _32588_/Q
 _32589_/Q
 _32590_/Q
 _32591_/Q
 _32592_/Q
 _32593_/Q
 _32594_/Q
 _32595_/Q
 _32596_/Q
 _32597_/Q
 _32598_/Q
 _32599_/Q
 _32600_/Q
 _32601_/Q
 _32602_/Q
 _32603_/Q
 _32604_/Q
 _32605_/Q
 _32606_/Q
 _32607_/Q
 _32608_/Q
 _32609_/Q
 _32610_/Q
 _32611_/Q
 _32612_/Q
 _32613_/Q
 _32614_/Q
 _32615_/Q
 _32616_/Q
 _32617_/Q
 _32618_/Q
 _32619_/Q
 _32620_/Q
 _32621_/Q
 _32622_/Q
 _32623_/Q
 _32624_/Q
 _32625_/Q
 _32626_/Q
 _32627_/Q
 _32628_/Q
 _32629_/Q
 _32630_/Q
 _32631_/Q
 _32632_/Q
 _32633_/Q
 _32634_/Q
 _32635_/Q
 _32636_/Q
 _32637_/Q
 _32638_/Q
 _32639_/Q
 _32640_/Q
 _32641_/Q
 _32642_/Q
 _32643_/Q
 _32644_/Q
 _32645_/Q
 _32646_/Q
 _32647_/Q
 _32648_/Q
 _32649_/Q
 _32650_/Q
 _32651_/Q
 _32652_/Q
 _32653_/Q
 _32654_/Q
 _32655_/Q
 _32656_/Q
 _32657_/Q
 _32658_/Q
 _32659_/Q
 _32660_/Q
 _32661_/Q
 _32662_/Q
 _32663_/Q
 _32664_/Q
 _32665_/Q
 _32666_/Q
 _32667_/Q
 _32668_/Q
 _32669_/Q
 _32670_/Q
 _32671_/Q
 _32672_/Q
 _32673_/Q
 _32674_/Q
 _32675_/Q
 _32676_/Q
 _32677_/Q
 _32678_/Q
 _32679_/Q
 _32680_/Q
 _32681_/Q
 _32682_/Q
 _32683_/Q
 _32684_/Q
 _32685_/Q
 _32686_/Q
 _32687_/Q
 _32688_/Q
 _32689_/Q
 _32690_/Q
 _32691_/Q
 _32692_/Q
 _32693_/Q
 _32694_/Q
 _32695_/Q
 _32696_/Q
 _32697_/Q
 _32698_/Q
 _32699_/Q
 _32700_/Q
 _32701_/Q
 _32702_/Q
 _32703_/Q
 _32704_/Q
 _32705_/Q
 _32706_/Q
 _32707_/Q
 _32708_/Q
 _32709_/Q
 _32710_/Q
 _32711_/Q
 _32712_/Q
 _32713_/Q
 _32714_/Q
 _32715_/Q
 _32716_/Q
 _32717_/Q
 _32718_/Q
 _32719_/Q
 _32720_/Q
 _32721_/Q
 _32722_/Q
 _32723_/Q
 _32724_/Q
 _32725_/Q
 _32726_/Q
 _32727_/Q
 _32728_/Q
 _32729_/Q
 _32730_/Q
 _32731_/Q
 _32732_/Q
 _32733_/Q
 _32734_/Q
 _32735_/Q
 _32736_/Q
 _32737_/Q
 _32738_/Q
 _32739_/Q
 _32740_/Q
 _32741_/Q
 _32742_/Q
 _32743_/Q
 _32744_/Q
 _32745_/Q
 _32746_/Q
 _32747_/Q
 _32748_/Q
 _32749_/Q
 _32750_/Q
 _32751_/Q
 _32752_/Q
 _32753_/Q
 _32754_/Q
 _32755_/Q
 _32756_/Q
 _32757_/Q
 _32758_/Q
 _32759_/Q
 _32760_/Q
 _32761_/Q
 _32762_/Q
 _32763_/Q
 _32764_/Q
 _32765_/Q
 _32766_/Q
 _32767_/Q
 _32768_/Q
 _32769_/Q
 _32770_/Q
 _32771_/Q
 _32772_/Q
 _32773_/Q
 _32774_/Q
 _32775_/Q
 _32776_/Q
 _32777_/Q
 _32778_/Q
 _32779_/Q
 _32780_/Q
 _32781_/Q
 _32782_/Q
 _32783_/Q
 _32784_/Q
 _32785_/Q
 _32786_/Q
 _32787_/Q
 _32788_/Q
 _32789_/Q
 _32790_/Q
 _32791_/Q
 _32792_/Q
 _32793_/Q
 _32794_/Q
 _32795_/Q
 _32796_/Q
 _32797_/Q
 _32798_/Q
 _32799_/Q
 _32800_/Q
 _32801_/Q
 _32802_/Q
 _32803_/Q
 _32804_/Q
 _32805_/Q
 _32806_/Q
 _32807_/Q
 _32808_/Q
 _32809_/Q
 _32810_/Q
 _32811_/Q
 _32812_/Q
 _32813_/Q
 _32814_/Q
 _32815_/Q
 _32816_/Q
 _32817_/Q
 _32818_/Q
 _32819_/Q
 _32820_/Q
 _32821_/Q
 _32822_/Q
 _32823_/Q
 _32824_/Q
 _32825_/Q
 _32826_/Q
 _32827_/Q
 _32828_/Q
 _32829_/Q
 _32830_/Q
 _32831_/Q
 _32832_/Q
 _32833_/Q
 _32834_/Q
 _32835_/Q
 _32836_/Q
 _32837_/Q
 _32838_/Q
 _32839_/Q
 _32840_/Q
 _32841_/Q
 _32842_/Q
 _32843_/Q
 _32844_/Q
 _32845_/Q
 _32846_/Q
 _32847_/Q
 _32848_/Q
 _32849_/Q
 _32850_/Q
 _32851_/Q
 _32852_/Q
 _32853_/Q
 _32854_/Q
 _32855_/Q
 _32856_/Q
 _32857_/Q
 _32858_/Q
 _32859_/Q
 _32860_/Q
 _32861_/Q
 _32862_/Q
 _32863_/Q
 _32864_/Q
 _32865_/Q
 _32866_/Q
 _32867_/Q
 _32868_/Q
 _32869_/Q
 _32870_/Q
 _32871_/Q
 _32872_/Q
 _32873_/Q
 _32874_/Q
 _32875_/Q
 _32876_/Q
 _32877_/Q
 _32878_/Q
 _32879_/Q
 _32880_/Q
 _32881_/Q
 _32882_/Q
 _32883_/Q
 _32884_/Q
 _32885_/Q
 _32886_/Q
 _32887_/Q
 _32888_/Q
 _32889_/Q
 _32890_/Q
 _32891_/Q
 _32892_/Q
 _32893_/Q
 _32894_/Q
 _32895_/Q
 _32896_/Q
 _32897_/Q
 _32898_/Q
 _32899_/Q
 _32900_/Q
 _32901_/Q
 _32902_/Q
 _32903_/Q
 _32904_/Q
 _32905_/Q
 _32906_/Q
 _32907_/Q
 _32908_/Q
 _32909_/Q
 _32910_/Q
 _32911_/Q
 _32912_/Q
 _32913_/Q
 _32914_/Q
 _32915_/Q
 _32916_/Q
 _32917_/Q
 _32918_/Q
 _32919_/Q
 _32920_/Q
 _32921_/Q
 _32922_/Q
 _32923_/Q
 _32924_/Q
 _32925_/Q
 _32926_/Q
 _32927_/Q
 _32928_/Q
 _32929_/Q
 _32930_/Q
 _32931_/Q
 _32932_/Q
 _32933_/Q
 _32934_/Q
 _32935_/Q
 _32936_/Q
 _32937_/Q
 _32938_/Q
 _32939_/Q
 _32940_/Q
 _32941_/Q
 _32942_/Q
 _32943_/Q
 _32944_/Q
 _32945_/Q
 _32946_/Q
 _32947_/Q
 _32948_/Q
 _32949_/Q
 _32950_/Q
 _32951_/Q
 _32952_/Q
 _32953_/Q
 _32954_/Q
 _32955_/Q
 _32956_/Q
 _32957_/Q
 _32958_/Q
 _32959_/Q
 _32960_/Q
 _32961_/Q
 _32962_/Q
 _32963_/Q
 _32964_/Q
 _32965_/Q
 _32966_/Q
 _32967_/Q
 _32968_/Q
 _32969_/Q
 _32970_/Q
 _32971_/Q
 _32972_/Q
 _32973_/Q
 _32974_/Q
 _32975_/Q
 _32976_/Q
 _32977_/Q
 _32978_/Q
 _32979_/Q
 _32980_/Q
 _32981_/Q
 _32982_/Q
 _32983_/Q
 _32984_/Q
 _32985_/Q
 _32986_/Q
 _32987_/Q
 _32988_/Q
 _32989_/Q
 _32990_/Q
 _32991_/Q
 _32992_/Q
 _32993_/Q
 _32994_/Q
 _32995_/Q
 _32996_/Q
 _32997_/Q
 _32998_/Q
 _32999_/Q
 _33000_/Q
 _33001_/Q
 _33002_/Q
 _33003_/Q
 _33004_/Q
 _33005_/Q
 _33006_/Q
 _33007_/Q
 _33008_/Q
 _33009_/Q
 _33010_/Q
 _33011_/Q
 _33012_/Q
 _33013_/Q
 _33014_/Q
 _33015_/Q
 _33016_/Q
 _33017_/Q
 _33018_/Q
 _33019_/Q
 _33020_/Q
 _33021_/Q
 _33022_/Q
 _33023_/Q
 _33024_/Q
 _33025_/Q
 _33026_/Q
 _33027_/Q
 _33028_/Q
 _33029_/Q
 _33030_/Q
 _33031_/Q
 _33032_/Q
 _33033_/Q
 _33034_/Q
 _33035_/Q
 _33036_/Q
 _33037_/Q
 _33038_/Q
 _33039_/Q
 _33040_/Q
 _33041_/Q
 _33042_/Q
 _33043_/Q
 _33044_/Q
 _33045_/Q
 _33046_/Q
 _33047_/Q
 _33048_/Q
 _33049_/Q
 _33050_/Q
 _33051_/Q
 _33052_/Q
 _33053_/Q
 _33054_/Q
 _33055_/Q
 _33056_/Q
 _33057_/Q
 _33058_/Q
 _33059_/Q
 _33060_/Q
 _33061_/Q
 _33062_/Q
 _33063_/Q
 _33064_/Q
 _33065_/Q
 _33066_/Q
 _33067_/Q
 _33068_/Q
 _33069_/Q
 _33070_/Q
 _33071_/Q
 _33072_/Q
 _33073_/Q
 _33074_/Q
 _33075_/Q
 _33076_/Q
 _33077_/Q
 _33078_/Q
 _33079_/Q
 _33080_/Q
 _33081_/Q
 _33082_/Q
 _33083_/Q
 _33084_/Q
 _33085_/Q
 _33086_/Q
 _33087_/Q
 _33088_/Q
 _33089_/Q
 _33090_/Q
 _33091_/Q
 _33092_/Q
 _33093_/Q
 _33094_/Q
 _33095_/Q
 _33096_/Q
 _33097_/Q
 _33098_/Q
 _33099_/Q
 _33100_/Q
 _33101_/Q
 _33102_/Q
 _33103_/Q
 _33104_/Q
 _33105_/Q
 _33106_/Q
 _33107_/Q
 _33108_/Q
 _33109_/Q
 _33110_/Q
 _33111_/Q
 _33112_/Q
 _33113_/Q
 _33114_/Q
 _33115_/Q
 _33116_/Q
 _33117_/Q
 _33118_/Q
 _33119_/Q
 _33120_/Q
 _33121_/Q
 _33122_/Q
 _33123_/Q
 _33124_/Q
 _33125_/Q
 _33126_/Q
 _33127_/Q
 _33128_/Q
 _33129_/Q
 _33130_/Q
 _33131_/Q
 _33132_/Q
 _33133_/Q
 _33134_/Q
 _33135_/Q
 _33136_/Q
 _33137_/Q
 _33138_/Q
 _33139_/Q
 _33140_/Q
 _33141_/Q
 _33142_/Q
 _33143_/Q
 _33144_/Q
 _33145_/Q
 _33146_/Q
 _33147_/Q
 _33148_/Q
 _33149_/Q
 _33150_/Q
 _33151_/Q
 _33152_/Q
 _33153_/Q
 clkbuf_0_clk/X
 clkbuf_2_0_0_clk/X
 clkbuf_2_1_0_clk/X
 clkbuf_2_2_0_clk/X
 clkbuf_2_3_0_clk/X
 clkbuf_4_0_0_clk/X
 clkbuf_4_10_0_clk/X
 clkbuf_4_11_0_clk/X
 clkbuf_4_12_0_clk/X
 clkbuf_4_13_0_clk/X
 clkbuf_4_14_0_clk/X
 clkbuf_4_15_0_clk/X
 clkbuf_4_1_0_clk/X
 clkbuf_4_2_0_clk/X
 clkbuf_4_3_0_clk/X
 clkbuf_4_4_0_clk/X
 clkbuf_4_5_0_clk/X
 clkbuf_4_6_0_clk/X
 clkbuf_4_7_0_clk/X
 clkbuf_4_8_0_clk/X
 clkbuf_4_9_0_clk/X
 clkbuf_5_0__f_clk/X
 clkbuf_5_10__f_clk/X
 clkbuf_5_11__f_clk/X
 clkbuf_5_12__f_clk/X
 clkbuf_5_13__f_clk/X
 clkbuf_5_14__f_clk/X
 clkbuf_5_15__f_clk/X
 clkbuf_5_16__f_clk/X
 clkbuf_5_17__f_clk/X
 clkbuf_5_18__f_clk/X
 clkbuf_5_19__f_clk/X
 clkbuf_5_1__f_clk/X
 clkbuf_5_20__f_clk/X
 clkbuf_5_21__f_clk/X
 clkbuf_5_22__f_clk/X
 clkbuf_5_23__f_clk/X
 clkbuf_5_24__f_clk/X
 clkbuf_5_25__f_clk/X
 clkbuf_5_26__f_clk/X
 clkbuf_5_27__f_clk/X
 clkbuf_5_28__f_clk/X
 clkbuf_5_29__f_clk/X
 clkbuf_5_2__f_clk/X
 clkbuf_5_30__f_clk/X
 clkbuf_5_31__f_clk/X
 clkbuf_5_3__f_clk/X
 clkbuf_5_4__f_clk/X
 clkbuf_5_5__f_clk/X
 clkbuf_5_6__f_clk/X
 clkbuf_5_7__f_clk/X
 clkbuf_5_8__f_clk/X
 clkbuf_5_9__f_clk/X
 clkbuf_leaf_0_clk/X
 clkbuf_leaf_100_clk/X
 clkbuf_leaf_101_clk/X
 clkbuf_leaf_102_clk/X
 clkbuf_leaf_103_clk/X
 clkbuf_leaf_104_clk/X
 clkbuf_leaf_105_clk/X
 clkbuf_leaf_106_clk/X
 clkbuf_leaf_107_clk/X
 clkbuf_leaf_108_clk/X
 clkbuf_leaf_109_clk/X
 clkbuf_leaf_10_clk/X
 clkbuf_leaf_110_clk/X
 clkbuf_leaf_111_clk/X
 clkbuf_leaf_112_clk/X
 clkbuf_leaf_113_clk/X
 clkbuf_leaf_114_clk/X
 clkbuf_leaf_115_clk/X
 clkbuf_leaf_116_clk/X
 clkbuf_leaf_117_clk/X
 clkbuf_leaf_118_clk/X
 clkbuf_leaf_119_clk/X
 clkbuf_leaf_11_clk/X
 clkbuf_leaf_120_clk/X
 clkbuf_leaf_121_clk/X
 clkbuf_leaf_122_clk/X
 clkbuf_leaf_123_clk/X
 clkbuf_leaf_124_clk/X
 clkbuf_leaf_125_clk/X
 clkbuf_leaf_126_clk/X
 clkbuf_leaf_127_clk/X
 clkbuf_leaf_128_clk/X
 clkbuf_leaf_129_clk/X
 clkbuf_leaf_12_clk/X
 clkbuf_leaf_130_clk/X
 clkbuf_leaf_131_clk/X
 clkbuf_leaf_132_clk/X
 clkbuf_leaf_133_clk/X
 clkbuf_leaf_134_clk/X
 clkbuf_leaf_135_clk/X
 clkbuf_leaf_136_clk/X
 clkbuf_leaf_137_clk/X
 clkbuf_leaf_138_clk/X
 clkbuf_leaf_139_clk/X
 clkbuf_leaf_13_clk/X
 clkbuf_leaf_140_clk/X
 clkbuf_leaf_141_clk/X
 clkbuf_leaf_142_clk/X
 clkbuf_leaf_143_clk/X
 clkbuf_leaf_144_clk/X
 clkbuf_leaf_145_clk/X
 clkbuf_leaf_146_clk/X
 clkbuf_leaf_147_clk/X
 clkbuf_leaf_148_clk/X
 clkbuf_leaf_149_clk/X
 clkbuf_leaf_14_clk/X
 clkbuf_leaf_150_clk/X
 clkbuf_leaf_151_clk/X
 clkbuf_leaf_152_clk/X
 clkbuf_leaf_153_clk/X
 clkbuf_leaf_154_clk/X
 clkbuf_leaf_155_clk/X
 clkbuf_leaf_156_clk/X
 clkbuf_leaf_157_clk/X
 clkbuf_leaf_158_clk/X
 clkbuf_leaf_159_clk/X
 clkbuf_leaf_15_clk/X
 clkbuf_leaf_160_clk/X
 clkbuf_leaf_161_clk/X
 clkbuf_leaf_162_clk/X
 clkbuf_leaf_163_clk/X
 clkbuf_leaf_164_clk/X
 clkbuf_leaf_165_clk/X
 clkbuf_leaf_166_clk/X
 clkbuf_leaf_167_clk/X
 clkbuf_leaf_168_clk/X
 clkbuf_leaf_169_clk/X
 clkbuf_leaf_16_clk/X
 clkbuf_leaf_170_clk/X
 clkbuf_leaf_171_clk/X
 clkbuf_leaf_172_clk/X
 clkbuf_leaf_173_clk/X
 clkbuf_leaf_174_clk/X
 clkbuf_leaf_175_clk/X
 clkbuf_leaf_176_clk/X
 clkbuf_leaf_177_clk/X
 clkbuf_leaf_178_clk/X
 clkbuf_leaf_179_clk/X
 clkbuf_leaf_17_clk/X
 clkbuf_leaf_180_clk/X
 clkbuf_leaf_181_clk/X
 clkbuf_leaf_182_clk/X
 clkbuf_leaf_183_clk/X
 clkbuf_leaf_184_clk/X
 clkbuf_leaf_185_clk/X
 clkbuf_leaf_186_clk/X
 clkbuf_leaf_187_clk/X
 clkbuf_leaf_188_clk/X
 clkbuf_leaf_189_clk/X
 clkbuf_leaf_18_clk/X
 clkbuf_leaf_190_clk/X
 clkbuf_leaf_191_clk/X
 clkbuf_leaf_192_clk/X
 clkbuf_leaf_193_clk/X
 clkbuf_leaf_194_clk/X
 clkbuf_leaf_195_clk/X
 clkbuf_leaf_196_clk/X
 clkbuf_leaf_197_clk/X
 clkbuf_leaf_198_clk/X
 clkbuf_leaf_199_clk/X
 clkbuf_leaf_19_clk/X
 clkbuf_leaf_1_clk/X
 clkbuf_leaf_200_clk/X
 clkbuf_leaf_201_clk/X
 clkbuf_leaf_202_clk/X
 clkbuf_leaf_203_clk/X
 clkbuf_leaf_204_clk/X
 clkbuf_leaf_205_clk/X
 clkbuf_leaf_206_clk/X
 clkbuf_leaf_207_clk/X
 clkbuf_leaf_208_clk/X
 clkbuf_leaf_209_clk/X
 clkbuf_leaf_20_clk/X
 clkbuf_leaf_210_clk/X
 clkbuf_leaf_211_clk/X
 clkbuf_leaf_212_clk/X
 clkbuf_leaf_213_clk/X
 clkbuf_leaf_214_clk/X
 clkbuf_leaf_215_clk/X
 clkbuf_leaf_216_clk/X
 clkbuf_leaf_217_clk/X
 clkbuf_leaf_218_clk/X
 clkbuf_leaf_219_clk/X
 clkbuf_leaf_21_clk/X
 clkbuf_leaf_220_clk/X
 clkbuf_leaf_221_clk/X
 clkbuf_leaf_222_clk/X
 clkbuf_leaf_223_clk/X
 clkbuf_leaf_224_clk/X
 clkbuf_leaf_225_clk/X
 clkbuf_leaf_226_clk/X
 clkbuf_leaf_227_clk/X
 clkbuf_leaf_228_clk/X
 clkbuf_leaf_229_clk/X
 clkbuf_leaf_22_clk/X
 clkbuf_leaf_230_clk/X
 clkbuf_leaf_231_clk/X
 clkbuf_leaf_232_clk/X
 clkbuf_leaf_233_clk/X
 clkbuf_leaf_235_clk/X
 clkbuf_leaf_236_clk/X
 clkbuf_leaf_237_clk/X
 clkbuf_leaf_238_clk/X
 clkbuf_leaf_239_clk/X
 clkbuf_leaf_23_clk/X
 clkbuf_leaf_240_clk/X
 clkbuf_leaf_241_clk/X
 clkbuf_leaf_242_clk/X
 clkbuf_leaf_243_clk/X
 clkbuf_leaf_244_clk/X
 clkbuf_leaf_245_clk/X
 clkbuf_leaf_246_clk/X
 clkbuf_leaf_247_clk/X
 clkbuf_leaf_248_clk/X
 clkbuf_leaf_249_clk/X
 clkbuf_leaf_24_clk/X
 clkbuf_leaf_250_clk/X
 clkbuf_leaf_251_clk/X
 clkbuf_leaf_252_clk/X
 clkbuf_leaf_253_clk/X
 clkbuf_leaf_254_clk/X
 clkbuf_leaf_255_clk/X
 clkbuf_leaf_256_clk/X
 clkbuf_leaf_257_clk/X
 clkbuf_leaf_258_clk/X
 clkbuf_leaf_259_clk/X
 clkbuf_leaf_25_clk/X
 clkbuf_leaf_260_clk/X
 clkbuf_leaf_261_clk/X
 clkbuf_leaf_262_clk/X
 clkbuf_leaf_263_clk/X
 clkbuf_leaf_264_clk/X
 clkbuf_leaf_265_clk/X
 clkbuf_leaf_266_clk/X
 clkbuf_leaf_267_clk/X
 clkbuf_leaf_268_clk/X
 clkbuf_leaf_269_clk/X
 clkbuf_leaf_26_clk/X
 clkbuf_leaf_270_clk/X
 clkbuf_leaf_271_clk/X
 clkbuf_leaf_272_clk/X
 clkbuf_leaf_273_clk/X
 clkbuf_leaf_274_clk/X
 clkbuf_leaf_275_clk/X
 clkbuf_leaf_276_clk/X
 clkbuf_leaf_278_clk/X
 clkbuf_leaf_279_clk/X
 clkbuf_leaf_27_clk/X
 clkbuf_leaf_280_clk/X
 clkbuf_leaf_281_clk/X
 clkbuf_leaf_282_clk/X
 clkbuf_leaf_283_clk/X
 clkbuf_leaf_284_clk/X
 clkbuf_leaf_285_clk/X
 clkbuf_leaf_286_clk/X
 clkbuf_leaf_287_clk/X
 clkbuf_leaf_288_clk/X
 clkbuf_leaf_289_clk/X
 clkbuf_leaf_28_clk/X
 clkbuf_leaf_290_clk/X
 clkbuf_leaf_291_clk/X
 clkbuf_leaf_292_clk/X
 clkbuf_leaf_293_clk/X
 clkbuf_leaf_294_clk/X
 clkbuf_leaf_295_clk/X
 clkbuf_leaf_296_clk/X
 clkbuf_leaf_297_clk/X
 clkbuf_leaf_298_clk/X
 clkbuf_leaf_299_clk/X
 clkbuf_leaf_29_clk/X
 clkbuf_leaf_2_clk/X
 clkbuf_leaf_300_clk/X
 clkbuf_leaf_301_clk/X
 clkbuf_leaf_302_clk/X
 clkbuf_leaf_303_clk/X
 clkbuf_leaf_304_clk/X
 clkbuf_leaf_305_clk/X
 clkbuf_leaf_306_clk/X
 clkbuf_leaf_307_clk/X
 clkbuf_leaf_308_clk/X
 clkbuf_leaf_309_clk/X
 clkbuf_leaf_30_clk/X
 clkbuf_leaf_310_clk/X
 clkbuf_leaf_311_clk/X
 clkbuf_leaf_313_clk/X
 clkbuf_leaf_314_clk/X
 clkbuf_leaf_315_clk/X
 clkbuf_leaf_316_clk/X
 clkbuf_leaf_317_clk/X
 clkbuf_leaf_318_clk/X
 clkbuf_leaf_319_clk/X
 clkbuf_leaf_31_clk/X
 clkbuf_leaf_320_clk/X
 clkbuf_leaf_321_clk/X
 clkbuf_leaf_322_clk/X
 clkbuf_leaf_323_clk/X
 clkbuf_leaf_324_clk/X
 clkbuf_leaf_325_clk/X
 clkbuf_leaf_326_clk/X
 clkbuf_leaf_327_clk/X
 clkbuf_leaf_328_clk/X
 clkbuf_leaf_329_clk/X
 clkbuf_leaf_32_clk/X
 clkbuf_leaf_330_clk/X
 clkbuf_leaf_331_clk/X
 clkbuf_leaf_332_clk/X
 clkbuf_leaf_333_clk/X
 clkbuf_leaf_334_clk/X
 clkbuf_leaf_335_clk/X
 clkbuf_leaf_336_clk/X
 clkbuf_leaf_337_clk/X
 clkbuf_leaf_338_clk/X
 clkbuf_leaf_339_clk/X
 clkbuf_leaf_33_clk/X
 clkbuf_leaf_340_clk/X
 clkbuf_leaf_341_clk/X
 clkbuf_leaf_342_clk/X
 clkbuf_leaf_343_clk/X
 clkbuf_leaf_344_clk/X
 clkbuf_leaf_345_clk/X
 clkbuf_leaf_346_clk/X
 clkbuf_leaf_347_clk/X
 clkbuf_leaf_348_clk/X
 clkbuf_leaf_349_clk/X
 clkbuf_leaf_34_clk/X
 clkbuf_leaf_350_clk/X
 clkbuf_leaf_351_clk/X
 clkbuf_leaf_352_clk/X
 clkbuf_leaf_353_clk/X
 clkbuf_leaf_354_clk/X
 clkbuf_leaf_355_clk/X
 clkbuf_leaf_356_clk/X
 clkbuf_leaf_357_clk/X
 clkbuf_leaf_358_clk/X
 clkbuf_leaf_359_clk/X
 clkbuf_leaf_35_clk/X
 clkbuf_leaf_360_clk/X
 clkbuf_leaf_361_clk/X
 clkbuf_leaf_362_clk/X
 clkbuf_leaf_363_clk/X
 clkbuf_leaf_364_clk/X
 clkbuf_leaf_365_clk/X
 clkbuf_leaf_366_clk/X
 clkbuf_leaf_367_clk/X
 clkbuf_leaf_36_clk/X
 clkbuf_leaf_37_clk/X
 clkbuf_leaf_38_clk/X
 clkbuf_leaf_39_clk/X
 clkbuf_leaf_3_clk/X
 clkbuf_leaf_40_clk/X
 clkbuf_leaf_41_clk/X
 clkbuf_leaf_42_clk/X
 clkbuf_leaf_43_clk/X
 clkbuf_leaf_44_clk/X
 clkbuf_leaf_45_clk/X
 clkbuf_leaf_46_clk/X
 clkbuf_leaf_47_clk/X
 clkbuf_leaf_48_clk/X
 clkbuf_leaf_49_clk/X
 clkbuf_leaf_4_clk/X
 clkbuf_leaf_50_clk/X
 clkbuf_leaf_51_clk/X
 clkbuf_leaf_52_clk/X
 clkbuf_leaf_53_clk/X
 clkbuf_leaf_54_clk/X
 clkbuf_leaf_55_clk/X
 clkbuf_leaf_56_clk/X
 clkbuf_leaf_57_clk/X
 clkbuf_leaf_58_clk/X
 clkbuf_leaf_59_clk/X
 clkbuf_leaf_5_clk/X
 clkbuf_leaf_60_clk/X
 clkbuf_leaf_61_clk/X
 clkbuf_leaf_62_clk/X
 clkbuf_leaf_63_clk/X
 clkbuf_leaf_64_clk/X
 clkbuf_leaf_65_clk/X
 clkbuf_leaf_66_clk/X
 clkbuf_leaf_67_clk/X
 clkbuf_leaf_68_clk/X
 clkbuf_leaf_69_clk/X
 clkbuf_leaf_6_clk/X
 clkbuf_leaf_70_clk/X
 clkbuf_leaf_71_clk/X
 clkbuf_leaf_72_clk/X
 clkbuf_leaf_73_clk/X
 clkbuf_leaf_74_clk/X
 clkbuf_leaf_75_clk/X
 clkbuf_leaf_76_clk/X
 clkbuf_leaf_77_clk/X
 clkbuf_leaf_78_clk/X
 clkbuf_leaf_79_clk/X
 clkbuf_leaf_7_clk/X
 clkbuf_leaf_80_clk/X
 clkbuf_leaf_81_clk/X
 clkbuf_leaf_82_clk/X
 clkbuf_leaf_83_clk/X
 clkbuf_leaf_84_clk/X
 clkbuf_leaf_85_clk/X
 clkbuf_leaf_86_clk/X
 clkbuf_leaf_87_clk/X
 clkbuf_leaf_88_clk/X
 clkbuf_leaf_89_clk/X
 clkbuf_leaf_8_clk/X
 clkbuf_leaf_90_clk/X
 clkbuf_leaf_91_clk/X
 clkbuf_leaf_92_clk/X
 clkbuf_leaf_93_clk/X
 clkbuf_leaf_94_clk/X
 clkbuf_leaf_95_clk/X
 clkbuf_leaf_96_clk/X
 clkbuf_leaf_97_clk/X
 clkbuf_leaf_98_clk/X
 clkbuf_leaf_99_clk/X
 clkbuf_leaf_9_clk/X
 input1/X
 input2/X
 output3/X
 wire4/X
 wire5/X
Found 0 partially unannotated drivers.

===========================================================================
max slew violation count 0
max fanout violation count 0
max cap violation count 0
============================================================================

===========================================================================
check_setup -verbose -unconstrained_endpoints -multiple_clock -no_clock -no_input_delay -loops -generated_clocks
===========================================================================
